=== MakroTV APK rebuild ===
Origem:  http://appstop.site/makrotv/api/
Destino: https://makrotv.vercel.app/makrotv/api/
Entrada: makrotv.apk
[1/5] apktool decode
I: Using Apktool 2.7.0-dirty on makrotv.apk
I: Loading resource table...
I: Decoding AndroidManifest.xml with resources...
I: Loading resource table from file: /home/runner/.local/share/apktool/framework/1.apk
I: Regular manifest package...
I: Decoding file-resources...
I: Decoding values */* XMLs...
I: Baksmaling classes.dex...
I: Baksmaling classes2.dex...
I: Baksmaling assets/audience_network.dex...
I: Copying assets and libs...
I: Copying unknown files...
I: Copying original files...
[2/5] patch smali/XML and remove testOnly
Arquivos alterados: 1; ocorrências antigas: 2
[3/5] apktool build
I: Using Apktool 2.7.0-dirty
I: Checking whether sources has changed...
I: Smaling smali folder into classes.dex...
I: Checking whether sources has changed...
I: Smaling smali_assets folder into assets.dex...
I: Checking whether sources has changed...
I: Smaling smali_classes2 folder into classes2.dex...
I: Checking whether resources has changed...
I: Building resources...
W: aapt: brut.common.BrutException: brut.common.BrutException: Could not extract resource: /prebuilt/linux/aapt_64 (defaulting to $PATH binary)
W: First type is not attr!
W: 09-25 07:54:44.368  3584  3584 F aapt    : First type is not attr!
brut.androlib.AndrolibException: brut.common.BrutException: could not exec (exit code = 134): [aapt, p, --min-sdk-version, 17, --target-sdk-version, 30, --version-code, 309, --version-name, 3.0.9.1, --no-version-vectors, -F, /tmp/APKTOOL11865334151549316197.tmp, -0, resources.arsc, -0, png, -0, jpg, -0, gif, -0, webp, -0, ogg, -0, arsc, -I, /home/runner/.local/share/apktool/framework/1.apk, -S, /tmp/makrotv-patch.GPDcLW/app/res, -M, /tmp/makrotv-patch.GPDcLW/app/AndroidManifest.xml]
Aviso: build padrão falhou; tentando com --use-aapt2
I: Using Apktool 2.7.0-dirty
I: Checking whether sources has changed...
I: Checking whether sources has changed...
I: Checking whether sources has changed...
I: Checking whether resources has changed...
I: Building resources...
W: aapt: brut.common.BrutException: brut.common.BrutException: Could not extract resource: /prebuilt/linux/aapt2_64 (defaulting to $PATH binary)
W: error: string too large to encode using UTF-8 written instead as 'STRING_TOO_LARGE'.
I: Copying libs... (/lib)
I: Copying libs... (/kotlin)
I: Building apk file...
I: Copying unknown files/dir...
I: Built apk into: apk-patched/makrotv-patched-unsigned.apk
[4/5] zipalign (before signing)
Verifying alignment of /tmp/makrotv-patch.GPDcLW/makrotv-patched-aligned.apk (4)...
      42 classes2.dex (OK - compressed)
  534975 lib/armeabi/libyuv.so (OK - compressed)
  595169 lib/armeabi/libijkplayer.so (OK - compressed)
  737980 lib/armeabi/libijkffmpeg.so (OK - compressed)
 6545196 lib/armeabi/libvpxJNI.so (OK - compressed)
 6634110 lib/armeabi/libijksdl.so (OK - compressed)
 6724339 lib/armeabi/libvpx.so (OK - compressed)
 6855593 lib/armeabi-v7a/libyuv.so (OK - compressed)
 6911149 lib/armeabi-v7a/libjbcrypto.so (OK - compressed)
 6918254 lib/armeabi-v7a/librealm-jni.so (OK - compressed)
 7710028 lib/armeabi-v7a/libovpn3.so (OK - compressed)
 9451617 lib/armeabi-v7a/libavutil.so (OK - compressed)
 9661305 lib/armeabi-v7a/libijkplayer.so (OK - compressed)
 9800266 lib/armeabi-v7a/libpl_droidsonroids_gif.so (OK - compressed)
 9822484 lib/armeabi-v7a/libovpnexec.so (OK - compressed)
 9823944 lib/armeabi-v7a/libavcodec.so (OK - compressed)
10530391 lib/armeabi-v7a/libijkffmpeg.so (OK - compressed)
15753044 lib/armeabi-v7a/libffmpeg.so (OK - compressed)
15760819 lib/armeabi-v7a/libavresample.so (OK - compressed)
15793676 lib/armeabi-v7a/libvpxJNI.so (OK - compressed)
15878966 lib/armeabi-v7a/libijksdl.so (OK - compressed)
15977099 lib/armeabi-v7a/libopvpnutil.so (OK - compressed)
15984442 lib/armeabi-v7a/libosslspeedtest.so (OK - compressed)
16857643 lib/armeabi-v7a/libvpx.so (OK - compressed)
17013381 lib/armeabi-v7a/libopenvpn.so (OK - compressed)
18360737 lib/mips/libyuv.so (OK - compressed)
18429366 lib/mips/librealm-jni.so (OK - compressed)
19565304 lib/mips/libvpxJNI.so (OK - compressed)
19675004 lib/mips/libvpx.so (OK - compressed)
19821332 lib/arm64-v8a/libyuv.so (OK - compressed)
19921222 lib/arm64-v8a/libjbcrypto.so (OK - compressed)
19923846 lib/arm64-v8a/librealm-jni.so (OK - compressed)
20897637 lib/arm64-v8a/libovpn3.so (OK - compressed)
22981030 lib/arm64-v8a/libavutil.so (OK - compressed)
23155866 lib/arm64-v8a/libijkplayer.so (OK - compressed)
23307777 lib/arm64-v8a/libpl_droidsonroids_gif.so (OK - compressed)
23326626 lib/arm64-v8a/libovpnexec.so (OK - compressed)
23328130 lib/arm64-v8a/libavcodec.so (OK - compressed)
23998329 lib/arm64-v8a/libijkffmpeg.so (OK - compressed)
29555240 lib/arm64-v8a/libffmpeg.so (OK - compressed)
29560006 lib/arm64-v8a/libavresample.so (OK - compressed)
29587683 lib/arm64-v8a/libvpxJNI.so (OK - compressed)
29724708 lib/arm64-v8a/libijksdl.so (OK - compressed)
29917105 lib/arm64-v8a/libopvpnutil.so (OK - compressed)
29919935 lib/arm64-v8a/libosslspeedtest.so (OK - compressed)
30941312 lib/arm64-v8a/libvpx.so (OK - compressed)
31102574 lib/arm64-v8a/libopenvpn.so (OK - compressed)
32700260 AndroidManifest.xml (OK - compressed)
32709164 resources.arsc (OK)
36127117 classes.dex (OK - compressed)
39638604 assets.dex (OK - compressed)
41220247 kotlin/kotlin.kotlin_builtins (OK - compressed)
41224357 kotlin/ranges/ranges.kotlin_builtins (OK - compressed)
41225405 kotlin/collections/collections.kotlin_builtins (OK - compressed)
41227016 kotlin/coroutines/coroutines.kotlin_builtins (OK - compressed)
41227257 kotlin/reflect/reflect.kotlin_builtins (OK - compressed)
41229611 kotlin/annotation/annotation.kotlin_builtins (OK - compressed)
41230256 kotlin/internal/internal.kotlin_builtins (OK - compressed)
41230820 res/drawable-ldrtl-xhdpi-v4/abc_spinner_mtrl_am_alpha.9.png (OK)
41231332 res/drawable-ldrtl-xhdpi-v4/abc_ic_menu_copy_mtrl_am_alpha.png (OK)
41231652 res/drawable-ldrtl-xhdpi-v4/abc_ic_menu_cut_mtrl_alpha.png (OK)
41232238 res/layout-large-land-v21/honey_player_testing.xml (OK - compressed)
41236688 res/layout-large-land-v21/honey_player_epg.xml (OK - compressed)
41241625 res/layout-large-land-v21/activity_series_all_data_single.xml (OK - compressed)
41243644 res/layout-large-land-v21/honey_player_live.xml (OK - compressed)
41248473 res/layout-large-land-v21/honey_player_live_tv.xml (OK - compressed)
41253234 res/transition-v19/lb_browse_headers_out.xml (OK - compressed)
41253711 res/transition-v19/lb_browse_headers_in.xml (OK - compressed)
41254192 res/layout-sw720dp-land-v13/activity_profile.xml (OK - compressed)
41255709 res/layout-sw720dp-land-v13/activity_view_details.xml (OK - compressed)
41258957 res/layout-sw720dp-land-v13/nst_multi_player_1.xml (OK - compressed)
41263604 res/layout-sw720dp-land-v13/activity_seasons_activitiy.xml (OK - compressed)
41265141 res/layout-sw720dp-land-v13/fragment_live_streams.xml (OK - compressed)
41266037 res/layout-sw720dp-land-v13/playera_add_alert_box.xml (OK - compressed)
41267254 res/layout-sw720dp-land-v13/activity_import_epg_new.xml (OK - compressed)
41268821 res/layout-sw720dp-land-v13/activity_parental_control_activitity.xml (OK - compressed)
41270207 res/layout-sw720dp-land-v13/series_all_data_right_adapter.xml (OK - compressed)
41271567 res/layout-sw720dp-land-v13/activity_settings.xml (OK - compressed)
41274756 res/layout-sw720dp-land-v13/episode_grid_layout.xml (OK - compressed)
41276893 res/layout-sw720dp-land-v13/activity_cancel_invoice.xml (OK - compressed)
41278130 res/layout-sw720dp-land-v13/activity_vod_new_flow_subcategories.xml (OK - compressed)
41279619 res/layout-sw720dp-land-v13/vod_grid_layout.xml (OK - compressed)
41280839 res/layout-sw720dp-land-v13/activity_view_ticket.xml (OK - compressed)
41282228 res/layout-sw720dp-land-v13/directory_listview.xml (OK - compressed)
41282847 res/layout-sw720dp-land-v13/activity_view_details_m3u.xml (OK - compressed)
41285881 res/layout-sw720dp-land-v13/fragment_new_epg_streams.xml (OK - compressed)
41287738 res/layout-sw720dp-land-v13/nst_player_epg.xml (OK - compressed)
41291119 res/layout-sw720dp-land-v13/custom_permission_layout.xml (OK - compressed)
41292120 res/layout-sw720dp-land-v13/single_stream_pop_up_window.xml (OK - compressed)
41293191 res/layout-sw720dp-land-v13/layout_genre_details.xml (OK - compressed)
41294473 res/layout-sw720dp-land-v13/categories_popup.xml (OK - compressed)
41296069 res/layout-sw720dp-land-v13/nst_player_archive.xml (OK - compressed)
41298623 res/layout-sw720dp-land-v13/new_dashboard_layout_without_freetrail.xml (OK - compressed)
41302974 res/layout-sw720dp-land-v13/activity_stream_format.xml (OK - compressed)
41304913 res/layout-sw720dp-land-v13/progress_dialog.xml (OK - compressed)
41305345 res/layout-sw720dp-land-v13/activity_series_detail_m3u.xml (OK - compressed)
41308307 res/layout-sw720dp-land-v13/activity_view_cast_details.xml (OK - compressed)
41310689 res/layout-sw720dp-land-v13/nst_exo_player_vod.xml (OK - compressed)
41312202 res/layout-sw720dp-land-v13/custom_dashboard_unlock_features.xml (OK - compressed)
41313204 res/layout-sw720dp-land-v13/live_streams_epg_layout.xml (OK - compressed)
41314177 res/layout-sw720dp-land-v13/nst_exo_player_sky.xml (OK - compressed)
41317640 res/layout-sw720dp-land-v13/layout_live_new_flow_list_item.xml (OK - compressed)
41318675 res/layout-sw720dp-land-v13/activity_player_settings.xml (OK - compressed)
41320992 res/layout-sw720dp-land-v13/live_all_data_right_adapter_search.xml (OK - compressed)
41322216 res/layout-sw720dp-land-v13/select_dialog_item_folder_load_data_locally2.xml (OK - compressed)
41323040 res/layout-sw720dp-land-v13/honey_player_testing.xml (OK - compressed)
41327321 res/layout-sw720dp-land-v13/activity_search_lower_sdk.xml (OK - compressed)
41329390 res/layout-sw720dp-land-v13/activity_vlcplayer_sky_tv.xml (OK - compressed)
41332783 res/layout-sw720dp-land-v13/person_loading_view.xml (OK - compressed)
41333126 res/layout-sw720dp-land-v13/lb_search_fragment.xml (OK - compressed)
41333524 res/layout-sw720dp-land-v13/activity_app_in_purchase.xml (OK - compressed)
41337334 res/layout-sw720dp-land-v13/fragment_new_epg_exo.xml (OK - compressed)
41339262 res/layout-sw720dp-land-v13/inbuilt_player_float_box.xml (OK - compressed)
41339560 res/layout-sw720dp-land-v13/activity_login_m3u.xml (OK - compressed)
41341696 res/layout-sw720dp-land-v13/screen_selector_popup.xml (OK - compressed)
41342539 res/layout-sw720dp-land-v13/custom_vpn_profile_layout.xml (OK - compressed)
41343673 res/layout-sw720dp-land-v13/nst_vlc_player_archive.xml (OK - compressed)
41347841 res/layout-sw720dp-land-v13/ad_unified_fb.xml (OK - compressed)
41349068 res/layout-sw720dp-land-v13/activity_terminated_service.xml (OK - compressed)
41349940 res/layout-sw720dp-land-v13/nst_multi_player_2.xml (OK - compressed)
41354594 res/layout-sw720dp-land-v13/activity_vlcplayer_multiplayer.xml (OK - compressed)
41355911 res/layout-sw720dp-land-v13/player_live_all_data_left_cat_adapter.xml (OK - compressed)
41356637 res/layout-sw720dp-land-v13/recording_list.xml (OK - compressed)
41357935 res/layout-sw720dp-land-v13/honey_player_epg.xml (OK - compressed)
41362621 res/layout-sw720dp-land-v13/activity_epg_categories_new_flow.xml (OK - compressed)
41364325 res/layout-sw720dp-land-v13/edit_epg_source_layout.xml (OK - compressed)
41366000 res/layout-sw720dp-land-v13/nst_vlc_player_vod_for_device_data.xml (OK - compressed)
41370765 res/layout-sw720dp-land-v13/activity_vlcplayer_multiplayer1.xml (OK - compressed)
41372171 res/layout-sw720dp-land-v13/activity_exoplayer_sky.xml (OK - compressed)
41375585 res/layout-sw720dp-land-v13/demo_pop_up.xml (OK - compressed)
41376984 res/layout-sw720dp-land-v13/activity_automation.xml (OK - compressed)
41379124 res/layout-sw720dp-land-v13/activity_speed_test.xml (OK - compressed)
41380570 res/layout-sw720dp-land-v13/channel_list.xml (OK - compressed)
41381918 res/layout-sw720dp-land-v13/activity_series_activty_new_flow.xml (OK - compressed)
41383468 res/layout-sw720dp-land-v13/season_selector_popup.xml (OK - compressed)
41384552 res/layout-sw720dp-land-v13/activity_my_invoice.xml (OK - compressed)
41386635 res/layout-sw720dp-land-v13/activity_multi_user.xml (OK - compressed)
41388559 res/layout-sw720dp-land-v13/ticket_message_custom_layout.xml (OK - compressed)
41389606 res/layout-sw720dp-land-v13/nst_multi_player_4.xml (OK - compressed)
41394245 res/layout-sw720dp-land-v13/activity_new_epg.xml (OK - compressed)
41396119 res/layout-sw720dp-land-v13/activity_refounded.xml (OK - compressed)
41397341 res/layout-sw720dp-land-v13/activity_vlcplayer_multiplayer3.xml (OK - compressed)
41398804 res/layout-sw720dp-land-v13/right_side_programs_search_adapter.xml (OK - compressed)
41399789 res/layout-sw720dp-land-v13/nst_player_activity.xml (OK - compressed)
41400818 res/layout-sw720dp-land-v13/download_running_popup.xml (OK - compressed)
41402055 res/layout-sw720dp-land-v13/activity_general_settings.xml (OK - compressed)
41404770 res/layout-sw720dp-land-v13/activity_announcements.xml (OK - compressed)
41406024 res/layout-sw720dp-land-v13/activity_vlcplayer_multiplayer5.xml (OK - compressed)
41407341 res/layout-sw720dp-land-v13/activity_routing.xml (OK - compressed)
41409271 res/layout-sw720dp-land-v13/vpn_disconnect_layout.xml (OK - compressed)
41410250 res/layout-sw720dp-land-v13/activity_free_trail.xml (OK - compressed)
41411152 res/layout-sw720dp-land-v13/custom_dashboard_not_downloaded_layout.xml (OK - compressed)
41412148 res/layout-sw720dp-land-v13/activity_vlcplayer_sky.xml (OK - compressed)
41415849 res/layout-sw720dp-land-v13/series_all_data_right_adapter_con_wat.xml (OK - compressed)
41417480 res/layout-sw720dp-land-v13/paid_list_layout.xml (OK - compressed)
41419013 res/layout-sw720dp-land-v13/activity_live_layout.xml (OK - compressed)
41420321 res/layout-sw720dp-land-v13/activity_tv_archive_new_flow_layout.xml (OK - compressed)
41422037 res/layout-sw720dp-land-v13/activity_vlcplayer_multiplayer2.xml (OK - compressed)
41423459 res/layout-sw720dp-land-v13/activity_vpnlogin.xml (OK - compressed)
41425332 res/layout-sw720dp-land-v13/layout_channels_on_video.xml (OK - compressed)
41426640 res/layout-sw720dp-land-v13/activity_active_service.xml (OK - compressed)
41427522 res/layout-sw720dp-land-v13/activity_tv_archive_new_flow.xml (OK - compressed)
41429260 res/layout-sw720dp-land-v13/subtitle_popup_layout.xml (OK - compressed)
41430208 res/layout-sw720dp-land-v13/layout_resume_player.xml (OK - compressed)
41431586 res/layout-sw720dp-land-v13/activity_front_view.xml (OK - compressed)
41432758 res/layout-sw720dp-land-v13/layout_vod_new_flow_list_item.xml (OK - compressed)
41433788 res/layout-sw720dp-land-v13/activity_terms_condition_page.xml (OK - compressed)
41435076 res/layout-sw720dp-land-v13/activity_vlcplayer_multiplayer4.xml (OK - compressed)
41436479 res/layout-sw720dp-land-v13/inbuiltsmartersplayer_activity.xml (OK - compressed)
41436899 res/layout-sw720dp-land-v13/activity_showservice_information.xml (OK - compressed)
41438654 res/layout-sw720dp-land-v13/queue_activity.xml (OK - compressed)
41439304 res/layout-sw720dp-land-v13/appbar_common.xml (OK - compressed)
41440086 res/layout-sw720dp-land-v13/view_password_prompt.xml (OK - compressed)
41441574 res/layout-sw720dp-land-v13/activity_sub_archive.xml (OK - compressed)
41443440 res/layout-sw720dp-land-v13/edit_user_detail_confirmation_alert.xml (OK - compressed)
41444819 res/layout-sw720dp-land-v13/activity_time_format.xml (OK - compressed)
41446728 res/layout-sw720dp-land-v13/fragment_parental_control_setting.xml (OK - compressed)
41448286 res/layout-sw720dp-land-v13/all_services_adapter_custom_list_layout.xml (OK - compressed)
41449365 res/layout-sw720dp-land-v13/layout_announcements.xml (OK - compressed)
41450556 res/layout-sw720dp-land-v13/dissconnect_vpn_alert.xml (OK - compressed)
41451781 res/layout-sw720dp-land-v13/activity_vpn_conntected.xml (OK - compressed)
41453704 res/layout-sw720dp-land-v13/activity_paid_invoice2.xml (OK - compressed)
41454953 res/layout-sw720dp-land-v13/new_dashboard_layout_without_freetrail_xc106.xml (OK - compressed)
41457942 res/layout-sw720dp-land-v13/live_streams_grid_layout.xml (OK - compressed)
41459405 res/layout-sw720dp-land-v13/fragment_vod_subcategories.xml (OK - compressed)
41460346 res/layout-sw720dp-land-v13/activity_multi_setting_new.xml (OK - compressed)
41461573 res/layout-sw720dp-land-v13/delete_recording_popup.xml (OK - compressed)
41462822 res/layout-sw720dp-land-v13/custom_internet_not_working_layout.xml (OK - compressed)
41463856 res/layout-sw720dp-land-v13/custom_externalplayer_layout.xml (OK - compressed)
41464501 res/layout-sw720dp-land-v13/activity_settings_m3u.xml (OK - compressed)
41467699 res/layout-sw720dp-land-v13/launchvpn.xml (OK - compressed)
41468767 res/layout-sw720dp-land-v13/fragment_vod_streams.xml (OK - compressed)
41469527 res/layout-sw720dp-land-v13/activity_series_all_data_single.xml (OK - compressed)
41471760 res/layout-sw720dp-land-v13/activity_import_m3u.xml (OK - compressed)
41473156 res/layout-sw720dp-land-v13/ad_unified.xml (OK - compressed)
41474840 res/layout-sw720dp-land-v13/hp_subtitle_layout.xml (OK - compressed)
41476179 res/layout-sw720dp-land-v13/activity_splash.xml (OK - compressed)
41477213 res/layout-sw720dp-land-v13/edit_user_prompt.xml (OK - compressed)
41478607 res/layout-sw720dp-land-v13/fragment_recycler_list_view.xml (OK - compressed)
41478984 res/layout-sw720dp-land-v13/fragment_parental_cotrol.xml (OK - compressed)
41480228 res/layout-sw720dp-land-v13/layout_cast_details.xml (OK - compressed)
41481516 res/layout-sw720dp-land-v13/activity_import_vpn.xml (OK - compressed)
41483652 res/layout-sw720dp-land-v13/activity_my_favourite.xml (OK - compressed)
41485423 res/layout-sw720dp-land-v13/activity_routing_p.xml (OK - compressed)
41487246 res/layout-sw720dp-land-v13/replay_alertbox.xml (OK - compressed)
41488406 res/layout-sw720dp-land-v13/player_live_all_data_left_cat_adapter_player.xml (OK - compressed)
41489142 res/layout-sw720dp-land-v13/layout_authenticate_vpn.xml (OK - compressed)
41490691 res/layout-sw720dp-land-v13/live_all_data_channels_search_adapter.xml (OK - compressed)
41491890 res/layout-sw720dp-land-v13/list_devices_adapter.xml (OK - compressed)
41492705 res/layout-sw720dp-land-v13/activity_unpiad_invoice.xml (OK - compressed)
41493918 res/layout-sw720dp-land-v13/rate_us_alert_box.xml (OK - compressed)
41495146 res/layout-sw720dp-land-v13/nst_player_sky.xml (OK - compressed)
41499236 res/layout-sw720dp-land-v13/custom_forgot_password.xml (OK - compressed)
41500284 res/layout-sw720dp-land-v13/activity_tvarchive.xml (OK - compressed)
41501410 res/layout-sw720dp-land-v13/activity_my_ticket.xml (OK - compressed)
41502681 res/layout-sw720dp-land-v13/epg_sources_layout.xml (OK - compressed)
41504061 res/layout-sw720dp-land-v13/activity_rate_us.xml (OK - compressed)
41505563 res/layout-sw720dp-land-v13/activity_check_appupdate.xml (OK - compressed)
41507132 res/layout-sw720dp-land-v13/add_epg_source_layout.xml (OK - compressed)
41508304 res/layout-sw720dp-land-v13/nst_vlc_player.xml (OK - compressed)
41512929 res/layout-sw720dp-land-v13/activity_vod_new_flow.xml (OK - compressed)
41514766 res/layout-sw720dp-land-v13/usernam_password_worng_alert.xml (OK - compressed)
41516054 res/layout-sw720dp-land-v13/login_new.xml (OK - compressed)
41518017 res/layout-sw720dp-land-v13/fragment_search_field.xml (OK - compressed)
41518709 res/layout-sw720dp-land-v13/layout_multiuser_list_item.xml (OK - compressed)
41520245 res/layout-sw720dp-land-v13/layout_list_player.xml (OK - compressed)
41520753 res/layout-sw720dp-land-v13/series_all_data_left_adapter.xml (OK - compressed)
41521483 res/layout-sw720dp-land-v13/cast_grid_layout.xml (OK - compressed)
41522289 res/layout-sw720dp-land-v13/recording_popup.xml (OK - compressed)
41523786 res/layout-sw720dp-land-v13/activity_announcement_alert.xml (OK - compressed)
41524899 res/layout-sw720dp-land-v13/live_all_data_right_adapter.xml (OK - compressed)
41526099 res/layout-sw720dp-land-v13/live_sorting_layout.xml (OK - compressed)
41527389 res/layout-sw720dp-land-v13/activity_buy_now.xml (OK - compressed)
41527862 res/layout-sw720dp-land-v13/nst_player.xml (OK - compressed)
41531932 res/layout-sw720dp-land-v13/activity_series_detail.xml (OK - compressed)
41535403 res/layout-sw720dp-land-v13/ticket_list.xml (OK - compressed)
41536539 res/layout-sw720dp-land-v13/select_dialog_item_folder_load_data_locally.xml (OK - compressed)
41537359 res/layout-sw720dp-land-v13/honey_player_live.xml (OK - compressed)
41542162 res/layout-sw720dp-land-v13/layout_subcateories_cihild_list_item.xml (OK - compressed)
41543326 res/layout-sw720dp-land-v13/vod_linear_layout.xml (OK - compressed)
41544520 res/layout-sw720dp-land-v13/epg_m3u_popup.xml (OK - compressed)
41546165 res/layout-sw720dp-land-v13/activity_series_activit_new_flow_sub_cat.xml (OK - compressed)
41547588 res/layout-sw720dp-land-v13/custom_browser_not_supported.xml (OK - compressed)
41548679 res/layout-sw720dp-land-v13/activity_account_info.xml (OK - compressed)
41550750 res/layout-sw720dp-land-v13/sort_layout.xml (OK - compressed)
41551986 res/layout-sw720dp-land-v13/activity_invoice_paid_detail.xml (OK - compressed)
41552592 res/layout-sw720dp-land-v13/subtitle_layout.xml (OK - compressed)
41554427 res/layout-sw720dp-land-v13/activity_services_dashboard.xml (OK - compressed)
41557058 res/layout-sw720dp-land-v13/layout_progress_bar.xml (OK - compressed)
41557614 res/layout-sw720dp-land-v13/activity_cancelled_serivce.xml (OK - compressed)
41558492 res/layout-sw720dp-land-v13/activity_added_external_player.xml (OK - compressed)
41559894 res/layout-sw720dp-land-v13/activity_recording.xml (OK - compressed)
41561511 res/layout-sw720dp-land-v13/view_movie.xml (OK - compressed)
41562241 res/layout-sw720dp-land-v13/honey_player_live_tv.xml (OK - compressed)
41566975 res/layout-sw720dp-land-v13/view_password_verification.xml (OK - compressed)
41568444 res/layout-sw720dp-land-v13/activity_episode_detail.xml (OK - compressed)
41569930 res/layout-sw720dp-land-v13/new_dashboard_layout.xml (OK - compressed)
41573894 res/layout-sw720dp-land-v13/layout_multiuser_list_item_p.xml (OK - compressed)
41575434 res/layout-sw720dp-land-v13/auto_play_popup_layout.xml (OK - compressed)
41576677 res/layout-sw720dp-land-v13/activity_epgchannel_update.xml (OK - compressed)
41578619 res/layout-sw720dp-land-v13/player_live_all_data_left_channel_adapter.xml (OK - compressed)
41579876 res/layout-sw720dp-land-v13/activity_pending_service.xml (OK - compressed)
41580753 res/layout-sw720dp-land-v13/seasons_button_layout.xml (OK - compressed)
41581325 res/layout-sw720dp-land-v13/nst_vlc_player_vod.xml (OK - compressed)
41586066 res/layout-sw720dp-land-v13/activity_screen_type_settings.xml (OK - compressed)
41588058 res/layout-sw720dp-land-v13/nst_player_vod.xml (OK - compressed)
41591686 res/layout-sw720dp-land-v13/start_download_dialog.xml (OK - compressed)
41591995 res/layout-sw720dp-land-v13/custom_screen_size_popup_layout.xml (OK - compressed)
41593350 res/layout-sw720dp-land-v13/live_streams_linear_layout.xml (OK - compressed)
41594850 res/layout-sw720dp-land-v13/activity_series_layout.xml (OK - compressed)
41596212 res/layout-sw720dp-land-v13/queue_row.xml (OK - compressed)
41597422 res/layout-sw720dp-land-v13/activity_fraud_service.xml (OK - compressed)
41598287 res/layout-sw720dp-land-v13/activity_player_selection.xml (OK - compressed)
41600706 res/layout-sw720dp-land-v13/custom_list_devices_layout.xml (OK - compressed)
41601677 res/layout-sw720dp-land-v13/activity_search.xml (OK - compressed)
41603658 res/layout-sw720dp-land-v13/activity_open_ticket.xml (OK - compressed)
41605409 res/layout-sw720dp-land-v13/layout_movies_on_video.xml (OK - compressed)
41606706 res/layout-sw720dp-land-v13/epg_edit_m3u_popup.xml (OK - compressed)
41608329 res/layout-sw720dp-land-v13/custom_alert_layout.xml (OK - compressed)
41609330 res/layout-sw720dp-land-v13/nst_vlc_player_epg.xml (OK - compressed)
41613926 res/layout-sw720dp-land-v13/edit_m3u_user_prompt.xml (OK - compressed)
41615855 res/layout-sw720dp-land-v13/activity_vod_layout.xml (OK - compressed)
41617429 res/layout-sw720dp-land-v13/activity_epgtime_shift.xml (OK - compressed)
41619431 res/layout-sw720dp-land-v13/activity_live_new_flow.xml (OK - compressed)
41621160 res/layout-sw720dp-land-v13/activity_vlcplayer_epg.xml (OK - compressed)
41625731 res/layout-sw720dp-land-v13/activity_epg_settings.xml (OK - compressed)
41628592 res/layout-sw720dp-land-v13/activity_my_serivces_activiy.xml (OK - compressed)
41631108 res/layout-sw720dp-land-v13/layout_movie_trailer.xml (OK - compressed)
41632399 res/layout-sw720dp-land-v13/activity_suspended_service.xml (OK - compressed)
41633267 res/layout-sw720dp-land-v13/nst_multi_player_3.xml (OK - compressed)
41637911 res/layout-sw720dp-land-v13/permission_alertbox.xml (OK - compressed)
41639154 res/layout-sw720dp-land-v13/activity_external_player.xml (OK - compressed)
41640331 res/transition-v21/lb_browse_entrance_transition.xml (OK - compressed)
41640691 res/transition-v21/lb_browse_headers_out.xml (OK - compressed)
41641178 res/transition-v21/lb_enter_transition.xml (OK - compressed)
41641522 res/transition-v21/lb_shared_element_enter_transition.xml (OK - compressed)
41641920 res/transition-v21/lb_browse_return_transition.xml (OK - compressed)
41642421 res/transition-v21/lb_details_enter_transition.xml (OK - compressed)
41643022 res/transition-v21/lb_return_transition.xml (OK - compressed)
41643366 res/transition-v21/lb_vertical_grid_return_transition.xml (OK - compressed)
41643806 res/transition-v21/lb_browse_enter_transition.xml (OK - compressed)
41644116 res/transition-v21/lb_details_return_transition.xml (OK - compressed)
41644729 res/transition-v21/lb_vertical_grid_entrance_transition.xml (OK - compressed)
41645053 res/transition-v21/lb_browse_headers_in.xml (OK - compressed)
41645551 res/transition-v21/lb_guidedstep_activity_enter.xml (OK - compressed)
41646132 res/transition-v21/lb_guidedstep_activity_enter_bottom.xml (OK - compressed)
41646527 res/transition-v21/lb_shared_element_return_transition.xml (OK - compressed)
41646896 res/transition-v21/lb_title_out.xml (OK - compressed)
41647314 res/transition-v21/lb_title_in.xml (OK - compressed)
41647754 res/transition-v21/lb_vertical_grid_enter_transition.xml (OK - compressed)
41648056 res/layout-sw720dp-v13/activity_profile.xml (OK - compressed)
41649568 res/layout-sw720dp-v13/activity_view_details.xml (OK - compressed)
41652811 res/layout-sw720dp-v13/nst_multi_player_1.xml (OK - compressed)
41657453 res/layout-sw720dp-v13/activity_seasons_activitiy.xml (OK - compressed)
41658985 res/layout-sw720dp-v13/fragment_live_streams.xml (OK - compressed)
41659876 res/layout-sw720dp-v13/playera_add_alert_box.xml (OK - compressed)
41661088 res/layout-sw720dp-v13/activity_import_epg_new.xml (OK - compressed)
41662650 res/layout-sw720dp-v13/activity_parental_control_activitity.xml (OK - compressed)
41664031 res/layout-sw720dp-v13/series_all_data_right_adapter.xml (OK - compressed)
41665386 res/layout-sw720dp-v13/activity_settings.xml (OK - compressed)
41668570 res/layout-sw720dp-v13/episode_grid_layout.xml (OK - compressed)
41670702 res/layout-sw720dp-v13/activity_cancel_invoice.xml (OK - compressed)
41671934 res/layout-sw720dp-v13/activity_vod_new_flow_subcategories.xml (OK - compressed)
41673418 res/layout-sw720dp-v13/vod_grid_layout.xml (OK - compressed)
41674633 res/layout-sw720dp-v13/activity_view_ticket.xml (OK - compressed)
41676017 res/layout-sw720dp-v13/directory_listview.xml (OK - compressed)
41676631 res/layout-sw720dp-v13/activity_view_details_m3u.xml (OK - compressed)
41679660 res/layout-sw720dp-v13/fragment_new_epg_streams.xml (OK - compressed)
41681512 res/layout-sw720dp-v13/nst_player_epg.xml (OK - compressed)
41684888 res/layout-sw720dp-v13/custom_permission_layout.xml (OK - compressed)
41685884 res/layout-sw720dp-v13/single_stream_pop_up_window.xml (OK - compressed)
41686950 res/layout-sw720dp-v13/layout_genre_details.xml (OK - compressed)
41688227 res/layout-sw720dp-v13/categories_popup.xml (OK - compressed)
41689818 res/layout-sw720dp-v13/nst_player_archive.xml (OK - compressed)
41692367 res/layout-sw720dp-v13/new_dashboard_layout_without_freetrail.xml (OK - compressed)
41696713 res/layout-sw720dp-v13/activity_stream_format.xml (OK - compressed)
41698647 res/layout-sw720dp-v13/progress_dialog.xml (OK - compressed)
41699074 res/layout-sw720dp-v13/activity_series_detail_m3u.xml (OK - compressed)
41702031 res/layout-sw720dp-v13/activity_view_cast_details.xml (OK - compressed)
41704408 res/layout-sw720dp-v13/nst_exo_player_vod.xml (OK - compressed)
41705916 res/layout-sw720dp-v13/custom_dashboard_unlock_features.xml (OK - compressed)
41706913 res/layout-sw720dp-v13/live_streams_epg_layout.xml (OK - compressed)
41707881 res/layout-sw720dp-v13/nst_exo_player_sky.xml (OK - compressed)
41711339 res/layout-sw720dp-v13/layout_live_new_flow_list_item.xml (OK - compressed)
41712369 res/layout-sw720dp-v13/activity_player_settings.xml (OK - compressed)
41714681 res/layout-sw720dp-v13/live_all_data_right_adapter_search.xml (OK - compressed)
41715900 res/layout-sw720dp-v13/select_dialog_item_folder_load_data_locally2.xml (OK - compressed)
41716719 res/layout-sw720dp-v13/honey_player_testing.xml (OK - compressed)
41720995 res/layout-sw720dp-v13/activity_search_lower_sdk.xml (OK - compressed)
41723059 res/layout-sw720dp-v13/activity_vlcplayer_sky_tv.xml (OK - compressed)
41726447 res/layout-sw720dp-v13/person_loading_view.xml (OK - compressed)
41726785 res/layout-sw720dp-v13/lb_search_fragment.xml (OK - compressed)
41727178 res/layout-sw720dp-v13/activity_app_in_purchase.xml (OK - compressed)
41730983 res/layout-sw720dp-v13/fragment_new_epg_exo.xml (OK - compressed)
41732906 res/layout-sw720dp-v13/inbuilt_player_float_box.xml (OK - compressed)
41733199 res/layout-sw720dp-v13/activity_login_m3u.xml (OK - compressed)
41735330 res/layout-sw720dp-v13/screen_selector_popup.xml (OK - compressed)
41736168 res/layout-sw720dp-v13/custom_vpn_profile_layout.xml (OK - compressed)
41737297 res/layout-sw720dp-v13/nst_vlc_player_archive.xml (OK - compressed)
41741460 res/layout-sw720dp-v13/ad_unified_fb.xml (OK - compressed)
41742682 res/layout-sw720dp-v13/activity_terminated_service.xml (OK - compressed)
41743549 res/layout-sw720dp-v13/nst_multi_player_2.xml (OK - compressed)
41748198 res/layout-sw720dp-v13/activity_vlcplayer_multiplayer.xml (OK - compressed)
41749510 res/layout-sw720dp-v13/player_live_all_data_left_cat_adapter.xml (OK - compressed)
41750231 res/layout-sw720dp-v13/recording_list.xml (OK - compressed)
41751524 res/layout-sw720dp-v13/honey_player_epg.xml (OK - compressed)
41756205 res/layout-sw720dp-v13/activity_epg_categories_new_flow.xml (OK - compressed)
41757904 res/layout-sw720dp-v13/edit_epg_source_layout.xml (OK - compressed)
41759574 res/layout-sw720dp-v13/nst_vlc_player_vod_for_device_data.xml (OK - compressed)
41764334 res/layout-sw720dp-v13/activity_vlcplayer_multiplayer1.xml (OK - compressed)
41765735 res/layout-sw720dp-v13/activity_exoplayer_sky.xml (OK - compressed)
41769144 res/layout-sw720dp-v13/demo_pop_up.xml (OK - compressed)
41770538 res/layout-sw720dp-v13/activity_automation.xml (OK - compressed)
41772673 res/layout-sw720dp-v13/activity_speed_test.xml (OK - compressed)
41774114 res/layout-sw720dp-v13/channel_list.xml (OK - compressed)
41775457 res/layout-sw720dp-v13/activity_series_activty_new_flow.xml (OK - compressed)
41777002 res/layout-sw720dp-v13/season_selector_popup.xml (OK - compressed)
41778081 res/layout-sw720dp-v13/activity_my_invoice.xml (OK - compressed)
41780159 res/layout-sw720dp-v13/activity_multi_user.xml (OK - compressed)
41782078 res/layout-sw720dp-v13/ticket_message_custom_layout.xml (OK - compressed)
41783120 res/layout-sw720dp-v13/nst_multi_player_4.xml (OK - compressed)
41787754 res/layout-sw720dp-v13/activity_new_epg.xml (OK - compressed)
41789620 res/layout-sw720dp-v13/activity_refounded.xml (OK - compressed)
41790837 res/layout-sw720dp-v13/activity_vlcplayer_multiplayer3.xml (OK - compressed)
41792295 res/layout-sw720dp-v13/right_side_programs_search_adapter.xml (OK - compressed)
41793275 res/layout-sw720dp-v13/nst_player_activity.xml (OK - compressed)
41794299 res/layout-sw720dp-v13/download_running_popup.xml (OK - compressed)
41795531 res/layout-sw720dp-v13/activity_general_settings.xml (OK - compressed)
41798241 res/layout-sw720dp-v13/activity_announcements.xml (OK - compressed)
41799490 res/layout-sw720dp-v13/activity_vlcplayer_multiplayer5.xml (OK - compressed)
41800802 res/layout-sw720dp-v13/activity_routing.xml (OK - compressed)
41802727 res/layout-sw720dp-v13/vpn_disconnect_layout.xml (OK - compressed)
41803701 res/layout-sw720dp-v13/activity_free_trail.xml (OK - compressed)
41804598 res/layout-sw720dp-v13/custom_dashboard_not_downloaded_layout.xml (OK - compressed)
41805589 res/layout-sw720dp-v13/activity_vlcplayer_sky.xml (OK - compressed)
41809285 res/layout-sw720dp-v13/series_all_data_right_adapter_con_wat.xml (OK - compressed)
41810911 res/layout-sw720dp-v13/paid_list_layout.xml (OK - compressed)
41812439 res/layout-sw720dp-v13/activity_live_layout.xml (OK - compressed)
41813742 res/layout-sw720dp-v13/activity_tv_archive_new_flow_layout.xml (OK - compressed)
41815453 res/layout-sw720dp-v13/activity_vlcplayer_multiplayer2.xml (OK - compressed)
41816870 res/layout-sw720dp-v13/activity_vpnlogin.xml (OK - compressed)
41818738 res/layout-sw720dp-v13/layout_channels_on_video.xml (OK - compressed)
41820041 res/layout-sw720dp-v13/activity_active_service.xml (OK - compressed)
41820918 res/layout-sw720dp-v13/activity_tv_archive_new_flow.xml (OK - compressed)
41822651 res/layout-sw720dp-v13/subtitle_popup_layout.xml (OK - compressed)
41823594 res/layout-sw720dp-v13/layout_resume_player.xml (OK - compressed)
41824967 res/layout-sw720dp-v13/activity_front_view.xml (OK - compressed)
41826134 res/layout-sw720dp-v13/layout_vod_new_flow_list_item.xml (OK - compressed)
41827159 res/layout-sw720dp-v13/activity_terms_condition_page.xml (OK - compressed)
41828442 res/layout-sw720dp-v13/activity_vlcplayer_multiplayer4.xml (OK - compressed)
41829840 res/layout-sw720dp-v13/inbuiltsmartersplayer_activity.xml (OK - compressed)
41830255 res/layout-sw720dp-v13/activity_showservice_information.xml (OK - compressed)
41832005 res/layout-sw720dp-v13/queue_activity.xml (OK - compressed)
41832650 res/layout-sw720dp-v13/appbar_common.xml (OK - compressed)
41833427 res/layout-sw720dp-v13/view_password_prompt.xml (OK - compressed)
41834910 res/layout-sw720dp-v13/activity_sub_archive.xml (OK - compressed)
41836771 res/layout-sw720dp-v13/edit_user_detail_confirmation_alert.xml (OK - compressed)
41838145 res/layout-sw720dp-v13/activity_time_format.xml (OK - compressed)
41840049 res/layout-sw720dp-v13/fragment_parental_control_setting.xml (OK - compressed)
41841602 res/layout-sw720dp-v13/all_services_adapter_custom_list_layout.xml (OK - compressed)
41842676 res/layout-sw720dp-v13/layout_announcements.xml (OK - compressed)
41843862 res/layout-sw720dp-v13/dissconnect_vpn_alert.xml (OK - compressed)
41845082 res/layout-sw720dp-v13/activity_vpn_conntected.xml (OK - compressed)
41847000 res/layout-sw720dp-v13/activity_paid_invoice2.xml (OK - compressed)
41848244 res/layout-sw720dp-v13/new_dashboard_layout_without_freetrail_xc106.xml (OK - compressed)
41851228 res/layout-sw720dp-v13/live_streams_grid_layout.xml (OK - compressed)
41852686 res/layout-sw720dp-v13/fragment_vod_subcategories.xml (OK - compressed)
41853622 res/layout-sw720dp-v13/activity_multi_setting_new.xml (OK - compressed)
41854844 res/layout-sw720dp-v13/delete_recording_popup.xml (OK - compressed)
41856088 res/layout-sw720dp-v13/custom_internet_not_working_layout.xml (OK - compressed)
41857117 res/layout-sw720dp-v13/custom_externalplayer_layout.xml (OK - compressed)
41857757 res/layout-sw720dp-v13/activity_settings_m3u.xml (OK - compressed)
41860950 res/layout-sw720dp-v13/launchvpn.xml (OK - compressed)
41862013 res/layout-sw720dp-v13/fragment_vod_streams.xml (OK - compressed)
41862750 res/layout-sw720dp-v13/activity_quit.xml (OK - compressed)
41863876 res/layout-sw720dp-v13/activity_series_all_data_single.xml (OK - compressed)
41866104 res/layout-sw720dp-v13/activity_import_m3u.xml (OK - compressed)
41867495 res/layout-sw720dp-v13/ad_unified.xml (OK - compressed)
41869174 res/layout-sw720dp-v13/hp_subtitle_layout.xml (OK - compressed)
41870508 res/layout-sw720dp-v13/activity_splash.xml (OK - compressed)
41871537 res/layout-sw720dp-v13/edit_user_prompt.xml (OK - compressed)
41872926 res/layout-sw720dp-v13/fragment_recycler_list_view.xml (OK - compressed)
41873298 res/layout-sw720dp-v13/fragment_parental_cotrol.xml (OK - compressed)
41874537 res/layout-sw720dp-v13/layout_cast_details.xml (OK - compressed)
41875820 res/layout-sw720dp-v13/activity_import_vpn.xml (OK - compressed)
41877951 res/layout-sw720dp-v13/activity_my_favourite.xml (OK - compressed)
41879717 res/layout-sw720dp-v13/activity_routing_p.xml (OK - compressed)
41881535 res/layout-sw720dp-v13/replay_alertbox.xml (OK - compressed)
41882690 res/layout-sw720dp-v13/player_live_all_data_left_cat_adapter_player.xml (OK - compressed)
41883421 res/layout-sw720dp-v13/layout_authenticate_vpn.xml (OK - compressed)
41884965 res/layout-sw720dp-v13/live_all_data_channels_search_adapter.xml (OK - compressed)
41886159 res/layout-sw720dp-v13/list_devices_adapter.xml (OK - compressed)
41886969 res/layout-sw720dp-v13/activity_unpiad_invoice.xml (OK - compressed)
41888177 res/layout-sw720dp-v13/rate_us_alert_box.xml (OK - compressed)
41889400 res/layout-sw720dp-v13/nst_player_sky.xml (OK - compressed)
41893485 res/layout-sw720dp-v13/custom_forgot_password.xml (OK - compressed)
41894528 res/layout-sw720dp-v13/activity_tvarchive.xml (OK - compressed)
41895649 res/layout-sw720dp-v13/activity_my_ticket.xml (OK - compressed)
41896915 res/layout-sw720dp-v13/epg_sources_layout.xml (OK - compressed)
41898290 res/layout-sw720dp-v13/activity_rate_us.xml (OK - compressed)
41899787 res/layout-sw720dp-v13/activity_check_appupdate.xml (OK - compressed)
41901351 res/layout-sw720dp-v13/add_epg_source_layout.xml (OK - compressed)
41902518 res/layout-sw720dp-v13/nst_vlc_player.xml (OK - compressed)
41907138 res/layout-sw720dp-v13/activity_vod_new_flow.xml (OK - compressed)
41908970 res/layout-sw720dp-v13/usernam_password_worng_alert.xml (OK - compressed)
41910253 res/layout-sw720dp-v13/login_new.xml (OK - compressed)
41912211 res/layout-sw720dp-v13/fragment_search_field.xml (OK - compressed)
41912898 res/layout-sw720dp-v13/layout_multiuser_list_item.xml (OK - compressed)
41914429 res/layout-sw720dp-v13/layout_list_player.xml (OK - compressed)
41914932 res/layout-sw720dp-v13/series_all_data_left_adapter.xml (OK - compressed)
41915657 res/layout-sw720dp-v13/cast_grid_layout.xml (OK - compressed)
41916458 res/layout-sw720dp-v13/recording_popup.xml (OK - compressed)
41917950 res/layout-sw720dp-v13/activity_announcement_alert.xml (OK - compressed)
41919058 res/layout-sw720dp-v13/live_all_data_right_adapter.xml (OK - compressed)
41920253 res/layout-sw720dp-v13/live_sorting_layout.xml (OK - compressed)
41921538 res/layout-sw720dp-v13/activity_buy_now.xml (OK - compressed)
41922006 res/layout-sw720dp-v13/nst_player.xml (OK - compressed)
41926071 res/layout-sw720dp-v13/activity_series_detail.xml (OK - compressed)
41929537 res/layout-sw720dp-v13/ticket_list.xml (OK - compressed)
41930668 res/layout-sw720dp-v13/select_dialog_item_folder_load_data_locally.xml (OK - compressed)
41931483 res/layout-sw720dp-v13/honey_player_live.xml (OK - compressed)
41936281 res/layout-sw720dp-v13/layout_subcateories_cihild_list_item.xml (OK - compressed)
41937440 res/layout-sw720dp-v13/vod_linear_layout.xml (OK - compressed)
41938629 res/layout-sw720dp-v13/epg_m3u_popup.xml (OK - compressed)
41940269 res/layout-sw720dp-v13/activity_series_activit_new_flow_sub_cat.xml (OK - compressed)
41941687 res/layout-sw720dp-v13/custom_browser_not_supported.xml (OK - compressed)
41942773 res/layout-sw720dp-v13/activity_account_info.xml (OK - compressed)
41944839 res/layout-sw720dp-v13/sort_layout.xml (OK - compressed)
41946070 res/layout-sw720dp-v13/activity_invoice_paid_detail.xml (OK - compressed)
41946671 res/layout-sw720dp-v13/subtitle_layout.xml (OK - compressed)
41948501 res/layout-sw720dp-v13/activity_services_dashboard.xml (OK - compressed)
41951127 res/layout-sw720dp-v13/layout_progress_bar.xml (OK - compressed)
41951678 res/layout-sw720dp-v13/activity_cancelled_serivce.xml (OK - compressed)
41952551 res/layout-sw720dp-v13/activity_added_external_player.xml (OK - compressed)
41953948 res/layout-sw720dp-v13/activity_recording.xml (OK - compressed)
41955560 res/layout-sw720dp-v13/view_movie.xml (OK - compressed)
41956285 res/layout-sw720dp-v13/honey_player_live_tv.xml (OK - compressed)
41961014 res/layout-sw720dp-v13/view_password_verification.xml (OK - compressed)
41962478 res/layout-sw720dp-v13/activity_episode_detail.xml (OK - compressed)
41963959 res/layout-sw720dp-v13/new_dashboard_layout.xml (OK - compressed)
41967918 res/layout-sw720dp-v13/layout_multiuser_list_item_p.xml (OK - compressed)
41969453 res/layout-sw720dp-v13/auto_play_popup_layout.xml (OK - compressed)
41970691 res/layout-sw720dp-v13/activity_epgchannel_update.xml (OK - compressed)
41972628 res/layout-sw720dp-v13/player_live_all_data_left_channel_adapter.xml (OK - compressed)
41973880 res/layout-sw720dp-v13/activity_pending_service.xml (OK - compressed)
41974752 res/layout-sw720dp-v13/seasons_button_layout.xml (OK - compressed)
41975319 res/layout-sw720dp-v13/nst_vlc_player_vod.xml (OK - compressed)
41980055 res/layout-sw720dp-v13/activity_screen_type_settings.xml (OK - compressed)
41982042 res/layout-sw720dp-v13/nst_player_vod.xml (OK - compressed)
41985665 res/layout-sw720dp-v13/start_download_dialog.xml (OK - compressed)
41985969 res/layout-sw720dp-v13/custom_screen_size_popup_layout.xml (OK - compressed)
41987319 res/layout-sw720dp-v13/live_streams_linear_layout.xml (OK - compressed)
41988814 res/layout-sw720dp-v13/activity_series_layout.xml (OK - compressed)
41990171 res/layout-sw720dp-v13/queue_row.xml (OK - compressed)
41991376 res/layout-sw720dp-v13/activity_fraud_service.xml (OK - compressed)
41992236 res/layout-sw720dp-v13/activity_player_selection.xml (OK - compressed)
41994650 res/layout-sw720dp-v13/custom_list_devices_layout.xml (OK - compressed)
41995616 res/layout-sw720dp-v13/activity_search.xml (OK - compressed)
41997592 res/layout-sw720dp-v13/activity_open_ticket.xml (OK - compressed)
41999338 res/layout-sw720dp-v13/layout_movies_on_video.xml (OK - compressed)
42000630 res/layout-sw720dp-v13/epg_edit_m3u_popup.xml (OK - compressed)
42002248 res/layout-sw720dp-v13/custom_alert_layout.xml (OK - compressed)
42003244 res/layout-sw720dp-v13/nst_vlc_player_epg.xml (OK - compressed)
42007835 res/layout-sw720dp-v13/edit_m3u_user_prompt.xml (OK - compressed)
42009759 res/layout-sw720dp-v13/activity_vod_layout.xml (OK - compressed)
42011328 res/layout-sw720dp-v13/activity_epgtime_shift.xml (OK - compressed)
42013325 res/layout-sw720dp-v13/activity_live_new_flow.xml (OK - compressed)
42015049 res/layout-sw720dp-v13/activity_vlcplayer_epg.xml (OK - compressed)
42019615 res/layout-sw720dp-v13/activity_epg_settings.xml (OK - compressed)
42022471 res/layout-sw720dp-v13/activity_my_serivces_activiy.xml (OK - compressed)
42024982 res/layout-sw720dp-v13/layout_movie_trailer.xml (OK - compressed)
42026268 res/layout-sw720dp-v13/activity_suspended_service.xml (OK - compressed)
42027131 res/layout-sw720dp-v13/nst_multi_player_3.xml (OK - compressed)
42031770 res/layout-sw720dp-v13/permission_alertbox.xml (OK - compressed)
42033008 res/layout-sw720dp-v13/activity_external_player.xml (OK - compressed)
42034170 res/layout-v26/abc_screen_toolbar.xml (OK - compressed)
42034944 res/layout-land/activity_profile.xml (OK - compressed)
42036449 res/layout-land/activity_view_details.xml (OK - compressed)
42039715 res/layout-land/nst_multi_player_1.xml (OK - compressed)
42044350 res/layout-land/activity_seasons_activitiy.xml (OK - compressed)
42045875 res/layout-land/fragment_live_streams.xml (OK - compressed)
42046759 res/layout-land/playera_add_alert_box.xml (OK - compressed)
42047964 res/layout-land/activity_import_epg_new.xml (OK - compressed)
42049519 res/layout-land/activity_parental_control_activitity.xml (OK - compressed)
42050893 res/layout-land/series_all_data_right_adapter.xml (OK - compressed)
42052222 res/layout-land/activity_settings.xml (OK - compressed)
42055399 res/layout-land/episode_grid_layout.xml (OK - compressed)
42057520 res/layout-land/activity_cancel_invoice.xml (OK - compressed)
42058745 res/layout-land/activity_vod_new_flow_subcategories.xml (OK - compressed)
42060222 res/layout-land/vod_grid_layout.xml (OK - compressed)
42061430 res/layout-land/activity_view_ticket.xml (OK - compressed)
42062807 res/layout-land/directory_listview.xml (OK - compressed)
42063414 res/layout-land/activity_view_details_m3u.xml (OK - compressed)
42066436 res/layout-land/fragment_new_epg_streams.xml (OK - compressed)
42068281 res/layout-land/nst_player_epg.xml (OK - compressed)
42071650 res/layout-land/custom_permission_layout.xml (OK - compressed)
42072639 res/layout-land/single_stream_pop_up_window.xml (OK - compressed)
42073698 res/layout-land/layout_genre_details.xml (OK - compressed)
42074968 res/layout-land/categories_popup.xml (OK - compressed)
42076552 res/layout-land/nst_player_archive.xml (OK - compressed)
42079094 res/layout-land/new_dashboard_layout_without_freetrail.xml (OK - compressed)
42083430 res/layout-land/activity_stream_format.xml (OK - compressed)
42085357 res/layout-land/progress_dialog.xml (OK - compressed)
42085777 res/layout-land/activity_series_detail_m3u.xml (OK - compressed)
42088727 res/layout-land/activity_view_cast_details.xml (OK - compressed)
42091092 res/layout-land/nst_exo_player_vod.xml (OK - compressed)
42092593 res/layout-land/custom_dashboard_unlock_features.xml (OK - compressed)
42093583 res/layout-land/live_streams_epg_layout.xml (OK - compressed)
42094544 res/layout-land/nst_exo_player_sky.xml (OK - compressed)
42097995 res/layout-land/layout_live_new_flow_list_item.xml (OK - compressed)
42099018 res/layout-land/activity_player_settings.xml (OK - compressed)
42101323 res/layout-land/live_all_data_right_adapter_search.xml (OK - compressed)
42102535 res/layout-land/select_dialog_item_folder_load_data_locally2.xml (OK - compressed)
42103346 res/layout-land/honey_player_testing.xml (OK - compressed)
42107615 res/layout-land/activity_search_lower_sdk.xml (OK - compressed)
42109672 res/layout-land/activity_vlcplayer_sky_tv.xml (OK - compressed)
42113053 res/layout-land/person_loading_view.xml (OK - compressed)
42113384 res/layout-land/lb_search_fragment.xml (OK - compressed)
42113770 res/layout-land/activity_app_in_purchase.xml (OK - compressed)
42117568 res/layout-land/fragment_new_epg_exo.xml (OK - compressed)
42119484 res/layout-land/inbuilt_player_float_box.xml (OK - compressed)
42119770 res/layout-land/activity_login_m3u.xml (OK - compressed)
42121894 res/layout-land/screen_selector_popup.xml (OK - compressed)
42122725 res/layout-land/custom_vpn_profile_layout.xml (OK - compressed)
42123847 res/layout-land/nst_vlc_player_archive.xml (OK - compressed)
42128003 res/layout-land/ad_unified_fb.xml (OK - compressed)
42129218 res/layout-land/activity_terminated_service.xml (OK - compressed)
42130078 res/layout-land/nst_multi_player_2.xml (OK - compressed)
42134720 res/layout-land/activity_vlcplayer_multiplayer.xml (OK - compressed)
42136025 res/layout-land/player_live_all_data_left_cat_adapter.xml (OK - compressed)
42136739 res/layout-land/recording_list.xml (OK - compressed)
42138025 res/layout-land/honey_player_epg.xml (OK - compressed)
42142709 res/layout-land/activity_epg_categories_new_flow.xml (OK - compressed)
42144409 res/layout-land/edit_epg_source_layout.xml (OK - compressed)
42146072 res/layout-land/nst_vlc_player_vod_for_device_data.xml (OK - compressed)
42150825 res/layout-land/activity_vlcplayer_multiplayer1.xml (OK - compressed)
42152219 res/layout-land/activity_exoplayer_sky.xml (OK - compressed)
42155621 res/layout-land/demo_pop_up.xml (OK - compressed)
42157008 res/layout-land/activity_automation.xml (OK - compressed)
42159136 res/layout-land/activity_speed_test.xml (OK - compressed)
42160570 res/layout-land/channel_list.xml (OK - compressed)
42161897 res/layout-land/activity_series_activty_new_flow.xml (OK - compressed)
42163435 res/layout-land/season_selector_popup.xml (OK - compressed)
42164507 res/layout-land/activity_my_invoice.xml (OK - compressed)
42166578 res/layout-land/activity_multi_user.xml (OK - compressed)
42168485 res/layout-land/ticket_message_custom_layout.xml (OK - compressed)
42169520 res/layout-land/nst_multi_player_4.xml (OK - compressed)
42174147 res/layout-land/activity_new_epg.xml (OK - compressed)
42176009 res/layout-land/activity_refounded.xml (OK - compressed)
42177219 res/layout-land/activity_vlcplayer_multiplayer3.xml (OK - compressed)
42178670 res/layout-land/right_side_programs_search_adapter.xml (OK - compressed)
42179652 res/layout-land/nst_player_activity.xml (OK - compressed)
42180669 res/layout-land/download_running_popup.xml (OK - compressed)
42181894 res/layout-land/activity_general_settings.xml (OK - compressed)
42184597 res/layout-land/activity_announcements.xml (OK - compressed)
42185839 res/layout-land/activity_vlcplayer_multiplayer5.xml (OK - compressed)
42187144 res/layout-land/activity_routing.xml (OK - compressed)
42189050 res/layout-land/vpn_disconnect_layout.xml (OK - compressed)
42190017 res/layout-land/activity_free_trail.xml (OK - compressed)
42190907 res/layout-land/custom_dashboard_not_downloaded_layout.xml (OK - compressed)
42191891 res/layout-land/activity_vlcplayer_sky.xml (OK - compressed)
42195580 res/layout-land/series_all_data_right_adapter_con_wat.xml (OK - compressed)
42197157 res/layout-land/paid_list_layout.xml (OK - compressed)
42198678 res/layout-land/activity_live_layout.xml (OK - compressed)
42199974 res/layout-land/activity_tv_archive_new_flow_layout.xml (OK - compressed)
42201678 res/layout-land/activity_vlcplayer_multiplayer2.xml (OK - compressed)
42203088 res/layout-land/activity_vpnlogin.xml (OK - compressed)
42204949 res/layout-land/layout_channels_on_video.xml (OK - compressed)
42206245 res/layout-land/activity_active_service.xml (OK - compressed)
42207115 res/layout-land/activity_tv_archive_new_flow.xml (OK - compressed)
42208850 res/layout-land/subtitle_popup_layout.xml (OK - compressed)
42209786 res/layout-land/layout_resume_player.xml (OK - compressed)
42211152 res/layout-land/activity_front_view.xml (OK - compressed)
42212312 res/layout-land/layout_vod_new_flow_list_item.xml (OK - compressed)
42213330 res/layout-land/activity_terms_condition_page.xml (OK - compressed)
42214606 res/layout-land/activity_vlcplayer_multiplayer4.xml (OK - compressed)
42215997 res/layout-land/inbuiltsmartersplayer_activity.xml (OK - compressed)
42216405 res/layout-land/activity_showservice_information.xml (OK - compressed)
42218148 res/layout-land/queue_activity.xml (OK - compressed)
42218786 res/layout-land/appbar_common.xml (OK - compressed)
42219556 res/layout-land/view_password_prompt.xml (OK - compressed)
42221032 res/layout-land/activity_sub_archive.xml (OK - compressed)
42222886 res/layout-land/edit_user_detail_confirmation_alert.xml (OK - compressed)
42224253 res/layout-land/activity_time_format.xml (OK - compressed)
42226150 res/layout-land/fragment_parental_control_setting.xml (OK - compressed)
42227696 res/layout-land/all_services_adapter_custom_list_layout.xml (OK - compressed)
42228763 res/layout-land/layout_announcements.xml (OK - compressed)
42229942 res/layout-land/dissconnect_vpn_alert.xml (OK - compressed)
42231155 res/layout-land/activity_vpn_conntected.xml (OK - compressed)
42233066 res/layout-land/activity_paid_invoice2.xml (OK - compressed)
42234303 res/layout-land/new_dashboard_layout_without_freetrail_xc106.xml (OK - compressed)
42237280 res/layout-land/live_streams_grid_layout.xml (OK - compressed)
42238731 res/layout-land/fragment_vod_subcategories.xml (OK - compressed)
42239660 res/layout-land/activity_multi_setting_new.xml (OK - compressed)
42240875 res/layout-land/delete_recording_popup.xml (OK - compressed)
42242112 res/layout-land/custom_internet_not_working_layout.xml (OK - compressed)
42243134 res/layout-land/custom_externalplayer_layout.xml (OK - compressed)
42243767 res/layout-land/activity_settings_m3u.xml (OK - compressed)
42246953 res/layout-land/launchvpn.xml (OK - compressed)
42248009 res/layout-land/fragment_vod_streams.xml (OK - compressed)
42248739 res/layout-land/activity_quit.xml (OK - compressed)
42249858 res/layout-land/activity_series_all_data_single.xml (OK - compressed)
42252042 res/layout-land/activity_import_m3u.xml (OK - compressed)
42253426 res/layout-land/ad_unified.xml (OK - compressed)
42255098 res/layout-land/hp_subtitle_layout.xml (OK - compressed)
42256384 res/layout-land/activity_splash.xml (OK - compressed)
42257406 res/layout-land/edit_user_prompt.xml (OK - compressed)
42258788 res/layout-land/fragment_recycler_list_view.xml (OK - compressed)
42259153 res/layout-land/fragment_parental_cotrol.xml (OK - compressed)
42260385 res/layout-land/layout_cast_details.xml (OK - compressed)
42261661 res/layout-land/activity_import_vpn.xml (OK - compressed)
42263785 res/layout-land/activity_my_favourite.xml (OK - compressed)
42265544 res/layout-land/activity_routing_p.xml (OK - compressed)
42267355 res/layout-land/replay_alertbox.xml (OK - compressed)
42268503 res/layout-land/player_live_all_data_left_cat_adapter_player.xml (OK - compressed)
42269227 res/layout-land/layout_authenticate_vpn.xml (OK - compressed)
42270764 res/layout-land/live_all_data_channels_search_adapter.xml (OK - compressed)
42271951 res/layout-land/list_devices_adapter.xml (OK - compressed)
42272754 res/layout-land/activity_unpiad_invoice.xml (OK - compressed)
42273955 res/layout-land/rate_us_alert_box.xml (OK - compressed)
42275171 res/layout-land/nst_player_sky.xml (OK - compressed)
42279249 res/layout-land/custom_forgot_password.xml (OK - compressed)
42280285 res/layout-land/activity_tvarchive.xml (OK - compressed)
42281399 res/layout-land/activity_my_ticket.xml (OK - compressed)
42282658 res/layout-land/epg_sources_layout.xml (OK - compressed)
42284026 res/layout-land/activity_rate_us.xml (OK - compressed)
42285516 res/layout-land/activity_check_appupdate.xml (OK - compressed)
42287073 res/layout-land/add_epg_source_layout.xml (OK - compressed)
42288233 res/layout-land/nst_vlc_player.xml (OK - compressed)
42292846 res/layout-land/activity_vod_new_flow.xml (OK - compressed)
42294671 res/layout-land/usernam_password_worng_alert.xml (OK - compressed)
42295947 res/layout-land/login_new.xml (OK - compressed)
42297898 res/layout-land/fragment_search_field.xml (OK - compressed)
42298578 res/layout-land/layout_multiuser_list_item.xml (OK - compressed)
42300102 res/layout-land/layout_list_player.xml (OK - compressed)
42300598 res/layout-land/series_all_data_left_adapter.xml (OK - compressed)
42301298 res/layout-land/cast_grid_layout.xml (OK - compressed)
42302091 res/layout-land/recording_popup.xml (OK - compressed)
42303668 res/layout-land/activity_announcement_alert.xml (OK - compressed)
42304769 res/layout-land/live_all_data_right_adapter.xml (OK - compressed)
42305957 res/layout-land/live_sorting_layout.xml (OK - compressed)
42307204 res/layout-land/activity_buy_now.xml (OK - compressed)
42307665 res/layout-land/nst_player.xml (OK - compressed)
42311723 res/layout-land/activity_series_detail.xml (OK - compressed)
42315230 res/layout-land/ticket_list.xml (OK - compressed)
42316354 res/layout-land/select_dialog_item_folder_load_data_locally.xml (OK - compressed)
42317162 res/layout-land/honey_player_live.xml (OK - compressed)
42321966 res/layout-land/layout_subcateories_cihild_list_item.xml (OK - compressed)
42323118 res/layout-land/vod_linear_layout.xml (OK - compressed)
42324300 res/layout-land/epg_m3u_popup.xml (OK - compressed)
42325933 res/layout-land/activity_series_activit_new_flow_sub_cat.xml (OK - compressed)
42327344 res/layout-land/custom_browser_not_supported.xml (OK - compressed)
42328423 res/layout-land/activity_account_info.xml (OK - compressed)
42330482 res/layout-land/sort_layout.xml (OK - compressed)
42331706 res/layout-land/activity_invoice_paid_detail.xml (OK - compressed)
42332300 res/layout-land/subtitle_layout.xml (OK - compressed)
42334123 res/layout-land/activity_services_dashboard.xml (OK - compressed)
42336742 res/layout-land/layout_progress_bar.xml (OK - compressed)
42337286 res/layout-land/activity_cancelled_serivce.xml (OK - compressed)
42338152 res/layout-land/activity_added_external_player.xml (OK - compressed)
42339542 res/layout-land/activity_recording.xml (OK - compressed)
42341147 res/layout-land/view_movie.xml (OK - compressed)
42341865 res/layout-land/honey_player_live_tv.xml (OK - compressed)
42346587 res/layout-land/view_password_verification.xml (OK - compressed)
42348044 res/layout-land/activity_episode_detail.xml (OK - compressed)
42349518 res/layout-land/new_dashboard_layout.xml (OK - compressed)
42353332 res/layout-land/layout_multiuser_list_item_p.xml (OK - compressed)
42354860 res/layout-land/auto_play_popup_layout.xml (OK - compressed)
42356091 res/layout-land/activity_epgchannel_update.xml (OK - compressed)
42358021 res/layout-land/player_live_all_data_left_channel_adapter.xml (OK - compressed)
42359256 res/layout-land/activity_pending_service.xml (OK - compressed)
42360121 res/layout-land/seasons_button_layout.xml (OK - compressed)
42360664 res/layout-land/nst_vlc_player_vod.xml (OK - compressed)
42365393 res/layout-land/activity_screen_type_settings.xml (OK - compressed)
42367373 res/layout-land/nst_player_vod.xml (OK - compressed)
42370989 res/layout-land/start_download_dialog.xml (OK - compressed)
42371286 res/layout-land/custom_screen_size_popup_layout.xml (OK - compressed)
42372599 res/layout-land/live_streams_linear_layout.xml (OK - compressed)
42374087 res/layout-land/activity_series_layout.xml (OK - compressed)
42375437 res/layout-land/queue_row.xml (OK - compressed)
42376635 res/layout-land/activity_fraud_service.xml (OK - compressed)
42377488 res/layout-land/activity_player_selection.xml (OK - compressed)
42379895 res/layout-land/custom_list_devices_layout.xml (OK - compressed)
42380854 res/layout-land/activity_search.xml (OK - compressed)
42382898 res/layout-land/activity_open_ticket.xml (OK - compressed)
42384637 res/layout-land/layout_movies_on_video.xml (OK - compressed)
42385922 res/layout-land/epg_edit_m3u_popup.xml (OK - compressed)
42387533 res/layout-land/custom_alert_layout.xml (OK - compressed)
42388522 res/layout-land/nst_vlc_player_epg.xml (OK - compressed)
42393106 res/layout-land/edit_m3u_user_prompt.xml (OK - compressed)
42395023 res/layout-land/activity_vod_layout.xml (OK - compressed)
42396585 res/layout-land/activity_epgtime_shift.xml (OK - compressed)
42398575 res/layout-land/activity_live_new_flow.xml (OK - compressed)
42400292 res/layout-land/activity_vlcplayer_epg.xml (OK - compressed)
42404851 res/layout-land/activity_epg_settings.xml (OK - compressed)
42407700 res/layout-land/activity_my_serivces_activiy.xml (OK - compressed)
42410204 res/layout-land/layout_movie_trailer.xml (OK - compressed)
42411483 res/layout-land/activity_suspended_service.xml (OK - compressed)
42412339 res/layout-land/nst_multi_player_3.xml (OK - compressed)
42416971 res/layout-land/permission_alertbox.xml (OK - compressed)
42418202 res/layout-land/activity_external_player.xml (OK - compressed)
42419354 res/anim/trans_left_out.xml (OK - compressed)
42419676 res/anim/abc_tooltip_enter.xml (OK - compressed)
42419971 res/anim/design_snackbar_in.xml (OK - compressed)
42420230 res/anim/rotate_anticlockwise.xml (OK - compressed)
42420585 res/anim/fade_in_new_2.xml (OK - compressed)
42420880 res/anim/cat_left_out.xml (OK - compressed)
42421231 res/anim/abc_slide_out_bottom.xml (OK - compressed)
42421528 res/anim/popup_enter.xml (OK - compressed)
42421869 res/anim/player_fade_out_animation.xml (OK - compressed)
42422248 res/anim/trans_top_out.xml (OK - compressed)
42422550 res/anim/rotate_clockwise.xml (OK - compressed)
42422899 res/anim/abc_shrink_fade_out_from_bottom.xml (OK - compressed)
42423347 res/anim/trans_right_out.xml (OK - compressed)
42423646 res/anim/abc_slide_in_top.xml (OK - compressed)
42423951 res/anim/abc_slide_out_top.xml (OK - compressed)
42424263 res/anim/player_live_left_side_out.xml (OK - compressed)
42424600 res/anim/bounce.xml (OK - compressed)
42424991 res/anim/scale_down.xml (OK - compressed)
42425369 res/anim/subtitle_slide_out_right.xml (OK - compressed)
42425654 res/anim/fade_in.xml (OK - compressed)
42426036 res/anim/abc_popup_enter.xml (OK - compressed)
42426364 res/anim/abc_fade_out.xml (OK - compressed)
42426664 res/anim/subtitle_slide_in_right.xml (OK - compressed)
42426949 res/anim/zoom_in.xml (OK - compressed)
42427306 res/anim/lb_decelerator_4.xml (OK - compressed)
42427561 res/anim/abc_grow_fade_in_from_bottom.xml (OK - compressed)
42428006 res/anim/trans_top_in.xml (OK - compressed)
42428318 res/anim/player_fade_in_animation.xml (OK - compressed)
42428621 res/anim/scale_up.xml (OK - compressed)
42428987 res/anim/abc_popup_exit.xml (OK - compressed)
42429321 res/anim/lb_decelerator_2.xml (OK - compressed)
42429558 res/anim/cat_left_in.xml (OK - compressed)
42429901 res/anim/trans_left_in.xml (OK - compressed)
42430224 res/anim/design_snackbar_out.xml (OK - compressed)
42430489 res/anim/design_bottom_sheet_slide_out.xml (OK - compressed)
42430874 res/anim/design_bottom_sheet_slide_in.xml (OK - compressed)
42431248 res/anim/abc_tooltip_exit.xml (OK - compressed)
42431536 res/anim/popup_exit.xml (OK - compressed)
42431873 res/anim/abc_slide_in_bottom.xml (OK - compressed)
42432184 res/anim/player_live_left_side_in.xml (OK - compressed)
42432529 res/anim/trans_right_in.xml (OK - compressed)
42432823 res/anim/fade_out_new.xml (OK - compressed)
42433143 res/anim/trans_bottom_in.xml (OK - compressed)
42433436 res/anim/fade_out.xml (OK - compressed)
42433748 res/anim/decelerate_cubic.xml (OK - compressed)
42433988 res/anim/fade_in_new.xml (OK - compressed)
42434363 res/anim/zoom_out.xml (OK - compressed)
42434726 res/anim/abc_fade_in.xml (OK - compressed)
42435024 res/mipmap-hdpi-v4/ic_launcher.png (OK)
42441196 res/mipmap-hdpi-v4/ic.png (OK)
42448324 res/mipmap-hdpi-v4/tv_banner.png (OK)
42500284 res/mipmap-xxxhdpi-v4/ic_launcher.png (OK)
42538616 res/mipmap-xxxhdpi-v4/tv_banner.png (OK)
42590588 res/drawable-mdpi-v4/messenger_bubble_large_blue.png (OK)
42591264 res/drawable-mdpi-v4/quantum_ic_volume_up_white_36.png (OK)
42591744 res/drawable-mdpi-v4/quantum_ic_pause_grey600_36.png (OK)
42591940 res/drawable-mdpi-v4/com_facebook_close.png (OK)
42593776 res/drawable-mdpi-v4/abc_ic_commit_search_api_mtrl_alpha.png (OK)
42594048 res/drawable-mdpi-v4/gridview_menu.png (OK)
42594532 res/drawable-mdpi-v4/abc_btn_radio_to_on_mtrl_000.png (OK)
42594980 res/drawable-mdpi-v4/ic_arrow.png (OK)
42595240 res/drawable-mdpi-v4/abc_text_select_handle_right_mtrl_dark.png (OK)
42595548 res/drawable-mdpi-v4/icon_external_player_selection.png (OK)
42597488 res/drawable-mdpi-v4/sort.png (OK)
42597920 res/drawable-mdpi-v4/home_icon_black.png (OK)
42598408 res/drawable-mdpi-v4/lb_action_bg_focused.9.png (OK)
42598756 res/drawable-mdpi-v4/ic_pause_36dp.png (OK)
42598968 res/drawable-mdpi-v4/quantum_ic_closed_caption_grey600_36.png (OK)
42599432 res/drawable-mdpi-v4/abc_list_pressed_holo_light.9.png (OK)
42599728 res/drawable-mdpi-v4/cast_ic_stop_circle_filled_grey600.png (OK)
42600184 res/drawable-mdpi-v4/abc_btn_switch_to_on_mtrl_00001.9.png (OK)
42600988 res/drawable-mdpi-v4/abc_ic_star_black_48dp.png (OK)
42601600 res/drawable-mdpi-v4/cast_abc_scrubber_primary_mtrl_alpha.9.png (OK)
42601868 res/drawable-mdpi-v4/tv_arch.png (OK)
42602700 res/drawable-mdpi-v4/ic_vpn_connecting.png (OK)
42619732 res/drawable-mdpi-v4/close.png (OK)
42620112 res/drawable-mdpi-v4/abc_textfield_default_mtrl_alpha.9.png (OK)
42620368 res/drawable-mdpi-v4/ic_dialog_close_light.png (OK)
42620632 res/drawable-mdpi-v4/quantum_ic_replay_30_white_24.png (OK)
42621056 res/drawable-mdpi-v4/quantum_ic_stop_white_24.png (OK)
42621212 res/drawable-mdpi-v4/screen5.png (OK)
42622808 res/drawable-mdpi-v4/tranparentdark.png (OK)
42623128 res/drawable-mdpi-v4/abc_text_select_handle_right_mtrl_light.png (OK)
42623424 res/drawable-mdpi-v4/playerselection.png (OK)
42624848 res/drawable-mdpi-v4/com_facebook_tooltip_black_xout.png (OK)
42625112 res/drawable-mdpi-v4/catch_background.png (OK)
42675664 res/drawable-mdpi-v4/favourite_yellow.png (OK)
42676212 res/drawable-mdpi-v4/lb_ic_search_mic_out.png (OK)
42676628 res/drawable-mdpi-v4/cast_ic_notification_1.png (OK)
42676972 res/drawable-mdpi-v4/quantum_ic_skip_next_white_36.png (OK)
42677232 res/drawable-mdpi-v4/logo_home.png (OK)
42743600 res/drawable-mdpi-v4/ic_menu_24dp.png (OK)
42743784 res/drawable-mdpi-v4/ic_setting_account.png (OK)
42744988 res/drawable-mdpi-v4/ic_draft.png (OK)
42745776 res/drawable-mdpi-v4/splash_new_background.jpg (OK)
42857816 res/drawable-mdpi-v4/logo.png (OK)
42865948 res/drawable-mdpi-v4/screen3.png (OK)
42867548 res/drawable-mdpi-v4/automation.png (OK)
42869324 res/drawable-mdpi-v4/quantum_ic_refresh_white_24.png (OK)
42869688 res/drawable-mdpi-v4/quantum_ic_forward_30_white_24.png (OK)
42870112 res/drawable-mdpi-v4/parental_control_icon.png (OK)
42871040 res/drawable-mdpi-v4/quantum_ic_skip_next_grey600_36.png (OK)
42871368 res/drawable-mdpi-v4/ic_launcher1.png (OK)
42875948 res/drawable-mdpi-v4/exo_icon_pause.png (OK)
42876148 res/drawable-mdpi-v4/launcher_logo.png (OK)
42876360 res/drawable-mdpi-v4/exo_icon_previous.png (OK)
42876672 res/drawable-mdpi-v4/logout_icon.png (OK)
42877216 res/drawable-mdpi-v4/ic_vol_type_speaker_light.png (OK)
42877628 res/drawable-mdpi-v4/abc_tab_indicator_mtrl_alpha.9.png (OK)
42877896 res/drawable-mdpi-v4/quantum_ic_pause_white_24.png (OK)
42878060 res/drawable-mdpi-v4/ic_play_36dp.png (OK)
42878352 res/drawable-mdpi-v4/abc_btn_check_to_on_mtrl_015.png (OK)
42878824 res/drawable-mdpi-v4/ic_vpn_connected.png (OK)
42893823 res/drawable-mdpi-v4/selector_checkbox.xml (OK - compressed)
42894132 res/drawable-mdpi-v4/spinner_focused_holo_light.9.png (OK)
42894596 res/drawable-mdpi-v4/tv_archieve.png (OK)
42896032 res/drawable-mdpi-v4/edit_icon.png (OK)
42896460 res/drawable-mdpi-v4/general_settings.png (OK)
42900284 res/drawable-mdpi-v4/quantum_ic_stop_grey600_48.png (OK)
42900480 res/drawable-mdpi-v4/quantum_ic_stop_grey600_36.png (OK)
42900668 res/drawable-mdpi-v4/abc_ic_star_half_black_16dp.png (OK)
42900920 res/drawable-mdpi-v4/cast_ic_stop_circle_filled_white.png (OK)
42901356 res/drawable-mdpi-v4/ondemand_focused.png (OK)
42949904 res/drawable-mdpi-v4/epg_stop.png (OK)
42950660 res/drawable-mdpi-v4/quantum_ic_closed_caption_white_36.png (OK)
42951084 res/drawable-mdpi-v4/md_nav_back.png (OK)
42951292 res/drawable-mdpi-v4/hide_icon_menu.png (OK)
42951936 res/drawable-mdpi-v4/recording.png (OK)
42952408 res/drawable-mdpi-v4/abc_ab_share_pack_mtrl_alpha.9.png (OK)
42952764 res/drawable-mdpi-v4/quantum_ic_skip_previous_white_36.png (OK)
42953048 res/drawable-mdpi-v4/view_detail.png (OK)
42953500 res/drawable-mdpi-v4/login_user.png (OK)
42954888 res/drawable-mdpi-v4/spinner_default_holo_light.9.png (OK)
42955308 res/drawable-mdpi-v4/abc_cab_background_top_mtrl_alpha.9.png (OK)
42955592 res/drawable-mdpi-v4/exo_icon_stop.png (OK)
42955780 res/drawable-mdpi-v4/abc_btn_check_to_on_mtrl_000.png (OK)
42956140 res/drawable-mdpi-v4/right_icon_cat.png (OK)
42956464 res/drawable-mdpi-v4/speed_icon.png (OK)
42957492 res/drawable-mdpi-v4/ic_cancelation.png (OK)
42958136 res/drawable-mdpi-v4/ic_active.png (OK)
42959284 res/drawable-mdpi-v4/abc_list_divider_mtrl_alpha.9.png (OK)
42959540 res/drawable-mdpi-v4/abc_menu_hardkey_panel_mtrl_mult.9.png (OK)
42960112 res/drawable-mdpi-v4/main.png (OK)
42978792 res/drawable-mdpi-v4/com_facebook_button_like_icon_selected.png (OK)
42979044 res/drawable-mdpi-v4/cast_abc_scrubber_control_off_mtrl_alpha.png (OK)
42979300 res/drawable-mdpi-v4/messenger_bubble_large_white.png (OK)
42979752 res/drawable-mdpi-v4/left_icon_cat.png (OK)
42980112 res/drawable-mdpi-v4/quantum_ic_pause_circle_filled_grey600_36.png (OK)
42980636 res/drawable-mdpi-v4/ic_media_pause_dark.png (OK)
42980824 res/drawable-mdpi-v4/ic_mr_button_grey.png (OK)
42981240 res/drawable-mdpi-v4/lb_in_app_search_bg.9.png (OK)
42981580 res/drawable-mdpi-v4/ic_home.png (OK)
42982144 res/drawable-mdpi-v4/abc_ic_star_half_black_48dp.png (OK)
42982588 res/drawable-mdpi-v4/ic_mr_button_disconnected_light.png (OK)
42983148 res/drawable-mdpi-v4/abc_textfield_search_activated_mtrl_alpha.9.png (OK)
42983388 res/drawable-mdpi-v4/tv_icon.png (OK)
42984332 res/drawable-mdpi-v4/abc_list_selector_disabled_holo_light.9.png (OK)
42984624 res/drawable-mdpi-v4/ic_media_play_dark.png (OK)
42984924 res/drawable-mdpi-v4/ic_media_play_light.png (OK)
42985220 res/drawable-mdpi-v4/ic_billing.png (OK)
42985792 res/drawable-mdpi-v4/messenger_bubble_small_white.png (OK)
42986216 res/drawable-mdpi-v4/googleg_standard_color_18.png (OK)
42986956 res/drawable-mdpi-v4/quantum_ic_forward_30_grey600_36.png (OK)
42987664 res/drawable-mdpi-v4/ic_fullscreen_24dp.png (OK)
42987860 res/drawable-mdpi-v4/ic_vol_type_tv_light.png (OK)
42988104 res/drawable-mdpi-v4/ic_mr_button_disabled_dark.png (OK)
42988588 res/drawable-mdpi-v4/quantum_ic_keyboard_arrow_down_white_36.png (OK)
42988824 res/drawable-mdpi-v4/abc_btn_switch_to_on_mtrl_00012.9.png (OK)
42989692 res/drawable-mdpi-v4/exo_icon_rewind.png (OK)
42990072 res/drawable-mdpi-v4/abc_btn_radio_to_on_mtrl_015.png (OK)
42990568 res/drawable-mdpi-v4/folder_icon.png (OK)
42990932 res/drawable-mdpi-v4/time_format.png (OK)
42992144 res/drawable-mdpi-v4/addfolder_icon.png (OK)
42993228 res/drawable-mdpi-v4/show_icon_menu.png (OK)
42993740 res/drawable-mdpi-v4/quantum_ic_skip_next_white_24.png (OK)
42993980 res/drawable-mdpi-v4/quantum_ic_replay_white_24.png (OK)
42994308 res/drawable-mdpi-v4/tv_guide_new.png (OK)
42995856 res/drawable-mdpi-v4/abc_spinner_mtrl_am_alpha.9.png (OK)
42996248 res/drawable-mdpi-v4/exo_controls_repeat_all.png (OK)
42996584 res/drawable-mdpi-v4/movies.png (OK)
43183112 res/drawable-mdpi-v4/lb_ic_actions_right_arrow.png (OK)
43183396 res/drawable-mdpi-v4/ic_dash_catchup.png (OK)
43222604 res/drawable-mdpi-v4/lb_ic_search_mic.png (OK)
43222988 res/drawable-mdpi-v4/live_tv_icon.png (OK)
43224548 res/drawable-mdpi-v4/gear_orange.png (OK)
43225200 res/drawable-mdpi-v4/gear_white_dashboard.png (OK)
43225940 res/drawable-mdpi-v4/parental_password_lock.png (OK)
43226400 res/drawable-mdpi-v4/cast_abc_scrubber_control_to_pressed_mtrl_000.png (OK)
43226656 res/drawable-mdpi-v4/exo_controls_fullscreen_exit.png (OK)
43226852 res/drawable-mdpi-v4/ic_cencel.png (OK)
43227792 res/drawable-mdpi-v4/ic_dialog_close_dark.png (OK)
43228056 res/drawable-mdpi-v4/ic_vol_type_speaker_group_light.png (OK)
43228468 res/drawable-mdpi-v4/list_longpressed_holo.9.png (OK)
43228744 res/drawable-mdpi-v4/manage_user.png (OK)
43231196 res/drawable-mdpi-v4/login_icon.png (OK)
43231640 res/drawable-mdpi-v4/abc_scrubber_control_to_pressed_mtrl_005.png (OK)
43231928 res/drawable-mdpi-v4/account_info.png (OK)
43232696 res/drawable-mdpi-v4/ic_myservice.png (OK)
43233544 res/drawable-mdpi-v4/abc_ic_menu_share_mtrl_alpha.png (OK)
43233928 res/drawable-mdpi-v4/support_agent.png (OK)
43234744 res/drawable-mdpi-v4/ic_audiotrack_light.png (OK)
43235000 res/drawable-mdpi-v4/quantum_ic_forward_30_white_36.png (OK)
43235624 res/drawable-mdpi-v4/record.png (OK)
43236320 res/drawable-mdpi-v4/abc_ic_star_half_black_36dp.png (OK)
43236680 res/drawable-mdpi-v4/on_demand_background.png (OK)
43285272 res/drawable-mdpi-v4/common_google_signin_btn_text_light_normal_background.9.png (OK)
43285808 res/drawable-mdpi-v4/green_focused.png (OK)
43306428 res/drawable-mdpi-v4/user_placeholder.png (OK)
43307156 res/drawable-mdpi-v4/common_google_signin_btn_icon_light_normal_background.9.png (OK)
43307732 res/drawable-mdpi-v4/exo_edit_mode_logo.png (OK)
43308272 res/drawable-mdpi-v4/abc_text_select_handle_middle_mtrl_dark.png (OK)
43308784 res/drawable-mdpi-v4/abc_list_selector_disabled_holo_dark.9.png (OK)
43309072 res/drawable-mdpi-v4/livetv_focused.png (OK)
43356032 res/drawable-mdpi-v4/abc_scrubber_control_off_mtrl_alpha.png (OK)
43356292 res/drawable-mdpi-v4/abc_ic_menu_copy_mtrl_am_alpha.png (OK)
43356524 res/drawable-mdpi-v4/green_background.png (OK)
43377144 res/drawable-mdpi-v4/audio_track_icon.png (OK)
43377560 res/drawable-mdpi-v4/fab_bg_mini.png (OK)
43379288 res/drawable-mdpi-v4/multiscreen_icon.png (OK)
43379908 res/drawable-mdpi-v4/com_facebook_tooltip_blue_bottomnub.png (OK)
43380508 res/drawable-mdpi-v4/list_activated_holo.9.png (OK)
43380776 res/drawable-mdpi-v4/ic_up.png (OK)
43381092 res/drawable-mdpi-v4/logn_new_bg.jpg (OK)
43493160 res/drawable-mdpi-v4/lb_in_app_search_shadow_focused.9.png (OK)
43494216 res/drawable-mdpi-v4/list_focused_holo.9.png (OK)
43494504 res/drawable-mdpi-v4/reset_icon.png (OK)
43495552 res/drawable-mdpi-v4/player_play_newflow.png (OK)
43496172 res/drawable-mdpi-v4/com_facebook_tooltip_black_topnub.png (OK)
43496596 res/drawable-mdpi-v4/com_facebook_tooltip_blue_background.9.png (OK)
43498232 res/drawable-mdpi-v4/design_ic_visibility.png (OK)
43498664 res/drawable-mdpi-v4/quantum_ic_pause_circle_filled_white_36.png (OK)
43499112 res/drawable-mdpi-v4/exo_controls_fullscreen_enter.png (OK)
43499340 res/drawable-mdpi-v4/abc_textfield_search_default_mtrl_alpha.9.png (OK)
43499596 res/drawable-mdpi-v4/cast_ic_notification_0.png (OK)
43499916 res/drawable-mdpi-v4/search_view.png (OK)
43500392 res/drawable-mdpi-v4/movies_icon.png (OK)
43502136 res/drawable-mdpi-v4/cast_ic_notification_on.png (OK)
43502504 res/drawable-mdpi-v4/abc_text_select_handle_left_mtrl_light.png (OK)
43502828 res/drawable-mdpi-v4/quantum_ic_volume_off_grey600_36.png (OK)
43503560 res/drawable-mdpi-v4/notification_bg_normal_pressed.9.png (OK)
43503880 res/drawable-mdpi-v4/com_facebook_tooltip_black_background.9.png (OK)
43505300 res/drawable-mdpi-v4/lb_in_app_search_shadow_normal.9.png (OK)
43505816 res/drawable-mdpi-v4/player_pause.png (OK)
43506092 res/drawable-mdpi-v4/parental.png (OK)
43508024 res/drawable-mdpi-v4/abc_scrubber_primary_mtrl_alpha.9.png (OK)
43508296 res/drawable-mdpi-v4/ic_vpn_grey.png (OK)
43509520 res/drawable-mdpi-v4/quantum_ic_cast_connected_white_24.png (OK)
43509892 res/drawable-mdpi-v4/play.png (OK)
43510636 res/drawable-mdpi-v4/logo_white_long.png (OK)
43577012 res/drawable-mdpi-v4/settings_icon_black.png (OK)
43577600 res/drawable-mdpi-v4/guide_icon.png (OK)
43578344 res/drawable-mdpi-v4/messenger_button_send_round_shadow.png (OK)
43579284 res/drawable-mdpi-v4/spinner_disabled_holo_light.9.png (OK)
43579652 res/drawable-mdpi-v4/exo_icon_fastforward.png (OK)
43579956 res/drawable-mdpi-v4/screen4.png (OK)
43581560 res/drawable-mdpi-v4/ic_paid.png (OK)
43582748 res/drawable-mdpi-v4/ic_dash_epg.png (OK)
43622716 res/drawable-mdpi-v4/ic_playlistw.png (OK)
43623452 res/drawable-mdpi-v4/ic_youtube_24dp.png (OK)
43623808 res/drawable-mdpi-v4/abc_ic_star_black_36dp.png (OK)
43624272 res/drawable-mdpi-v4/ic_cart.png (OK)
43624900 res/drawable-mdpi-v4/rocket_logo2.png (OK)
43630228 res/drawable-mdpi-v4/exo_icon_play.png (OK)
43630564 res/drawable-mdpi-v4/quantum_ic_play_arrow_grey600_48.png (OK)
43630936 res/drawable-mdpi-v4/list_pressed_holo_light.9.png (OK)
43631224 res/drawable-mdpi-v4/notification_bg_normal.9.png (OK)
43631508 res/drawable-mdpi-v4/delete_user.png (OK)
43633484 res/drawable-mdpi-v4/epg.png (OK)
43635092 res/drawable-mdpi-v4/screen2.png (OK)
43636720 res/drawable-mdpi-v4/quantum_ic_skip_previous_white_24.png (OK)
43636948 res/drawable-mdpi-v4/menu_dots.png (OK)
43637296 res/drawable-mdpi-v4/reply_on.png (OK)
43637716 res/drawable-mdpi-v4/abc_ic_star_black_16dp.png (OK)
43638008 res/drawable-mdpi-v4/quantum_ic_replay_30_white_36.png (OK)
43638628 res/drawable-mdpi-v4/subtitle_track_icon.png (OK)
43639696 res/drawable-mdpi-v4/exo_controls_repeat_one.png (OK)
43640068 res/drawable-mdpi-v4/lb_ic_sad_cloud.png (OK)
43641740 res/drawable-mdpi-v4/list_white.png (OK)
43641972 res/drawable-mdpi-v4/favouraites.png (OK)
43679700 res/drawable-mdpi-v4/ic_download.png (OK)
43680144 res/drawable-mdpi-v4/ic_fab_complete.png (OK)
43680468 res/drawable-mdpi-v4/abc_textfield_activated_mtrl_alpha.9.png (OK)
43680736 res/drawable-mdpi-v4/ic_mr_button_disconnected_dark.png (OK)
43681284 res/drawable-mdpi-v4/att_to_fav.png (OK)
43681952 res/drawable-mdpi-v4/common_google_signin_btn_text_dark_normal_background.9.png (OK)
43682640 res/drawable-mdpi-v4/catch_up_focused.png (OK)
43733212 res/drawable-mdpi-v4/abc_text_select_handle_left_mtrl_dark.png (OK)
43733544 res/drawable-mdpi-v4/quantum_ic_play_circle_filled_white_36.png (OK)
43734028 res/drawable-mdpi-v4/lock_open.png (OK)
43734488 res/drawable-mdpi-v4/quantum_ic_volume_up_grey600_36.png (OK)
43735060 res/drawable-mdpi-v4/listview_menu.png (OK)
43735364 res/drawable-mdpi-v4/quantum_ic_art_track_grey600_48.png (OK)
43735772 res/drawable-mdpi-v4/gear_white.png (OK)
43736976 res/drawable-mdpi-v4/cast_genre.png (OK)
43737628 res/drawable-mdpi-v4/abc_switch_track_mtrl_alpha.9.png (OK)
43738116 res/drawable-mdpi-v4/com_facebook_tooltip_black_bottomnub.png (OK)
43738648 res/drawable-mdpi-v4/parental_security_key.png (OK)
43739304 res/drawable-mdpi-v4/hplib_ic_settings.png (OK)
43739772 res/drawable-mdpi-v4/series.png (OK)
43980352 res/drawable-mdpi-v4/quantum_ic_forward_10_white_24.png (OK)
43980760 res/drawable-mdpi-v4/com_facebook_button_send_icon_white.png (OK)
43981108 res/drawable-mdpi-v4/notify_panel_notification_icon_bg.png (OK)
43981272 res/drawable-mdpi-v4/catch_up_icon.png (OK)
43982232 res/drawable-mdpi-v4/ic_vol_type_speaker_dark.png (OK)
43982588 res/drawable-mdpi-v4/ic_audiotrack_dark.png (OK)
43982824 res/drawable-mdpi-v4/epg_play.png (OK)
43983528 res/drawable-mdpi-v4/layout.png (OK)
43984076 res/drawable-mdpi-v4/logout_icon_menu.png (OK)
43984656 res/drawable-mdpi-v4/quantum_ic_play_arrow_grey600_36.png (OK)
43984992 res/drawable-mdpi-v4/ic_playlist.png (OK)
43985712 res/drawable-mdpi-v4/exo_controls_shuffle.png (OK)
43986052 res/drawable-mdpi-v4/ic_fraud.png (OK)
43986932 res/drawable-mdpi-v4/ic_myinvoice.png (OK)
43987816 res/drawable-mdpi-v4/quantum_ic_play_arrow_white_24.png (OK)
43988056 res/drawable-mdpi-v4/ic_arrow_down_24dp.png (OK)
43988328 res/drawable-mdpi-v4/abc_list_pressed_holo_dark.9.png (OK)
43988600 res/drawable-mdpi-v4/ic_unpaid.png (OK)
43989796 res/drawable-mdpi-v4/ic_setting_account_focus.png (OK)
43990772 res/drawable-mdpi-v4/livetv_icon_menu.png (OK)
43991400 res/drawable-mdpi-v4/reset.png (OK)
43991932 res/drawable-mdpi-v4/questionmark.png (OK)
43992688 res/drawable-mdpi-v4/live_with_epg_icon.png (OK)
43993424 res/drawable-mdpi-v4/com_facebook_profile_picture_blank_square.png (OK)
43995160 res/drawable-mdpi-v4/common_google_signin_btn_icon_dark_normal_background.9.png (OK)
43995836 res/drawable-mdpi-v4/ic_suspended.png (OK)
43996872 res/drawable-mdpi-v4/quantum_ic_replay_30_grey600_36.png (OK)
43997584 res/drawable-mdpi-v4/reply_off.png (OK)
43998048 res/drawable-mdpi-v4/com_facebook_tooltip_blue_topnub.png (OK)
43998516 res/drawable-mdpi-v4/quantum_ic_volume_off_white_36.png (OK)
43999100 res/drawable-mdpi-v4/ic_fullscreen_exit_24dp.png (OK)
43999292 res/drawable-mdpi-v4/logout_user.png (OK)
44000256 res/drawable-mdpi-v4/quantum_ic_play_circle_filled_grey600_36.png (OK)
44000832 res/drawable-mdpi-v4/switch_user.png (OK)
44003044 res/drawable-mdpi-v4/com_facebook_profile_picture_blank_portrait.png (OK)
44004836 res/drawable-mdpi-v4/ic_media_pause_light.png (OK)
44005024 res/drawable-mdpi-v4/live_tv_background.png (OK)
44051960 res/drawable-mdpi-v4/ic_collections.png (OK)
44052868 res/drawable-mdpi-v4/quantum_ic_pause_grey600_48.png (OK)
44053072 res/drawable-mdpi-v4/ic_vol_type_speaker_group_dark.png (OK)
44053472 res/drawable-mdpi-v4/abc_text_select_handle_middle_mtrl_light.png (OK)
44053984 res/drawable-mdpi-v4/ic_mr_button_disabled_light.png (OK)
44054424 res/drawable-mdpi-v4/epg_icon.png (OK)
44055140 res/drawable-mdpi-v4/exo_controls_repeat_off.png (OK)
44055512 res/drawable-mdpi-v4/add_more_user.png (OK)
44056960 res/drawable-mdpi-v4/ic_billing_left_arrow.png (OK)
44057200 res/drawable-mdpi-v4/quantum_ic_cast_white_36.png (OK)
44057764 res/drawable-mdpi-v4/alert_icon.png (OK)
44058288 res/drawable-mdpi-v4/lb_ic_in_app_search.png (OK)
44058796 res/drawable-mdpi-v4/dashboard_background.jpg (OK)
44170876 res/drawable-mdpi-v4/cast_abc_scrubber_control_to_pressed_mtrl_005.png (OK)
44171180 res/drawable-mdpi-v4/spinner_pressed_holo_light.9.png (OK)
44171596 res/drawable-mdpi-v4/ic_pending.png (OK)
44172752 res/drawable-mdpi-v4/ic_down.png (OK)
44173104 res/drawable-mdpi-v4/com_facebook_tooltip_blue_xout.png (OK)
44173380 res/drawable-mdpi-v4/cast_ic_notification_2.png (OK)
44173708 res/drawable-mdpi-v4/ic_media_stop_light.png (OK)
44173884 res/drawable-mdpi-v4/playersettings.png (OK)
44175504 res/drawable-mdpi-v4/com_facebook_button_send_icon_blue.png (OK)
44176084 res/drawable-mdpi-v4/abc_scrubber_control_to_pressed_mtrl_000.png (OK)
44176328 res/drawable-mdpi-v4/series_icon_icon.png (OK)
44178908 res/drawable-mdpi-v4/abc_list_focused_holo.9.png (OK)
44179212 res/drawable-mdpi-v4/epg_selection_icon.png (OK)
44180368 res/drawable-mdpi-v4/quantum_ic_skip_previous_grey600_36.png (OK)
44180720 res/drawable-mdpi-v4/quantum_ic_clear_white_24.png (OK)
44180960 res/drawable-mdpi-v4/live_tv.png (OK)
44451604 res/drawable-mdpi-v4/abc_popup_background_mtrl_mult.9.png (OK)
44452416 res/drawable-mdpi-v4/rokect_image.png (OK)
44464264 res/drawable-mdpi-v4/ic_cancelled.png (OK)
44465216 res/drawable-mdpi-v4/refresh_icon.png (OK)
44465692 res/drawable-mdpi-v4/exo_notification_small_icon.png (OK)
44466536 res/drawable-mdpi-v4/ic_tickets.png (OK)
44467524 res/drawable-mdpi-v4/lock.png (OK)
44468056 res/drawable-mdpi-v4/abc_ic_menu_selectall_mtrl_alpha.png (OK)
44468300 res/drawable-mdpi-v4/ic_media_stop_dark.png (OK)
44468476 res/drawable-mdpi-v4/stop_icon.png (OK)
44469092 res/drawable-mdpi-v4/recording_icon.png (OK)
44470264 res/drawable-mdpi-v4/fab_bg_normal.png (OK)
44473932 res/drawable-mdpi-v4/messenger_bubble_small_blue.png (OK)
44474524 res/drawable-mdpi-v4/delete_icon.png (OK)
44474836 res/drawable-mdpi-v4/quantum_ic_bigtop_updates_white_24.png (OK)
44475368 res/drawable-mdpi-v4/abc_list_longpressed_holo.9.png (OK)
44475648 res/drawable-mdpi-v4/navigae_next.png (OK)
44475832 res/drawable-mdpi-v4/bar.png (OK)
44478104 res/drawable-mdpi-v4/arrow_f.png (OK)
44478480 res/drawable-mdpi-v4/googleg_disabled_color_18.png (OK)
44478932 res/drawable-mdpi-v4/screen1.png (OK)
44481632 res/drawable-mdpi-v4/exo_icon_next.png (OK)
44481908 res/drawable-mdpi-v4/ic_vpn_not_connect.png (OK)
44498264 res/drawable-mdpi-v4/abc_ic_menu_paste_mtrl_am_alpha.png (OK)
44498528 res/drawable-mdpi-v4/abc_ic_menu_cut_mtrl_alpha.png (OK)
44498856 res/drawable-mdpi-v4/ic_refund.png (OK)
44499800 res/drawable-mdpi-v4/player_retry.png (OK)
44500316 res/drawable-mdpi-v4/ic_vol_type_tv_dark.png (OK)
44500532 res/drawable-mdpi-v4/streamformat.png (OK)
44501436 res/drawable-mdpi-v4/notification_bg_low_pressed.9.png (OK)
44501740 res/drawable-mdpi-v4/design_ic_visibility_off.png (OK)
44502200 res/drawable-mdpi-v4/ic_terminated.png (OK)
44502916 res/drawable-mdpi-v4/abc_scrubber_track_mtrl_alpha.9.png (OK)
44503180 res/drawable-mdpi-v4/ic_playlistwg.png (OK)
44504120 res/drawable-mdpi-v4/quantum_ic_replay_10_white_24.png (OK)
44504504 res/drawable-mdpi-v4/black_background.jpg (OK)
44616556 res/drawable-mdpi-v4/guide_icon_menu.png (OK)
44617084 res/drawable-mdpi-v4/notification_bg_low_normal.9.png (OK)
44617372 res/drawable-mdpi-v4/aspect_ratio_new.png (OK)
44617924 res/drawable-v21/hplib_ic_previous_archive.xml (OK - compressed)
44618321 res/drawable-v21/ic_menu_slideshow.xml (OK - compressed)
44618804 res/drawable-v21/preference_list_divider_material.xml (OK - compressed)
44619138 res/drawable-v21/selector_list_multidns.xml (OK - compressed)
44619498 res/drawable-v21/ic_warning_black_24dp.xml (OK - compressed)
44619930 res/drawable-v21/ic_fullscreen_black_24dp.xml (OK - compressed)
44620389 res/drawable-v21/ripple_episode.xml (OK - compressed)
44620740 res/drawable-v21/hplib_ic_pause.xml (OK - compressed)
44621159 res/drawable-v21/ic_mtrl_chip_checked_black.xml (OK - compressed)
44621559 res/drawable-v21/riple_green.xml (OK - compressed)
44621949 res/drawable-v21/abc_ic_menu_overflow_material.xml (OK - compressed)
44622420 res/drawable-v21/tranparentdark.png (OK)
44622717 res/drawable-v21/hplib_ic_next_archive.xml (OK - compressed)
44623112 res/drawable-v21/hplib_ic_lock.xml (OK - compressed)
44623613 res/drawable-v21/ic_menu_camera.xml (OK - compressed)
44624153 res/drawable-v21/abc_ic_voice_search_api_material.xml (OK - compressed)
44624698 res/drawable-v21/selector_list_categories.xml (OK - compressed)
44625021 res/drawable-v21/ic_open_with_black_24dp.xml (OK - compressed)
44625504 res/drawable-v21/com_facebook_button_icon.xml (OK - compressed)
44626183 res/drawable-v21/selector_sky_list.xml (OK - compressed)
44626494 res/drawable-v21/icon_favorite_add.xml (OK - compressed)
44627109 res/drawable-v21/selector_list_multidns_userimage.xml (OK - compressed)
44627464 res/drawable-v21/ic_favorite.xml (OK - compressed)
44627961 res/drawable-v21/ic_delete_black.xml (OK - compressed)
44628733 res/drawable-v21/ic_insert_drive_file_black_24dp.xml (OK - compressed)
44629207 res/drawable-v21/lb_control_button_secondary.xml (OK - compressed)
44629662 res/drawable-v21/ic_menu_share.xml (OK - compressed)
44630272 res/drawable-v21/abc_ic_go_search_api_material.xml (OK - compressed)
44630706 res/drawable-v21/md_btn_selector_ripple_dark.xml (OK - compressed)
44631012 res/drawable-v21/hplib_ic_forward_vod.xml (OK - compressed)
44631448 res/drawable-v21/lb_action_bg.xml (OK - compressed)
44631818 res/drawable-v21/avd_hide_password__0.xml (OK - compressed)
44632425 res/drawable-v21/avd_hide_password__1.xml (OK - compressed)
44632823 res/drawable-v21/ripple_effect.xml (OK - compressed)
44633199 res/drawable-v21/hplib_ic_rewind.xml (OK - compressed)
44633627 res/drawable-v21/ic_audiotrack_black_24dp.xml (OK - compressed)
44634107 res/drawable-v21/avd_show_password__0.xml (OK - compressed)
44634689 res/drawable-v21/arrow_forward.xml (OK - compressed)
44635111 res/drawable-v21/hplib_ic_unlock.xml (OK - compressed)
44635614 res/drawable-v21/ic_mtrl_chip_close_circle.xml (OK - compressed)
44636110 res/drawable-v21/hidepassword_edit_details.xml (OK - compressed)
44636932 res/drawable-v21/img_edit_user.xml (OK - compressed)
44637421 res/drawable-v21/ic_favorite_normal.xml (OK - compressed)
44638033 res/drawable-v21/abc_list_divider_material.xml (OK - compressed)
44638360 res/drawable-v21/ic_menu_gallery.xml (OK - compressed)
44638826 res/drawable-v21/ic_thumb.xml (OK - compressed)
44640208 res/drawable-v21/avd_show_password.xml (OK - compressed)
44640587 res/drawable-v21/ripple_login.xml (OK - compressed)
44640976 res/drawable-v21/ic_library_music_black_24dp.xml (OK - compressed)
44641515 res/drawable-v21/ic_menu_send.xml (OK - compressed)
44641920 res/drawable-v21/avd_show_password__1.xml (OK - compressed)
44642319 res/drawable-v21/hplib_ic_grid.xml (OK - compressed)
44642952 res/drawable-v21/design_bottom_navigation_item_background.xml (OK - compressed)
44643198 res/drawable-v21/ic_zoom_out_map_black_24dp.xml (OK - compressed)
44643713 res/drawable-v21/ripple_left_sidebar.xml (OK - compressed)
44644118 res/drawable-v21/ripple_white.xml (OK - compressed)
44644508 res/drawable-v21/lb_control_button_primary.xml (OK - compressed)
44644982 res/drawable-v21/abc_ratingbar_indicator_material.xml (OK - compressed)
44645372 res/drawable-v21/abc_ic_search_api_material.xml (OK - compressed)
44645921 res/drawable-v21/ic_play_circle_outline_black_24dp.xml (OK - compressed)
44646440 res/drawable-v21/ripple_left_sidebar_live_cat_for_mobile.xml (OK - compressed)
44646787 res/drawable-v21/hplib_ic_settings.xml (OK - compressed)
44647508 res/drawable-v21/hplib_ic_rewind_vod.xml (OK - compressed)
44647938 res/drawable-v21/ic_video_library_black_24dp.xml (OK - compressed)
44648442 res/drawable-v21/abc_ratingbar_small_material.xml (OK - compressed)
44648818 res/drawable-v21/hidepassword.xml (OK - compressed)
44649649 res/drawable-v21/notification_action_background.xml (OK - compressed)
44650215 res/drawable-v21/abc_dialog_material_background.xml (OK - compressed)
44650622 res/drawable-v21/hplib_ic_previous.xml (OK - compressed)
44651024 res/drawable-v21/background_item_selected.xml (OK - compressed)
44651256 res/drawable-v21/md_btn_shape.xml (OK - compressed)
44651731 res/drawable-v21/ic_cancel.xml (OK - compressed)
44652279 res/drawable-v21/abc_action_bar_item_background_material.xml (OK - compressed)
44652519 res/drawable-v21/abc_edit_text_material.xml (OK - compressed)
44653068 res/drawable-v21/md_btn_selector_ripple.xml (OK - compressed)
44653362 res/drawable-v21/add_user.xml (OK - compressed)
44654484 res/drawable-v21/ripple_effect_ondemand.xml (OK - compressed)
44654859 res/drawable-v21/hplib_ic_next.xml (OK - compressed)
44655257 res/drawable-v21/hplib_ic_subtitle.xml (OK - compressed)
44655753 res/drawable-v21/ic_bell.xml (OK - compressed)
44656757 res/drawable-v21/abc_ic_clear_material.xml (OK - compressed)
44657196 res/drawable-v21/ic_microphone.xml (OK - compressed)
44658432 res/drawable-v21/paid_box.xml (OK - compressed)
44658843 res/drawable-v21/ripple_cathcup.xml (OK - compressed)
44659226 res/drawable-v21/ic_videocam_black_24dp.xml (OK - compressed)
44659704 res/drawable-v21/abc_ic_arrow_drop_right_black_24dp.xml (OK - compressed)
44660289 res/drawable-v21/ic_mtrl_chip_checked_circle.xml (OK - compressed)
44660823 res/drawable-v21/avd_hide_password__2.xml (OK - compressed)
44661210 res/drawable-v21/abc_ic_ab_back_material.xml (OK - compressed)
44661670 res/drawable-v21/showpassword.xml (OK - compressed)
44662177 res/drawable-v21/abc_btn_colored_material.xml (OK - compressed)
44662817 res/drawable-v21/com_facebook_favicon_blue.xml (OK - compressed)
44663378 res/drawable-v21/showpassword_edit_detail.xml (OK - compressed)
44663881 res/drawable-v21/ripple_effect_vpn.xml (OK - compressed)
44664237 res/drawable-v21/design_password_eye.xml (OK - compressed)
44664667 res/drawable-v21/collection_box_focus.xml (OK - compressed)
44665122 res/drawable-v21/new_user_img_active.xml (OK - compressed)
44665718 res/drawable-v21/ic_ratingbar.xml (OK - compressed)
44666456 res/drawable-v21/ripple_episode_rounded.xml (OK - compressed)
44666866 res/drawable-v21/lb_selectable_item_rounded_rect.xml (OK - compressed)
44667227 res/drawable-v21/ic_menu_manage.xml (OK - compressed)
44667733 res/drawable-v21/ic_music_note_black_44dp.xml (OK - compressed)
44668203 res/drawable-v21/ic_slow_motion_video_black_24dp.xml (OK - compressed)
44668910 res/drawable-v21/icon_favorite_remove.xml (OK - compressed)
44669539 res/drawable-v21/avd_show_password__2.xml (OK - compressed)
44669926 res/drawable-v21/abc_ratingbar_material.xml (OK - compressed)
44670308 res/drawable-v21/ripple_devices_list.xml (OK - compressed)
44670712 res/drawable-v21/ic_arrow_down_24dp.xml (OK - compressed)
44671144 res/drawable-v21/lb_card_foreground.xml (OK - compressed)
44671384 res/drawable-v21/hplib_ic_play_download.xml (OK - compressed)
44671888 res/drawable-v21/ic_music_note_black_24dp.xml (OK - compressed)
44672338 res/drawable-v21/hplib_ic_back.xml (OK - compressed)
44672757 res/drawable-v21/abc_vector_test.xml (OK - compressed)
44673174 res/drawable-v21/hplib_ic_forward.xml (OK - compressed)
44673617 res/drawable-v21/avd_hide_password.xml (OK - compressed)
44673995 res/drawable-v21/new_user_img.xml (OK - compressed)
44674590 res/drawable-v21/ic_restore_white.xml (OK - compressed)
44675193 res/layout-sw720dp-land-v21/honey_player_testing.xml (OK - compressed)
44679535 res/layout-sw720dp-land-v21/honey_player_epg.xml (OK - compressed)
44684276 res/layout-sw720dp-land-v21/activity_multi_setting_new.xml (OK - compressed)
44685538 res/layout-sw720dp-land-v21/activity_series_all_data_single.xml (OK - compressed)
44687802 res/layout-sw720dp-land-v21/honey_player_live.xml (OK - compressed)
44692633 res/layout-sw720dp-land-v21/honey_player_live_tv.xml (OK - compressed)
44697380 res/drawable/default_video.png (OK)
44700365 res/drawable/shape_checkbox_focused_blank.xml (OK - compressed)
44700640 res/drawable/login_icon2_focused.png (OK)
44701787 res/drawable/bg_item_swiping_active_state.xml (OK - compressed)
44702072 res/drawable/login_icon1_focused.png (OK)
44702928 res/drawable/series_icon.png (OK)
44706800 res/drawable/info_icon.png (OK)
44707870 res/drawable/hplib_ic_previous_archive.xml (OK - compressed)
44708147 res/drawable/player_header_gradient.xml (OK - compressed)
44708464 res/drawable/add_user_white.png (OK)
44709462 res/drawable/shape_live_layout_without_focused_search.xml (OK - compressed)
44709864 res/drawable/shape_vod_layout_new_flow.xml (OK - compressed)
44710236 res/drawable/icon_external_player_selection.png (OK)
44712265 res/drawable/shape_tv_guide.xml (OK - compressed)
44712710 res/drawable/shape_focused_accept.xml (OK - compressed)
44713148 res/drawable/vod_icon.png (OK)
44717342 res/drawable/shape_line_login_fields2.xml (OK - compressed)
44717717 res/drawable/edit_text_rounded_background.xml (OK - compressed)
44718032 res/drawable/settings_switch.png (OK)
44720347 res/drawable/vw_bg_folder_list.xml (OK - compressed)
44720688 res/drawable/mr_dialog_close_dark.xml (OK - compressed)
44720952 res/drawable/icon4_unfocused.png (OK)
44721720 res/drawable/sound_mute.png (OK)
44721975 res/drawable/selector_live_focuscolor.xml (OK - compressed)
44722346 res/drawable/preference_list_divider_material.xml (OK - compressed)
44722655 res/drawable/line_multi.xml (OK - compressed)
44722932 res/drawable/home_icon_black.png (OK)
44723350 res/drawable/shape_vod.xml (OK - compressed)
44723797 res/drawable/selector_list_multidns.xml (OK - compressed)
44724124 res/drawable/ic_warning_black_24dp.xml (OK - compressed)
44724409 res/drawable/shape_tv_archive.xml (OK - compressed)
44724858 res/drawable/ic_fullscreen_black_24dp.xml (OK - compressed)
44725124 res/drawable/icon_shadow.xml (OK - compressed)
44725508 res/drawable/abc_btn_check_material.xml (OK - compressed)
44725832 res/drawable/abc_cab_background_top_material.xml (OK - compressed)
44726106 res/drawable/shape_verify_password_fields_focused.xml (OK - compressed)
44726552 res/drawable/hp_sync_2.png (OK)
44727596 res/drawable/hp_audio_subtitle_track.png (OK)
44728390 res/drawable/cast_mini_controller_progress_drawable.xml (OK - compressed)
44728757 res/drawable/ripple_episode.xml (OK - compressed)
44729111 res/drawable/selected_indicator.xml (OK - compressed)
44729505 res/drawable/shape_categories_sidebar_layout_focused.xml (OK - compressed)
44729896 res/drawable/dis_con.xml (OK - compressed)
44730285 res/drawable/bg_item_swiping_state.xml (OK - compressed)
44730566 res/drawable/drop_shadow_top.xml (OK - compressed)
44730876 res/drawable/close.png (OK)
44731364 res/drawable/icon3_focused.png (OK)
44732236 res/drawable/sound.gif (OK)
44751355 res/drawable/live_without_focus.xml (OK - compressed)
44751708 res/drawable/hplib_ic_pause.xml (OK - compressed)
44751992 res/drawable/cast_ic_notification_rewind10.xml (OK - compressed)
44752228 res/drawable/ic_drag_updown_grey_24dp.png (OK)
44752514 res/drawable/draft_box_focus.xml (OK - compressed)
44752971 res/drawable/ic_mtrl_chip_checked_black.xml (OK - compressed)
44753237 res/drawable/riple_green.xml (OK - compressed)
44753588 res/drawable/episode_cast_tab_background.png (OK)
44753884 res/drawable/hp_unlocked.png (OK)
44755803 res/drawable/abc_ic_menu_overflow_material.xml (OK - compressed)
44756084 res/drawable/logout_btn.png (OK)
44756812 res/drawable/hp_volume_3.png (OK)
44757988 res/drawable/screen5.png (OK)
44759576 res/drawable/tranparentdark.png (OK)
44759852 res/drawable/tmdb.png (OK)
44762980 res/drawable/settings_switch_focus.png (OK)
44764800 res/drawable/catch_background.png (OK)
44815344 res/drawable/favourite_yellow.png (OK)
44816183 res/drawable/hplib_ic_next_archive.xml (OK - compressed)
44816451 res/drawable/hplib_ic_lock.xml (OK - compressed)
44816719 res/drawable/selector_menu.xml (OK - compressed)
44817028 res/drawable/settings_automation.png (OK)
44820712 res/drawable/hp_icon_key.png (OK)
44821423 res/drawable/btn_click1.xml (OK - compressed)
44821738 res/drawable/menu_close_selector.xml (OK - compressed)
44822061 res/drawable/selector_line_login_fieldss.xml (OK - compressed)
44822400 res/drawable/cast_ic_expanded_controller_forward30.xml (OK - compressed)
44822724 res/drawable/ic_setting_account.png (OK)
44823972 res/drawable/cast_expanded_controller_bg_gradient_light.xml (OK - compressed)
44824300 res/drawable/splash_new_background.jpg (OK)
44936336 res/drawable/screen3.png (OK)
44937940 res/drawable/settings_stream_format.png (OK)
44939972 res/drawable/scrollbar_list_view.xml (OK - compressed)
44940279 res/drawable/shape_button_focused1.xml (OK - compressed)
44940743 res/drawable/layer_list_live_category_focus_tv.xml (OK - compressed)
44941056 res/drawable/bg_item_normal_state.xml (OK - compressed)
44941376 res/drawable/mr_media_play_light.xml (OK - compressed)
44941701 res/drawable/cast_ic_expanded_controller_skip_next.xml (OK - compressed)
44942038 res/drawable/abc_ic_voice_search_api_material.xml (OK - compressed)
44942330 res/drawable/shape_list_categories.xml (OK - compressed)
44942592 res/drawable/item10.webp (OK)
44961548 res/drawable/logout_icon.png (OK)
44962661 res/drawable/shape_search_icon.xml (OK - compressed)
44963092 res/drawable/selector_list_categories.xml (OK - compressed)
44963422 res/drawable/mr_button_connecting_dark.xml (OK - compressed)
44963980 res/drawable/shade.xml (OK - compressed)
44964304 res/drawable/fab_vpn.png (OK)
44981367 res/drawable/selector_checkbox.xml (OK - compressed)
44981668 res/drawable/settings_parental_control.png (OK)
44984506 res/drawable/rounded_edge_2.xml (OK - compressed)
44984904 res/drawable/settings_vpn.png (OK)
44987716 res/drawable/fav_heart_white.png (OK)
44988408 res/drawable/white_check.png (OK)
44989548 res/drawable/selector_master_search_field.xml (OK - compressed)
44989870 res/drawable/bg_swipe_item_right.xml (OK - compressed)
44990253 res/drawable/mr_dialog_material_background_dark.xml (OK - compressed)
44990556 res/drawable/ondemand_focused.png (OK)
45039115 res/drawable/cast_ic_notification_skip_prev.xml (OK - compressed)
45039336 res/drawable/blur_lens.png (OK)
45041832 res/drawable/suspended_focus_dashboard_drawable.xml (OK - compressed)
45042256 res/drawable/recording.png (OK)
45042731 res/drawable/ic_open_with_black_24dp.xml (OK - compressed)
45043000 res/drawable/settings_icon.png (OK)
45043552 res/drawable/black_arrow_right.png (OK)
45044008 res/drawable/shape_round_button_white.xml (OK - compressed)
45044436 res/drawable/minus_icon.png (OK)
45045164 res/drawable/login_user.png (OK)
45048241 res/drawable/drop_shadow_bottom.xml (OK - compressed)
45048568 res/drawable/list_selector_holo_light.xml (OK - compressed)
45048994 res/drawable/shape_master_search_field.xml (OK - compressed)
45049454 res/drawable/cast_ic_mini_controller_mute.xml (OK - compressed)
45049772 res/drawable/hp_bright_1.png (OK)
45051345 res/drawable/shape_focused_nonaccept.xml (OK - compressed)
45051802 res/drawable/com_facebook_button_icon.xml (OK - compressed)
45052108 res/drawable/cast_ic_mini_controller_skip_next.xml (OK - compressed)
45052336 res/drawable/icon2_unfocused.png (OK)
45053112 res/drawable/btn_click.xml (OK - compressed)
45053420 res/drawable/speed_icon.png (OK)
45054492 res/drawable/show_password_selector.xml (OK - compressed)
45054804 res/drawable/selector_sky_list.xml (OK - compressed)
45055128 res/drawable/btn_cab_done_focused_democast.9.png (OK)
45055422 res/drawable/invoice_dashboard_drawable.xml (OK - compressed)
45055849 res/drawable/bg_item_dragging_active_state.xml (OK - compressed)
45056135 res/drawable/notification_tile_bg.xml (OK - compressed)
45056376 res/drawable/main.png (OK)
45075027 res/drawable/icon_favorite_add.xml (OK - compressed)
45075309 res/drawable/shape_search_fields_focused.xml (OK - compressed)
45075750 res/drawable/selector_ads.xml (OK - compressed)
45076013 res/drawable/selector_live_arrow.xml (OK - compressed)
45076319 res/drawable/gray_circle.xml (OK - compressed)
45076661 res/drawable/cast_ic_notification_disconnect.xml (OK - compressed)
45076897 res/drawable/left_recycler_sidebar_tv.xml (OK - compressed)
45077284 res/drawable/btn_cab_done_democast.xml (OK - compressed)
45077632 res/drawable/setting_box_focus.xml (OK - compressed)
45077969 res/drawable/layout_radius.xml (OK - compressed)
45078390 res/drawable/md_item_selected.xml (OK - compressed)
45078655 res/drawable/indicator_selector.xml (OK - compressed)
45078975 res/drawable/buy_now_box_focus_drawable.xml (OK - compressed)
45079400 res/drawable/shape_button1.xml (OK - compressed)
45079848 res/drawable/settings_multiscreen.png (OK)
45081640 res/drawable/item1.webp (OK)
45119258 res/drawable/custom_track_switch.xml (OK - compressed)
45119824 res/drawable/settings_epg.png (OK)
45122199 res/drawable/selector_favourite_vod.xml (OK - compressed)
45122685 res/drawable/ic_favorite.xml (OK - compressed)
45122957 res/drawable/selector_tv_guide.xml (OK - compressed)
45123284 res/drawable/vw_ic_arrow_down.png (OK)
45123587 res/drawable/ic_delete_black.xml (OK - compressed)
45123892 res/drawable/icon1_unfocused.png (OK)
45124302 res/drawable/ic_insert_drive_file_black_24dp.xml (OK - compressed)
45124580 res/drawable/tv_icon.png (OK)
45125498 res/drawable/mr_button_connected_dark.xml (OK - compressed)
45126081 res/drawable/cast_ic_expanded_controller_rewind30.xml (OK - compressed)
45126415 res/drawable/com_facebook_send_button_icon.xml (OK - compressed)
45126754 res/drawable/selector_dashboard_boxes_layout.xml (OK - compressed)
45127064 res/drawable/no_image_available.png (OK)
45132495 res/drawable/lb_control_button_secondary.xml (OK - compressed)
45132896 res/drawable/logo_dark.png (OK)
45133307 res/drawable/rounded_edge_3.xml (OK - compressed)
45133719 res/drawable/cast_ic_notification_play.xml (OK - compressed)
45133952 res/drawable/login_icon1_unfocused.png (OK)
45134798 res/drawable/list_item_bg_pressed.xml (OK - compressed)
45135153 res/drawable/terminated_focus_dashboard_drawable.xml (OK - compressed)
45135598 res/drawable/cast_ic_expanded_controller_pause.xml (OK - compressed)
45135931 res/drawable/abc_ic_go_search_api_material.xml (OK - compressed)
45136224 res/drawable/refresh_button_focused.xml (OK - compressed)
45136667 res/drawable/messenger_button_white_bg_selector.xml (OK - compressed)
45137077 res/drawable/selector_login_fields.xml (OK - compressed)
45137396 res/drawable/settings_settings.png (OK)
45140449 res/drawable/recent_watch_progress.xml (OK - compressed)
45140847 res/drawable/ticket_focus_dashboard_drawable.xml (OK - compressed)
45141312 res/drawable/cast_ic_mini_controller_stop.xml (OK - compressed)
45141544 res/drawable/hplib_ic_forward_vod.xml (OK - compressed)
45141831 res/drawable/shape_small_boxes_layout_focused.xml (OK - compressed)
45142272 res/drawable/vertical_divider.xml (OK - compressed)
45142576 res/drawable/fav_heart_red.png (OK)
45143575 res/drawable/common_google_signin_btn_text_disabled.xml (OK - compressed)
45144104 res/drawable/login_btn_focused.png (OK)
45145409 res/drawable/abc_item_background_holo_light.xml (OK - compressed)
45145828 res/drawable/layer_list_live_category_un_focus_tv.xml (OK - compressed)
45146198 res/drawable/shape_tv_archive_focused.xml (OK - compressed)
45146616 res/drawable/shape_drawer_close_focused.xml (OK - compressed)
45147017 res/drawable/button_hover_play.xml (OK - compressed)
45147408 res/drawable/livetv_icon.png (OK)
45151422 res/drawable/vod_without_focus.xml (OK - compressed)
45151780 res/drawable/selector_tracks_layout.xml (OK - compressed)
45152096 res/drawable/design_snackbar_background.xml (OK - compressed)
45152403 res/drawable/shape_button_for_url.xml (OK - compressed)
45152787 res/drawable/draft_box.xml (OK - compressed)
45153234 res/drawable/abc_list_selector_background_transition_holo_light.xml (OK - compressed)
45153508 res/drawable/search_white.png (OK)
45154225 res/drawable/shape_save_button_focused.xml (OK - compressed)
45154584 res/drawable/star.png (OK)
45155204 res/drawable/movies.png (OK)
45341704 res/drawable/hp_play.png (OK)
45342424 res/drawable/shape_epg_sources.xml (OK - compressed)
45342696 res/drawable/ic_dash_catchup.png (OK)
45381892 res/drawable/live_tv_icon.png (OK)
45383576 res/drawable/design_fab_background.xml (OK - compressed)
45383856 res/drawable/btn_cab_done_focused_castvideo.9.png (OK)
45384126 res/drawable/ripple_effect.xml (OK - compressed)
45384473 res/drawable/cast_tooltip_background.xml (OK - compressed)
45384783 res/drawable/com_facebook_button_like_background.xml (OK - compressed)
45385252 res/drawable/hp_bright_2.png (OK)
45386904 res/drawable/gear_orange.png (OK)
45387356 res/drawable/iptv_smarters_white_large.png (OK)
45388896 res/drawable/gear_white_dashboard.png (OK)
45389756 res/drawable/logo_placeholder_white.png (OK)
45390029 res/drawable/shape_line_login_fields_focused2.xml (OK - compressed)
45390399 res/drawable/series_without_focus.xml (OK - compressed)
45390746 res/drawable/button_play.xml (OK - compressed)
45391132 res/drawable/hp_sorting.png (OK)
45392572 res/drawable/settings_time_format_focus.png (OK)
45394442 res/drawable/cancel_box.xml (OK - compressed)
45394884 res/drawable/cast_expanded_controller_live_indicator_drawable.xml (OK - compressed)
45395200 res/drawable/shadow_bottom.xml (OK - compressed)
45395592 res/drawable/manage_user.png (OK)
45400824 res/drawable/empty_circle.png (OK)
45401588 res/drawable/logout_btn_effect.png (OK)
45403333 res/drawable/hplib_ic_rewind.xml (OK - compressed)
45403603 res/drawable/mr_group_expand.xml (OK - compressed)
45404059 res/drawable/mtrl_tabs_default_indicator.xml (OK - compressed)
45404396 res/drawable/hp_dropdown.png (OK)
45404882 res/drawable/abc_list_selector_holo_light.xml (OK - compressed)
45405307 res/drawable/ic_audiotrack_black_24dp.xml (OK - compressed)
45405589 res/drawable/arrow_forward.xml (OK - compressed)
45405856 res/drawable/account_info.png (OK)
45407603 res/drawable/cast_ic_mini_controller_play.xml (OK - compressed)
45407828 res/drawable/support_agent.png (OK)
45411483 res/drawable/button_delete.xml (OK - compressed)
45411838 res/drawable/hplib_ic_unlock.xml (OK - compressed)
45412100 res/drawable/record.png (OK)
45412756 res/drawable/sw_icon.png (OK)
45414956 res/drawable/warning_icon.png (OK)
45416792 res/drawable/on_demand_background.png (OK)
45465346 res/drawable/ic_mtrl_chip_close_circle.xml (OK - compressed)
45465612 res/drawable/vw_ic_back.png (OK)
45465914 res/drawable/hidepassword_edit_details.xml (OK - compressed)
45466197 res/drawable/shape_login_fields.xml (OK - compressed)
45466658 res/drawable/ic_mini_controller_upcoming_play.xml (OK - compressed)
45466895 res/drawable/ticket_dashboard_drawable.xml (OK - compressed)
45467309 res/drawable/cursor_drawable.xml (OK - compressed)
45467608 res/drawable/green_focused.png (OK)
45488217 res/drawable/img_edit_user.xml (OK - compressed)
45488517 res/drawable/ripple_left_sidebar_live_cat.xml (OK - compressed)
45488840 res/drawable/add_user_black.png (OK)
45489787 res/drawable/epgprogress.xml (OK - compressed)
45490368 res/drawable/user_placeholder.png (OK)
45493456 res/drawable/btn_cab_done_pressed_democast.9.png (OK)
45493736 res/drawable/logo_white.png (OK)
45533247 res/drawable/cast_ic_mini_controller_forward30.xml (OK - compressed)
45533490 res/drawable/shape_parental_settings_focused.xml (OK - compressed)
45533899 res/drawable/player_footer_gradient.xml (OK - compressed)
45534220 res/drawable/settings_box_focus.png (OK)
45536248 res/drawable/login_icon2_unfocused.png (OK)
45537324 res/drawable/hp_bright_7.png (OK)
45539152 res/drawable/livetv_focused.png (OK)
45586084 res/drawable/ic_favorite_normal.xml (OK - compressed)
45586363 res/drawable/shape_vod_layout_focused.xml (OK - compressed)
45586804 res/drawable/hp_aspect_ratio.png (OK)
45587044 res/drawable/green_background.png (OK)
45607665 res/drawable/abc_list_divider_material.xml (OK - compressed)
45607986 res/drawable/shape_sky_list_focused.xml (OK - compressed)
45608312 res/drawable/selector_save_button.xml (OK - compressed)
45608636 res/drawable/multiscreen_icon.png (OK)
45609008 res/drawable/arrow.png (OK)
45609420 res/drawable/services_dashboard_drawable.xml (OK - compressed)
45609826 res/drawable/ic_thumb.xml (OK - compressed)
45610120 res/drawable/shape_play_focused.xml (OK - compressed)
45610572 res/drawable/chromecast_filled_black.png (OK)
45611883 res/drawable/cast_ic_expanded_controller_stop.xml (OK - compressed)
45612200 res/drawable/logn_new_bg.jpg (OK)
45724255 res/drawable/cast_ic_mini_controller_pause.xml (OK - compressed)
45724480 res/drawable/lb_background.xml (OK - compressed)
45724785 res/drawable/md_btn_selected_dark.xml (OK - compressed)
45725261 res/drawable/bg_key.xml (OK - compressed)
45725607 res/drawable/bg_item_dragging_state.xml (OK - compressed)
45725911 res/drawable/cast_expanded_controller_seekbar_thumb.xml (OK - compressed)
45726344 res/drawable/aspect_ratio.png (OK)
45727432 res/drawable/shape_list_multidns_focused.xml (OK - compressed)
45727791 res/drawable/shape_vpn_focus.xml (OK - compressed)
45728144 res/drawable/reset_icon.png (OK)
45729214 res/drawable/shape_show_password.xml (OK - compressed)
45729677 res/drawable/abc_item_background_holo_dark.xml (OK - compressed)
45730079 res/drawable/tooltip_frame_light.xml (OK - compressed)
45730387 res/drawable/selector_black_focus.xml (OK - compressed)
45730718 res/drawable/ic_library_music_black_24dp.xml (OK - compressed)
45731017 res/drawable/com_facebook_button_background.xml (OK - compressed)
45731493 res/drawable/refounded_box.xml (OK - compressed)
45731905 res/drawable/md_btn_selector_dark.xml (OK - compressed)
45732259 res/drawable/hplib_ic_grid.xml (OK - compressed)
45732565 res/drawable/hp_seekbar_circle_1.xml (OK - compressed)
45733109 res/drawable/vpn_checkbox.xml (OK - compressed)
45733417 res/drawable/design_bottom_navigation_item_background.xml (OK - compressed)
45733775 res/drawable/selector_button.xml (OK - compressed)
45734084 res/drawable/search_view.png (OK)
45734510 res/drawable/ic_zoom_out_map_black_24dp.xml (OK - compressed)
45734776 res/drawable/movies_icon.png (OK)
45736553 res/drawable/selector_search_fields.xml (OK - compressed)
45736855 res/drawable/button1.xml (OK - compressed)
45737196 res/drawable/hp_playback_speed.png (OK)
45737897 res/drawable/common_google_signin_btn_icon_light_normal.xml (OK - compressed)
45738232 res/drawable/ripple_left_sidebar.xml (OK - compressed)
45738562 res/drawable/lb_playback_progress_bar.xml (OK - compressed)
45738908 res/drawable/plus_icon.png (OK)
45739644 res/drawable/settings_epg_timeline.png (OK)
45741920 res/drawable/md_transparent.xml (OK - compressed)
45742196 res/drawable/red_scrubber_secondary_holo.png (OK)
45742388 res/drawable/settings_player_section_focus.png (OK)
45743348 res/drawable/lb_playback_now_playing_bar.xml (OK - compressed)
45743677 res/drawable/mr_dialog_close_light.xml (OK - compressed)
45743978 res/drawable/lb_search_orb.xml (OK - compressed)
45744206 res/drawable/shape_livetv_focused.xml (OK - compressed)
45744612 res/drawable/hp_rewind.png (OK)
45746046 res/drawable/shape_list_categories_focused.xml (OK - compressed)
45746315 res/drawable/selector_livetv.xml (OK - compressed)
45746661 res/drawable/cast_expanded_controller_seekbar_track.xml (OK - compressed)
45747040 res/drawable/player_pause.png (OK)
45747276 res/drawable/black_button_dark.png (OK)
45748138 res/drawable/cast_ic_mini_controller_rewind30.xml (OK - compressed)
45748369 res/drawable/list_item_bg_normal.xml (OK - compressed)
45748719 res/drawable/abc_seekbar_tick_mark_material.xml (OK - compressed)
45749055 res/drawable/selector_live_streams_layout.xml (OK - compressed)
45749361 res/drawable/tooltip_frame_dark.xml (OK - compressed)
45749661 res/drawable/rounded_edge.xml (OK - compressed)
45750072 res/drawable/cast_ic_notification_forward30.xml (OK - compressed)
45750302 res/drawable/shape_left_sidebar.xml (OK - compressed)
45750568 res/drawable/hp_download.png (OK)
45750935 res/drawable/refresh_button.xml (OK - compressed)
45751220 res/drawable/settings_rating.png (OK)
45752941 res/drawable/ripple_white.xml (OK - compressed)
45753284 res/drawable/logo_white_long.png (OK)
45954920 res/drawable/settings_icon_black.png (OK)
45957761 res/drawable/common_google_signin_btn_text_dark.xml (OK - compressed)
45958092 res/drawable/guide_icon.png (OK)
45958605 res/drawable/menu_search_selector.xml (OK - compressed)
45958912 res/drawable/music_ic.png (OK)
45959492 res/drawable/logo_watermark.png (OK)
46053163 res/drawable/lb_speech_orb.xml (OK - compressed)
46053400 res/drawable/settings_multiscreen_focus.png (OK)
46054681 res/drawable/hp_seekbar_circle_2.xml (OK - compressed)
46055001 res/drawable/md_btn_selected.xml (OK - compressed)
46055480 res/drawable/screen4.png (OK)
46057093 res/drawable/fraud_dashboard_drawable.xml (OK - compressed)
46057460 res/drawable/hp_play_hover.png (OK)
46059636 res/drawable/ic_dash_epg.png (OK)
46099607 res/drawable/lb_control_button_primary.xml (OK - compressed)
46100024 res/drawable/cast_ic_notification_pause.xml (OK - compressed)
46100255 res/drawable/green_without_focus.xml (OK - compressed)
46100627 res/drawable/abc_ratingbar_indicator_material.xml (OK - compressed)
46100996 res/drawable/settings_player_settings_focus.png (OK)
46103556 res/drawable/image.png (OK)
46103936 res/drawable/ic_cart.png (OK)
46105057 res/drawable/abc_cab_background_internal_bg.xml (OK - compressed)
46105335 res/drawable/cast_ic_expanded_controller_mute.xml (OK - compressed)
46105711 res/drawable/setting_checkbox_focused.xml (OK - compressed)
46106061 res/drawable/abc_ic_search_api_material.xml (OK - compressed)
46106373 res/drawable/cast_ic_expanded_controller_skip_previous.xml (OK - compressed)
46106692 res/drawable/hp_audio_icon.png (OK)
46107381 res/drawable/cast_ic_mini_controller_play_large.xml (OK - compressed)
46107626 res/drawable/ic_play_circle_outline_black_24dp.xml (OK - compressed)
46107904 res/drawable/selector_episode_layout.xml (OK - compressed)
46108220 res/drawable/cast_ic_notification_rewind30.xml (OK - compressed)
46108471 res/drawable/ripple_left_sidebar_live_cat_for_mobile.xml (OK - compressed)
46108794 res/drawable/hplib_ic_settings.xml (OK - compressed)
46109071 res/drawable/shape_tv_guide_focused.xml (OK - compressed)
46109483 res/drawable/hplib_ic_rewind_vod.xml (OK - compressed)
46109765 res/drawable/shape_show_password_focused.xml (OK - compressed)
46110214 res/drawable/mr_media_pause_light.xml (OK - compressed)
46110529 res/drawable/ic_video_library_black_24dp.xml (OK - compressed)
46110824 res/drawable/item_background_holo_light.xml (OK - compressed)
46111217 res/drawable/green_focus.xml (OK - compressed)
46111621 res/drawable/shape_search_field.xml (OK - compressed)
46112064 res/drawable/delete_user.png (OK)
46115420 res/drawable/btn_cab_done_default_castvideo.9.png (OK)
46115697 res/drawable/cast_ic_notification_rewind.xml (OK - compressed)
46115938 res/drawable/terminated_dashboard_drawable.xml (OK - compressed)
46116326 res/drawable/common_google_signin_btn_text_light.xml (OK - compressed)
46116679 res/drawable/messenger_button_blue_bg_selector.xml (OK - compressed)
46117080 res/drawable/hp_bright_4.png (OK)
46118856 res/drawable/screen2.png (OK)
46120452 res/drawable/hp_volume_1.png (OK)
46121038 res/drawable/shape_play.xml (OK - compressed)
46121480 res/drawable/menu_dots.png (OK)
46121827 res/drawable/tab_color_selector.xml (OK - compressed)
46122148 res/drawable/selector_accept.xml (OK - compressed)
46122468 res/drawable/settings_player_settings.png (OK)
46125505 res/drawable/shape_round_border_white.xml (OK - compressed)
46125951 res/drawable/shape_parental_setting.xml (OK - compressed)
46126390 res/drawable/selector_save_color.xml (OK - compressed)
46126744 res/drawable/hp_subtitles.png (OK)
46127593 res/drawable/shape_menu_focused.xml (OK - compressed)
46127915 res/drawable/shape_rounded_corners.xml (OK - compressed)
46128219 res/drawable/abc_seekbar_track_material.xml (OK - compressed)
46128728 res/drawable/mr_group_collapse.xml (OK - compressed)
46129176 res/drawable/mr_media_pause_dark.xml (OK - compressed)
46129435 res/drawable/greenprogress.xml (OK - compressed)
46130025 res/drawable/abc_ratingbar_small_material.xml (OK - compressed)
46130380 res/drawable/chromecast_filled.png (OK)
46131738 res/drawable/shape_devices_list.xml (OK - compressed)
46132026 res/drawable/cast_ic_mini_controller_skip_prev.xml (OK - compressed)
46132273 res/drawable/com_facebook_auth_dialog_background.xml (OK - compressed)
46132632 res/drawable/favouraites.png (OK)
46170352 res/drawable/ic_download.png (OK)
46170788 res/drawable/shape_close_icon.xml (OK - compressed)
46171212 res/drawable/full_white_logo.png (OK)
46171481 res/drawable/selector_tv_archive.xml (OK - compressed)
46171812 res/drawable/md_item_selected_dark.xml (OK - compressed)
46172078 res/drawable/shape_list_selected.xml (OK - compressed)
46172356 res/drawable/app_video_center_bg.xml (OK - compressed)
46172660 res/drawable/catch_up_focused.png (OK)
46223238 res/drawable/cast_expanded_controller_actionbar_bg_gradient_light.xml (OK - compressed)
46223556 res/drawable/hp_bright_3.png (OK)
46225264 res/drawable/hp_video_icon.png (OK)
46225818 res/drawable/shape_button_focused.xml (OK - compressed)
46226272 res/drawable/dashboard_import_progress.xml (OK - compressed)
46226752 res/drawable/invoice_list_icon.png (OK)
46227930 res/drawable/selectable_background_stylingactionbar.xml (OK - compressed)
46228266 res/drawable/md_selector_dark.xml (OK - compressed)
46228620 res/drawable/gear_white.png (OK)
46229058 res/drawable/hidepassword.xml (OK - compressed)
46229330 res/drawable/con_sta.xml (OK - compressed)
46229723 res/drawable/abc_seekbar_thumb_material.xml (OK - compressed)
46230167 res/drawable/shape_button_focused_for_url.xml (OK - compressed)
46230626 res/drawable/invoice_focus_dashboard_drawable.xml (OK - compressed)
46231092 res/drawable/abc_textfield_search_material.xml (OK - compressed)
46231472 res/drawable/mr_button_connecting_light.xml (OK - compressed)
46232053 res/drawable/abc_dialog_material_background.xml (OK - compressed)
46232467 res/drawable/cast_ic_notification_skip_next.xml (OK - compressed)
46232688 res/drawable/series.png (OK)
46473241 res/drawable/shape_settings.xml (OK - compressed)
46473677 res/drawable/shape_livetv.xml (OK - compressed)
46474124 res/drawable/vw_ic_uncheck_audio.png (OK)
46474504 res/drawable/hplib_ic_previous.xml (OK - compressed)
46474776 res/drawable/white_arrow_right.png (OK)
46475048 res/drawable/hp_replay.png (OK)
46475812 res/drawable/catch_up_icon.png (OK)
46476869 res/drawable/background_item_selected.xml (OK - compressed)
46477176 res/drawable/lock_circle.png (OK)
46479788 res/drawable/common_google_signin_btn_icon_dark_focused.xml (OK - compressed)
46480266 res/drawable/com_facebook_auth_dialog_cancel_background.xml (OK - compressed)
46480684 res/drawable/settings_external_player_focus.png (OK)
46482980 res/drawable/settings_external_player.png (OK)
46485840 res/drawable/hp_volume_mute.png (OK)
46486651 res/drawable/cancel_box_focus.xml (OK - compressed)
46487092 res/drawable/hp_bright_5.png (OK)
46488904 res/drawable/hp_seekbar.xml (OK - compressed)
46489276 res/drawable/ic_cancel.xml (OK - compressed)
46489548 res/drawable/blue_btn_effect.png (OK)
46491410 res/drawable/abc_edit_text_material.xml (OK - compressed)
46491852 res/drawable/icon3_unfocused.png (OK)
46493117 res/drawable/vod_focus.xml (OK - compressed)
46493541 res/drawable/spinner_background_holo_light.xml (OK - compressed)
46493920 res/drawable/settings_player_section.png (OK)
46495167 res/drawable/mr_button_connected_light.xml (OK - compressed)
46495748 res/drawable/cast_ic_notification_small_icon.xml (OK - compressed)
46495973 res/drawable/selector_play.xml (OK - compressed)
46496286 res/drawable/notification_bg_low.xml (OK - compressed)
46496616 res/drawable/mr_button_light.xml (OK - compressed)
46496982 res/drawable/collection_box.xml (OK - compressed)
46497414 res/drawable/selector_categories_sidebar_layout.xml (OK - compressed)
46497732 res/drawable/button_hover.xml (OK - compressed)
46498126 res/drawable/paid_box_focus.xml (OK - compressed)
46498568 res/drawable/ic_playlist.png (OK)
46499271 res/drawable/cast_ic_notification_connecting.xml (OK - compressed)
46499604 res/drawable/ic_fraud.png (OK)
46500483 res/drawable/navigation_empty_icon.xml (OK - compressed)
46500809 res/drawable/vw_divider_rv_file.xml (OK - compressed)
46501151 res/drawable/cast_mini_controller_gradient_light.xml (OK - compressed)
46501484 res/drawable/settings_automation_focus.png (OK)
46504688 res/drawable/list_selector_background_transition_holo_light.xml (OK - compressed)
46504955 res/drawable/add_user.xml (OK - compressed)
46505248 res/drawable/un_paid_box_focus.xml (OK - compressed)
46505704 res/drawable/messenger_button_blue_bg_round.xml (OK - compressed)
46506275 res/drawable/abc_switch_thumb_material.xml (OK - compressed)
46506590 res/drawable/ripple_effect_ondemand.xml (OK - compressed)
46506940 res/drawable/ic_setting_account_focus.png (OK)
46507960 res/drawable/cast_ic_mini_controller_stop_large.xml (OK - compressed)
46508180 res/drawable/reset.png (OK)
46511636 res/drawable/hp_arrow_back.png (OK)
46512085 res/drawable/default_indicator.xml (OK - compressed)
46512455 res/drawable/hplib_ic_next.xml (OK - compressed)
46512751 res/drawable/common_google_signin_btn_icon_dark_normal.xml (OK - compressed)
46513083 res/drawable/button_hover1.xml (OK - compressed)
46513480 res/drawable/shape_vod_focused.xml (OK - compressed)
46513892 res/drawable/live_with_epg_icon.png (OK)
46514756 res/drawable/im_twocard.jpg (OK)
46529796 res/drawable/settings_speed_test.png (OK)
46532624 res/drawable/hp_bright_6.png (OK)
46534433 res/drawable/shape_view_message_blank.xml (OK - compressed)
46534698 res/drawable/btn_cab_done_castvideo.xml (OK - compressed)
46535044 res/drawable/ic_suspended.png (OK)
46536052 res/drawable/reply_off.png (OK)
46536447 res/drawable/common_google_signin_btn_icon_light.xml (OK - compressed)
46536788 res/drawable/audio_subtitle_track.png (OK)
46537298 res/drawable/blur_lens_selector.xml (OK - compressed)
46537604 res/drawable/login_btn_unfocused.png (OK)
46538907 res/drawable/lb_headers_right_fading.xml (OK - compressed)
46539212 res/drawable/icon2_focused.png (OK)
46540024 res/drawable/mr_media_stop_dark.xml (OK - compressed)
46540287 res/drawable/hplib_ic_subtitle.xml (OK - compressed)
46540589 res/drawable/ic_bell.xml (OK - compressed)
46540865 res/drawable/abc_ic_clear_material.xml (OK - compressed)
46541156 res/drawable/hp_subtitle_settings.png (OK)
46542480 res/drawable/shape_left_sidebar_focused.xml (OK - compressed)
46542753 res/drawable/custom_thumb_switch.xml (OK - compressed)
46543295 res/drawable/ic_microphone.xml (OK - compressed)
46543648 res/drawable/shape.xml (OK - compressed)
46544032 res/drawable/logout_user.png (OK)
46545907 res/drawable/common_google_signin_btn_icon_light_focused.xml (OK - compressed)
46546364 res/drawable/mtrl_snackbar_background.xml (OK - compressed)
46546686 res/drawable/common_google_signin_btn_icon_dark.xml (OK - compressed)
46547040 res/drawable/shape_live_streams_layout_focused.xml (OK - compressed)
46547348 res/drawable/chromecast_without_fill.png (OK)
46548596 res/drawable/switch_user.png (OK)
46554120 res/drawable/settings_speed_test_focus.png (OK)
46556380 res/drawable/abc_tab_indicator_material.xml (OK - compressed)
46556681 res/drawable/paid_box.xml (OK - compressed)
46557092 res/drawable/live_tv_background.png (OK)
46604020 res/drawable/ripple_cathcup.xml (OK - compressed)
46604352 res/drawable/default_.jpg (OK)
46630980 res/drawable/ic_videocam_black_24dp.xml (OK - compressed)
46631268 res/drawable/empty_circle_black.png (OK)
46632017 res/drawable/dropdown_icon_item.xml (OK - compressed)
46632337 res/drawable/mr_dialog_material_background_light.xml (OK - compressed)
46632662 res/drawable/common_google_signin_btn_icon_disabled.xml (OK - compressed)
46633183 res/drawable/category_color_change.xml (OK - compressed)
46633577 res/drawable/btn_click_play.xml (OK - compressed)
46633891 res/drawable/buy_now_box_drawable.xml (OK - compressed)
46634258 res/drawable/notification_bg.xml (OK - compressed)
46634584 res/drawable/hp_sync_1.png (OK)
46635480 res/drawable/shadow_upward.xml (OK - compressed)
46635796 res/drawable/selector_vod.xml (OK - compressed)
46636139 res/drawable/shape_master_search_field_focused.xml (OK - compressed)
46636588 res/drawable/vw_ic_checked_audio.png (OK)
46637128 res/drawable/hp_sync.png (OK)
46638804 res/drawable/lb_onboarding_start_button_background.xml (OK - compressed)
46639136 res/drawable/icon_shadow_light.xml (OK - compressed)
46639513 res/drawable/shape_tracks_focused.xml (OK - compressed)
46639879 res/drawable/common_google_signin_btn_text_light_focused.xml (OK - compressed)
46640346 res/drawable/abc_ic_arrow_drop_right_black_24dp.xml (OK - compressed)
46640762 res/drawable/suspended_dashboard_drawable.xml (OK - compressed)
46641144 res/drawable/fraud_focus_dashboard_drawable.xml (OK - compressed)
46641599 res/drawable/com_facebook_auth_dialog_header_background.xml (OK - compressed)
46641956 res/drawable/epg_icon.png (OK)
46642820 res/drawable/down_arrow.png (OK)
46643117 res/drawable/active_drawable.xml (OK - compressed)
46643484 res/drawable/shape_dots_icon.xml (OK - compressed)
46643908 res/drawable/add_more_user.png (OK)
46646876 res/drawable/live_focus.xml (OK - compressed)
46647284 res/drawable/noposter.png (OK)
46692344 res/drawable/buffering.gif (OK)
46772000 res/drawable/settings_epg_timeline_focus.png (OK)
46774008 res/drawable/settings_time_format.png (OK)
46776490 res/drawable/ic_mtrl_chip_checked_circle.xml (OK - compressed)
46776792 res/drawable/episode_cast_tab_background_clicked.png (OK)
46777116 res/drawable/settings_parental_control_focus.png (OK)
46779368 res/drawable/im_book.png (OK)
47081500 res/drawable/dots_white.png (OK)
47081796 res/drawable/shape_login_fields_focused.xml (OK - compressed)
47082252 res/drawable/settings_stream_format_focus.png (OK)
47083836 res/drawable/icon_shadow_cyan_focused.xml (OK - compressed)
47084238 res/drawable/abc_list_selector_background_transition_holo_dark.xml (OK - compressed)
47084521 res/drawable/abc_ic_ab_back_material.xml (OK - compressed)
47084804 res/drawable/showpassword.xml (OK - compressed)
47085074 res/drawable/shadow_from_top.xml (OK - compressed)
47085392 res/drawable/hp_buffer_size.png (OK)
47086302 res/drawable/shape_live_layout_focused_search.xml (OK - compressed)
47086740 res/drawable/clear_search.png (OK)
47087076 res/drawable/forward_arrow.png (OK)
47087360 res/drawable/dashboard_background.jpg (OK)
47199411 res/drawable/shape_black_without_focus.xml (OK - compressed)
47199868 res/drawable/cast_skip_ad_label_border.xml (OK - compressed)
47200186 res/drawable/shape_line_light_gray_small.xml (OK - compressed)
47200535 res/drawable/cast_ic_mini_controller_closed_caption.xml (OK - compressed)
47200756 res/drawable/l_file.png (OK)
47201264 res/drawable/red_scrubber_primary_holo.png (OK)
47201444 res/drawable/abc_btn_colored_material.xml (OK - compressed)
47201704 res/drawable/hp_volume_2.png (OK)
47202603 res/drawable/selector_vod_layout_new_flow.xml (OK - compressed)
47202931 res/drawable/refounded_box_focus.xml (OK - compressed)
47203376 res/drawable/mr_media_stop_light.xml (OK - compressed)
47203689 res/drawable/com_facebook_favicon_blue.xml (OK - compressed)
47203956 res/drawable/logo_greu.png (OK)
47204384 res/drawable/red_scrubber_track_holo_light.png (OK)
47204552 res/drawable/recent_watch.png (OK)
47226717 res/drawable/showpassword_edit_detail.xml (OK - compressed)
47226990 res/drawable/menu_dots_selector.xml (OK - compressed)
47227312 res/drawable/notification_icon_background.xml (OK - compressed)
47227584 res/drawable/ic_drag_updown_white_24dp.png (OK)
47227852 res/drawable/white_cross.png (OK)
47229055 res/drawable/cast_ic_notification_forward.xml (OK - compressed)
47229284 res/drawable/ripple_effect_vpn.xml (OK - compressed)
47229435 res/drawable/abc_list_selector_holo_dark.xml (OK - compressed)
47229840 res/drawable/home.png (OK)
47230187 res/drawable/shape_settings_focused.xml (OK - compressed)
47230610 res/drawable/messenger_button_white_bg_round.xml (OK - compressed)
47231173 res/drawable/design_password_eye.xml (OK - compressed)
47231480 res/drawable/icon1_focused.png (OK)
47231875 res/drawable/series_focus.xml (OK - compressed)
47232280 res/drawable/box_focused.png (OK)
47234042 res/drawable/selector_eye.xml (OK - compressed)
47234327 res/drawable/shape_button.xml (OK - compressed)
47234781 res/drawable/abc_btn_borderless_material.xml (OK - compressed)
47235116 res/drawable/series_icon_icon.png (OK)
47237868 res/drawable/selector_vod_layout.xml (OK - compressed)
47238176 res/drawable/new_user_img_active.xml (OK - compressed)
47238449 res/drawable/mr_media_play_dark.xml (OK - compressed)
47238722 res/drawable/mr_vol_type_audiotrack_dark.xml (OK - compressed)
47238975 res/drawable/button.xml (OK - compressed)
47239308 res/drawable/hp_episodes.png (OK)
47239865 res/drawable/tab_background_selected.xml (OK - compressed)
47240116 res/drawable/box_unfocused.png (OK)
47240556 res/drawable/hp_radio.png (OK)
47241618 res/drawable/vw_divider_rv.xml (OK - compressed)
47241943 res/drawable/selector_account_info.xml (OK - compressed)
47242265 res/drawable/ic_ratingbar.xml (OK - compressed)
47242577 res/drawable/cast_ic_notification_forward10.xml (OK - compressed)
47242800 res/drawable/hamburger.png (OK)
47242972 res/drawable/live_tv.png (OK)
47513592 res/drawable/icon4_focused.png (OK)
47514392 res/drawable/login_inner1.png (OK)
47602733 res/drawable/shape_episode_layout_focused.xml (OK - compressed)
47603008 res/drawable/settings_epg_focus.png (OK)
47604795 res/drawable/ripple_episode_rounded.xml (OK - compressed)
47605196 res/drawable/settings_vpn_focus.png (OK)
47607662 res/drawable/ic_music_note_black_44dp.xml (OK - compressed)
47607949 res/drawable/icon_shadow_white.xml (OK - compressed)
47608334 res/drawable/ic_slow_motion_video_black_24dp.xml (OK - compressed)
47608622 res/drawable/icon_favorite_remove.xml (OK - compressed)
47608892 res/drawable/settings_box.png (OK)
47609527 res/drawable/selector_dashboard_small_boxes_layout.xml (OK - compressed)
47609874 res/drawable/cast_ic_notification_stop_live_stream.xml (OK - compressed)
47610096 res/drawable/green_tick.png (OK)
47610934 res/drawable/abc_ratingbar_material.xml (OK - compressed)
47611288 res/drawable/shape_black_focus.xml (OK - compressed)
47611753 res/drawable/cast_ic_mini_controller_pause_large.xml (OK - compressed)
47611980 res/drawable/recording_icon.png (OK)
47613208 res/drawable/ripple_devices_list.xml (OK - compressed)
47613524 res/drawable/setting_box.xml (OK - compressed)
47613876 res/drawable/btn_cab_done_default_democast.9.png (OK)
47614148 res/drawable/abc_btn_radio_material.xml (OK - compressed)
47614464 res/drawable/settings_settings_focus.png (OK)
47616978 res/drawable/selector_drawer_close.xml (OK - compressed)
47617307 res/drawable/common_google_signin_btn_text_dark_normal.xml (OK - compressed)
47617660 res/drawable/lb_card_foreground.xml (OK - compressed)
47617884 res/drawable/shape_live_arrow.xml (OK - compressed)
47618170 res/drawable/cast_ic_expanded_controller_play.xml (OK - compressed)
47618500 res/drawable/abc_btn_default_mtrl_shape.xml (OK - compressed)
47618984 res/drawable/ic_remove_circle_white_24dp.png (OK)
47619580 res/drawable/hp_forward.png (OK)
47620996 res/drawable/bar.png (OK)
47623269 res/drawable/hp_seekbar_progress.xml (OK - compressed)
47623648 res/drawable/arrow_f.png (OK)
47623990 res/drawable/md_btn_selector.xml (OK - compressed)
47624373 res/drawable/cast_ic_expanded_controller_closed_caption.xml (OK - compressed)
47624683 res/drawable/circle.xml (OK - compressed)
47624936 res/drawable/screen1.png (OK)
47627636 res/drawable/settings_rating_focus.png (OK)
47628924 res/drawable/episode_cast_tab_background_hover.png (OK)
47629260 res/drawable/hplib_ic_play_download.xml (OK - compressed)
47629557 res/drawable/common_google_signin_btn_text_dark_focused.xml (OK - compressed)
47630019 res/drawable/service_dashboard_drawable.xml (OK - compressed)
47630416 res/drawable/security_key.png (OK)
47631139 res/drawable/vw_selector_cbx_audio.xml (OK - compressed)
47631455 res/drawable/ic_music_note_black_24dp.xml (OK - compressed)
47631735 res/drawable/shadow_right.xml (OK - compressed)
47632041 res/drawable/md_selector.xml (OK - compressed)
47632396 res/drawable/mr_button_dark.xml (OK - compressed)
47632756 res/drawable/hw_icon.png (OK)
47635085 res/drawable/un_paid_box.xml (OK - compressed)
47635492 res/drawable/refresh_button1.xml (OK - compressed)
47635941 res/drawable/common_google_signin_btn_text_light_normal.xml (OK - compressed)
47636308 res/drawable/btn_cab_done_pressed_castvideo.9.png (OK)
47636598 res/drawable/mr_vol_type_audiotrack_light.xml (OK - compressed)
47636928 res/drawable/episode_cast_tab_background_hover_clicked.png (OK)
47637245 res/drawable/hplib_ic_back.xml (OK - compressed)
47637512 res/drawable/player_retry.png (OK)
47638337 res/drawable/bg_item_upcoming_state.xml (OK - compressed)
47638613 res/drawable/abc_vector_test.xml (OK - compressed)
47638884 res/drawable/hplib_ic_forward.xml (OK - compressed)
47639155 res/drawable/selector_setting.xml (OK - compressed)
47639480 res/drawable/ic_terminated.png (OK)
47640169 res/drawable/rounded_button.xml (OK - compressed)
47640483 res/drawable/series_tab_selector.xml (OK - compressed)
47640809 res/drawable/selector_parental_setting.xml (OK - compressed)
47641110 res/drawable/services_focus_dashboard_drawable.xml (OK - compressed)
47641588 res/drawable/abc_spinner_textfield_background_material.xml (OK - compressed)
47642064 res/drawable/m_back.png (OK)
47676576 res/drawable/ic_playlistwg.png (OK)
47677315 res/drawable/shape_account_info_focused.xml (OK - compressed)
47677738 res/drawable/ic_mini_controller_upcoming_stop.xml (OK - compressed)
47677968 res/drawable/shape_account_info.xml (OK - compressed)
47678404 res/drawable/new_user_img.xml (OK - compressed)
47678683 res/drawable/abc_text_cursor_material.xml (OK - compressed)
47679002 res/drawable/ic_restore_white.xml (OK - compressed)
47679288 res/drawable/black_background.jpg (OK)
47791333 res/drawable/shape_list_multidns.xml (OK - compressed)
47791664 res/drawable/com_facebook_button_send_background.xml (OK - compressed)
47792148 res/drawable/aspect_ratio_new.png (OK)
47793228 res/drawable/icon_shadow_focused.xml (OK - compressed)
47793616 res/drawable/back_btn_effect.png (OK)
47795447 res/layout-land-v21/honey_player_testing.xml (OK - compressed)
47799781 res/layout-land-v21/honey_player_epg.xml (OK - compressed)
47804526 res/layout-land-v21/activity_multi_setting_new.xml (OK - compressed)
47805766 res/layout-land-v21/honey_player_live.xml (OK - compressed)
47810602 res/layout-land-v21/honey_player_live_tv.xml (OK - compressed)
47815380 res/drawable-ldrtl-mdpi-v4/abc_spinner_mtrl_am_alpha.9.png (OK)
47815792 res/drawable-ldrtl-mdpi-v4/abc_ic_menu_copy_mtrl_am_alpha.png (OK)
47816036 res/drawable-ldrtl-mdpi-v4/abc_ic_menu_cut_mtrl_alpha.png (OK)
47816384 res/drawable-v19/ic_fullscreen_black_24dp.xml (OK - compressed)
47816695 res/drawable-v19/ic_open_with_black_24dp.xml (OK - compressed)
47817009 res/drawable-v19/ic_zoom_out_map_black_24dp.xml (OK - compressed)
47817330 res/drawable-v19/ic_play_circle_outline_black_24dp.xml (OK - compressed)
47817631 res/drawable-v19/ic_microphone.xml (OK - compressed)
47818041 res/drawable-v19/abc_ic_arrow_drop_right_black_24dp.xml (OK - compressed)
47818470 res/drawable-v19/abc_ic_ab_back_material.xml (OK - compressed)
47818792 res/drawable-v19/ic_restore_white.xml (OK - compressed)
47819126 res/drawable-anydpi-v21/design_ic_visibility_off.xml (OK - compressed)
47819846 res/drawable-anydpi-v21/exo_icon_fastforward.xml (OK - compressed)
47820246 res/drawable-anydpi-v21/ic_menu_24dp.xml (OK - compressed)
47820684 res/drawable-anydpi-v21/exo_icon_stop.xml (OK - compressed)
47821099 res/drawable-anydpi-v21/ic_play_36dp.xml (OK - compressed)
47821490 res/drawable-anydpi-v21/ic_youtube_24dp.xml (OK - compressed)
47821993 res/drawable-anydpi-v21/exo_edit_mode_logo.xml (OK - compressed)
47823657 res/drawable-anydpi-v21/exo_controls_repeat_all.xml (OK - compressed)
47824099 res/drawable-anydpi-v21/ic_fullscreen_exit_24dp.xml (OK - compressed)
47824546 res/drawable-anydpi-v21/exo_controls_fullscreen_enter.xml (OK - compressed)
47824988 res/drawable-anydpi-v21/exo_icon_play.xml (OK - compressed)
47825381 res/drawable-anydpi-v21/exo_icon_previous.xml (OK - compressed)
47825790 res/drawable-anydpi-v21/design_ic_visibility.xml (OK - compressed)
47826162 res/drawable-anydpi-v21/exo_icon_rewind.xml (OK - compressed)
47826569 res/drawable-anydpi-v21/exo_icon_pause.xml (OK - compressed)
47826978 res/drawable-anydpi-v21/hplib_ic_settings.xml (OK - compressed)
47827710 res/drawable-anydpi-v21/exo_controls_repeat_off.xml (OK - compressed)
47828142 res/drawable-anydpi-v21/md_nav_back.xml (OK - compressed)
47828571 res/drawable-anydpi-v21/exo_controls_shuffle.xml (OK - compressed)
47829057 res/drawable-anydpi-v21/ic_pause_36dp.xml (OK - compressed)
47829473 res/drawable-anydpi-v21/exo_controls_repeat_one.xml (OK - compressed)
47829940 res/drawable-anydpi-v21/exo_controls_fullscreen_exit.xml (OK - compressed)
47830388 res/drawable-anydpi-v21/ic_arrow_down_24dp.xml (OK - compressed)
47830805 res/drawable-anydpi-v21/exo_icon_next.xml (OK - compressed)
47831213 res/drawable-anydpi-v21/ic_fullscreen_24dp.xml (OK - compressed)
47831628 res/raw/lb_voice_open.ogg (OK)
47835764 res/raw/lb_voice_no_input.ogg (OK)
47840378 res/raw/youtube_player.html (OK - compressed)
47841588 res/raw/lb_voice_success.ogg (OK)
47846032 res/raw/lb_voice_failure.ogg (OK)
47850636 res/drawable-xhdpi-v4/lb_ic_nav_arrow.png (OK)
47850916 res/drawable-xhdpi-v4/ic_fullscreen_exit_white_24dp.png (OK)
47851132 res/drawable-xhdpi-v4/messenger_bubble_large_blue.png (OK)
47852352 res/drawable-xhdpi-v4/quantum_ic_volume_up_white_36.png (OK)
47853140 res/drawable-xhdpi-v4/quantum_ic_pause_grey600_36.png (OK)
47853348 res/drawable-xhdpi-v4/com_facebook_close.png (OK)
47855536 res/drawable-xhdpi-v4/abc_ic_commit_search_api_mtrl_alpha.png (OK)
47855880 res/drawable-xhdpi-v4/abc_btn_radio_to_on_mtrl_000.png (OK)
47856712 res/drawable-xhdpi-v4/ic_arrow.png (OK)
47856992 res/drawable-xhdpi-v4/abc_text_select_handle_right_mtrl_dark.png (OK)
47857424 res/drawable-xhdpi-v4/icon_external_player_selection.png (OK)
47860944 res/drawable-xhdpi-v4/lb_ic_play_fit.png (OK)
47861428 res/drawable-xhdpi-v4/ic_mr_button_connecting_12_dark.png (OK)
47861860 res/drawable-xhdpi-v4/lb_ic_thumb_up.png (OK)
47862464 res/drawable-xhdpi-v4/sort.png (OK)
47863248 res/drawable-xhdpi-v4/ic_mr_button_connected_21_dark.png (OK)
47863720 res/drawable-xhdpi-v4/ic_mr_button_connecting_27_light.png (OK)
47864164 res/drawable-xhdpi-v4/ic_mr_button_connected_04_light.png (OK)
47864592 res/drawable-xhdpi-v4/home_icon_black.png (OK)
47865344 res/drawable-xhdpi-v4/lb_action_bg_focused.9.png (OK)
47865796 res/drawable-xhdpi-v4/ic_mr_button_connected_04_dark.png (OK)
47866224 res/drawable-xhdpi-v4/ic_pause_36dp.png (OK)
47866448 res/drawable-xhdpi-v4/quantum_ic_closed_caption_grey600_36.png (OK)
47866968 res/drawable-xhdpi-v4/abc_list_pressed_holo_light.9.png (OK)
47867264 res/drawable-xhdpi-v4/ic_mr_button_connected_06_dark.png (OK)
47867716 res/drawable-xhdpi-v4/cast_ic_stop_circle_filled_grey600.png (OK)
47868464 res/drawable-xhdpi-v4/abc_btn_switch_to_on_mtrl_00001.9.png (OK)
47870040 res/drawable-xhdpi-v4/abc_ic_star_black_48dp.png (OK)
47871156 res/drawable-xhdpi-v4/cast_abc_scrubber_primary_mtrl_alpha.9.png (OK)
47871428 res/drawable-xhdpi-v4/tv_arch.png (OK)
47873276 res/drawable-xhdpi-v4/ic_mr_button_connected_28_dark.png (OK)
47873732 res/drawable-xhdpi-v4/ic_vpn_connecting.png (OK)
47891192 res/drawable-xhdpi-v4/close.png (OK)
47891972 res/drawable-xhdpi-v4/ic_mr_button_connected_14_dark.png (OK)
47892428 res/drawable-xhdpi-v4/abc_textfield_default_mtrl_alpha.9.png (OK)
47892692 res/drawable-xhdpi-v4/ic_dialog_close_light.png (OK)
47893036 res/drawable-xhdpi-v4/ic_mr_button_connected_22_light.png (OK)
47893500 res/drawable-xhdpi-v4/quantum_ic_replay_30_white_24.png (OK)
47894292 res/drawable-xhdpi-v4/quantum_ic_stop_white_24.png (OK)
47894472 res/drawable-xhdpi-v4/lb_ic_replay.png (OK)
47895496 res/drawable-xhdpi-v4/ic_mr_button_connecting_01_light.png (OK)
47895912 res/drawable-xhdpi-v4/screen5.png (OK)
47897512 res/drawable-xhdpi-v4/tranparentdark.png (OK)
47897832 res/drawable-xhdpi-v4/abc_text_select_handle_right_mtrl_light.png (OK)
47898264 res/drawable-xhdpi-v4/ic_mr_button_connected_10_light.png (OK)
47898708 res/drawable-xhdpi-v4/ic_mr_button_connected_07_light.png (OK)
47899120 res/drawable-xhdpi-v4/playerselection.png (OK)
47901692 res/drawable-xhdpi-v4/com_facebook_tooltip_black_xout.png (OK)
47901980 res/drawable-xhdpi-v4/catch_background.png (OK)
47952532 res/drawable-xhdpi-v4/favourite_yellow.png (OK)
47953540 res/drawable-xhdpi-v4/lb_ic_search_mic_out.png (OK)
47954280 res/drawable-xhdpi-v4/cast_ic_notification_1.png (OK)
47954868 res/drawable-xhdpi-v4/ic_mr_button_connecting_26_light.png (OK)
47955308 res/drawable-xhdpi-v4/quantum_ic_skip_next_white_36.png (OK)
47955672 res/drawable-xhdpi-v4/logo_home.png (OK)
48022040 res/drawable-xhdpi-v4/ic_menu_24dp.png (OK)
48022280 res/drawable-xhdpi-v4/ic_setting_account.png (OK)
48024432 res/drawable-xhdpi-v4/ic_draft.png (OK)
48025780 res/drawable-xhdpi-v4/splash_new_background.jpg (OK)
48137833 res/drawable-xhdpi-v4/background_editext.xml (OK - compressed)
48138092 res/drawable-xhdpi-v4/logo.png (OK)
48146224 res/drawable-xhdpi-v4/screen3.png (OK)
48147824 res/drawable-xhdpi-v4/automation.png (OK)
48150988 res/drawable-xhdpi-v4/quantum_ic_refresh_white_24.png (OK)
48151592 res/drawable-xhdpi-v4/quantum_ic_forward_30_white_24.png (OK)
48152376 res/drawable-xhdpi-v4/parental_control_icon.png (OK)
48154072 res/drawable-xhdpi-v4/ic_mr_button_connected_29_light.png (OK)
48154540 res/drawable-xhdpi-v4/quantum_ic_skip_next_grey600_36.png (OK)
48155000 res/drawable-xhdpi-v4/ic_launcher1.png (OK)
48167232 res/drawable-xhdpi-v4/ic_mr_button_connected_27_light.png (OK)
48167724 res/drawable-xhdpi-v4/exo_icon_pause.png (OK)
48167976 res/drawable-xhdpi-v4/ic_mr_button_connecting_22_light.png (OK)
48168420 res/drawable-xhdpi-v4/lb_ic_thumb_down_outline.png (OK)
48169256 res/drawable-xhdpi-v4/launcher_logo.png (OK)
48169572 res/drawable-xhdpi-v4/ic_mr_button_connected_14_light.png (OK)
48170016 res/drawable-xhdpi-v4/lb_ic_thumb_up_outline.png (OK)
48170820 res/drawable-xhdpi-v4/exo_icon_previous.png (OK)
48171252 res/drawable-xhdpi-v4/logout_icon.png (OK)
48172240 res/drawable-xhdpi-v4/ic_vol_type_speaker_light.png (OK)
48172992 res/drawable-xhdpi-v4/abc_tab_indicator_mtrl_alpha.9.png (OK)
48173268 res/drawable-xhdpi-v4/quantum_ic_pause_white_24.png (OK)
48173452 res/drawable-xhdpi-v4/ic_play_36dp.png (OK)
48173888 res/drawable-xhdpi-v4/abc_btn_check_to_on_mtrl_015.png (OK)
48174504 res/drawable-xhdpi-v4/ic_vpn_connected.png (OK)
48190075 res/drawable-xhdpi-v4/selector_checkbox.xml (OK - compressed)
48190388 res/drawable-xhdpi-v4/spinner_focused_holo_light.9.png (OK)
48191052 res/drawable-xhdpi-v4/tv_archieve.png (OK)
48193676 res/drawable-xhdpi-v4/edit_icon.png (OK)
48194160 res/drawable-xhdpi-v4/general_settings.png (OK)
48203600 res/drawable-xhdpi-v4/ic_mr_button_connected_20_light.png (OK)
48204072 res/drawable-xhdpi-v4/ic_mr_button_connected_10_dark.png (OK)
48204516 res/drawable-xhdpi-v4/ic_mr_button_connecting_08_dark.png (OK)
48204924 res/drawable-xhdpi-v4/lb_ic_play.png (OK)
48205444 res/drawable-xhdpi-v4/quantum_ic_stop_grey600_48.png (OK)
48205664 res/drawable-xhdpi-v4/quantum_ic_stop_grey600_36.png (OK)
48205880 res/drawable-xhdpi-v4/ic_mr_button_connecting_07_light.png (OK)
48206304 res/drawable-xhdpi-v4/abc_ic_star_half_black_16dp.png (OK)
48206644 res/drawable-xhdpi-v4/cast_ic_stop_circle_filled_white.png (OK)
48207376 res/drawable-xhdpi-v4/ondemand_focused.png (OK)
48255924 res/drawable-xhdpi-v4/epg_stop.png (OK)
48257560 res/drawable-xhdpi-v4/quantum_ic_closed_caption_white_36.png (OK)
48258032 res/drawable-xhdpi-v4/md_nav_back.png (OK)
48258308 res/drawable-xhdpi-v4/hide_icon_menu.png (OK)
48259480 res/drawable-xhdpi-v4/recording.png (OK)
48260212 res/drawable-xhdpi-v4/abc_ab_share_pack_mtrl_alpha.9.png (OK)
48260584 res/drawable-xhdpi-v4/quantum_ic_skip_previous_white_36.png (OK)
48261008 res/drawable-xhdpi-v4/ic_mr_button_connected_02_dark.png (OK)
48261456 res/drawable-xhdpi-v4/ic_mr_button_connecting_25_light.png (OK)
48261888 res/drawable-xhdpi-v4/ic_mr_button_connecting_17_light.png (OK)
48262300 res/drawable-xhdpi-v4/view_detail.png (OK)
48262948 res/drawable-xhdpi-v4/login_user.png (OK)
48266048 res/drawable-xhdpi-v4/ic_mr_button_connected_20_dark.png (OK)
48266520 res/drawable-xhdpi-v4/spinner_default_holo_light.9.png (OK)
48267072 res/drawable-xhdpi-v4/abc_cab_background_top_mtrl_alpha.9.png (OK)
48267368 res/drawable-xhdpi-v4/lb_ic_pause.png (OK)
48267628 res/drawable-xhdpi-v4/lb_ic_skip_next.png (OK)
48268116 res/drawable-xhdpi-v4/exo_icon_stop.png (OK)
48268324 res/drawable-xhdpi-v4/ic_mr_button_connecting_26_dark.png (OK)
48268764 res/drawable-xhdpi-v4/abc_btn_check_to_on_mtrl_000.png (OK)
48269188 res/drawable-xhdpi-v4/right_icon_cat.png (OK)
48269668 res/drawable-xhdpi-v4/lb_ic_skip_previous.png (OK)
48270192 res/drawable-xhdpi-v4/ic_mr_button_connecting_14_dark.png (OK)
48270620 res/drawable-xhdpi-v4/ic_mr_button_connecting_17_dark.png (OK)
48271032 res/drawable-xhdpi-v4/speed_icon.png (OK)
48273116 res/drawable-xhdpi-v4/ic_cancelation.png (OK)
48274128 res/drawable-xhdpi-v4/ic_active.png (OK)
48276204 res/drawable-xhdpi-v4/abc_list_divider_mtrl_alpha.9.png (OK)
48276460 res/drawable-xhdpi-v4/ic_mr_button_connecting_00_dark.png (OK)
48276880 res/drawable-xhdpi-v4/lb_ic_fast_rewind.png (OK)
48277464 res/drawable-xhdpi-v4/abc_menu_hardkey_panel_mtrl_mult.9.png (OK)
48278464 res/drawable-xhdpi-v4/main.png (OK)
48297140 res/drawable-xhdpi-v4/ic_mr_button_connecting_10_light.png (OK)
48297592 res/drawable-xhdpi-v4/com_facebook_button_like_icon_selected.png (OK)
48297888 res/drawable-xhdpi-v4/cast_abc_scrubber_control_off_mtrl_alpha.png (OK)
48298304 res/drawable-xhdpi-v4/ic_mr_button_connected_08_light.png (OK)
48298724 res/drawable-xhdpi-v4/lb_card_shadow_focused.9.png (OK)
48302196 res/drawable-xhdpi-v4/messenger_bubble_large_white.png (OK)
48303032 res/drawable-xhdpi-v4/left_icon_cat.png (OK)
48303536 res/drawable-xhdpi-v4/quantum_ic_pause_circle_filled_grey600_36.png (OK)
48304432 res/drawable-xhdpi-v4/ic_media_pause_dark.png (OK)
48304652 res/drawable-xhdpi-v4/ic_mr_button_grey.png (OK)
48305344 res/drawable-xhdpi-v4/lb_in_app_search_bg.9.png (OK)
48305772 res/drawable-xhdpi-v4/ic_home.png (OK)
48306724 res/drawable-xhdpi-v4/abc_ic_star_half_black_48dp.png (OK)
48307464 res/drawable-xhdpi-v4/ic_fullscreen_white_24dp.png (OK)
48307684 res/drawable-xhdpi-v4/ic_mr_button_connecting_28_light.png (OK)
48308120 res/drawable-xhdpi-v4/ic_mr_button_connected_25_light.png (OK)
48308596 res/drawable-xhdpi-v4/ic_mr_button_disconnected_light.png (OK)
48309580 res/drawable-xhdpi-v4/abc_textfield_search_activated_mtrl_alpha.9.png (OK)
48309828 res/drawable-xhdpi-v4/tv_icon.png (OK)
48310772 res/drawable-xhdpi-v4/abc_list_selector_disabled_holo_light.9.png (OK)
48311084 res/drawable-xhdpi-v4/ic_media_play_dark.png (OK)
48311520 res/drawable-xhdpi-v4/ic_media_play_light.png (OK)
48311972 res/drawable-xhdpi-v4/ic_mr_button_connected_03_light.png (OK)
48312392 res/drawable-xhdpi-v4/ic_billing.png (OK)
48313188 res/drawable-xhdpi-v4/messenger_bubble_small_white.png (OK)
48313892 res/drawable-xhdpi-v4/googleg_standard_color_18.png (OK)
48315192 res/drawable-xhdpi-v4/quantum_ic_forward_30_grey600_36.png (OK)
48316548 res/drawable-xhdpi-v4/ic_mr_button_connecting_24_light.png (OK)
48316980 res/drawable-xhdpi-v4/ic_fullscreen_24dp.png (OK)
48317188 res/drawable-xhdpi-v4/ic_vol_type_tv_light.png (OK)
48317508 res/drawable-xhdpi-v4/ic_mr_button_disabled_dark.png (OK)
48318376 res/drawable-xhdpi-v4/ic_mr_button_connected_26_light.png (OK)
48318860 res/drawable-xhdpi-v4/quantum_ic_keyboard_arrow_down_white_36.png (OK)
48319216 res/drawable-xhdpi-v4/abc_btn_switch_to_on_mtrl_00012.9.png (OK)
48321008 res/drawable-xhdpi-v4/ic_mr_button_connected_18_dark.png (OK)
48321448 res/drawable-xhdpi-v4/exo_icon_rewind.png (OK)
48321960 res/drawable-xhdpi-v4/ic_mr_button_connecting_11_light.png (OK)
48322400 res/drawable-xhdpi-v4/abc_btn_radio_to_on_mtrl_015.png (OK)
48323416 res/drawable-xhdpi-v4/folder_icon.png (OK)
48323880 res/drawable-xhdpi-v4/time_format.png (OK)
48326148 res/drawable-xhdpi-v4/ic_mr_button_connecting_02_dark.png (OK)
48326576 res/drawable-xhdpi-v4/addfolder_icon.png (OK)
48328212 res/drawable-xhdpi-v4/show_icon_menu.png (OK)
48329216 res/drawable-xhdpi-v4/quantum_ic_skip_next_white_24.png (OK)
48329524 res/drawable-xhdpi-v4/quantum_ic_replay_white_24.png (OK)
48330120 res/drawable-xhdpi-v4/ic_mr_button_connecting_07_dark.png (OK)
48330540 res/drawable-xhdpi-v4/lb_card_shadow_normal.9.png (OK)
48332080 res/drawable-xhdpi-v4/ic_mr_button_connecting_19_light.png (OK)
48332500 res/drawable-xhdpi-v4/tv_guide_new.png (OK)
48335112 res/drawable-xhdpi-v4/ic_mr_button_connected_19_dark.png (OK)
48335580 res/drawable-xhdpi-v4/abc_spinner_mtrl_am_alpha.9.png (OK)
48336080 res/drawable-xhdpi-v4/exo_controls_repeat_all.png (OK)
48336512 res/drawable-xhdpi-v4/ic_mr_button_connected_21_light.png (OK)
48336960 res/drawable-xhdpi-v4/movies.png (OK)
48523488 res/drawable-xhdpi-v4/lb_ic_actions_right_arrow.png (OK)
48523960 res/drawable-xhdpi-v4/ic_mr_button_connecting_29_dark.png (OK)
48524380 res/drawable-xhdpi-v4/ic_dash_catchup.png (OK)
48563588 res/drawable-xhdpi-v4/lb_ic_search_mic.png (OK)
48564248 res/drawable-xhdpi-v4/live_tv_icon.png (OK)
48567484 res/drawable-xhdpi-v4/gear_orange.png (OK)
48568724 res/drawable-xhdpi-v4/ic_mr_button_connected_16_light.png (OK)
48569184 res/drawable-xhdpi-v4/gear_white_dashboard.png (OK)
48572012 res/drawable-xhdpi-v4/parental_password_lock.png (OK)
48572728 res/drawable-xhdpi-v4/cast_abc_scrubber_control_to_pressed_mtrl_000.png (OK)
48573132 res/drawable-xhdpi-v4/exo_controls_fullscreen_exit.png (OK)
48573360 res/drawable-xhdpi-v4/lb_text_dot_one.png (OK)
48573580 res/drawable-xhdpi-v4/ic_cencel.png (OK)
48575448 res/drawable-xhdpi-v4/ic_dialog_close_dark.png (OK)
48575796 res/drawable-xhdpi-v4/ic_vol_type_speaker_group_light.png (OK)
48576488 res/drawable-xhdpi-v4/list_longpressed_holo.9.png (OK)
48576764 res/drawable-xhdpi-v4/manage_user.png (OK)
48582004 res/drawable-xhdpi-v4/login_icon.png (OK)
48582612 res/drawable-xhdpi-v4/abc_scrubber_control_to_pressed_mtrl_005.png (OK)
48583164 res/drawable-xhdpi-v4/ic_mr_button_connecting_03_light.png (OK)
48583588 res/drawable-xhdpi-v4/account_info.png (OK)
48585328 res/drawable-xhdpi-v4/ic_myservice.png (OK)
48586988 res/drawable-xhdpi-v4/abc_ic_menu_share_mtrl_alpha.png (OK)
48587632 res/drawable-xhdpi-v4/ic_mr_button_connected_08_dark.png (OK)
48588040 res/drawable-xhdpi-v4/support_agent.png (OK)
48589752 res/drawable-xhdpi-v4/ic_audiotrack_light.png (OK)
48590100 res/drawable-xhdpi-v4/quantum_ic_forward_30_white_36.png (OK)
48591196 res/drawable-xhdpi-v4/record.png (OK)
48592452 res/drawable-xhdpi-v4/abc_ic_star_half_black_36dp.png (OK)
48593024 res/drawable-xhdpi-v4/ic_mr_button_connected_03_dark.png (OK)
48593456 res/drawable-xhdpi-v4/on_demand_background.png (OK)
48642052 res/drawable-xhdpi-v4/common_google_signin_btn_text_light_normal_background.9.png (OK)
48642948 res/drawable-xhdpi-v4/ic_mr_button_connected_00_light.png (OK)
48643384 res/drawable-xhdpi-v4/ic_mr_button_connecting_11_dark.png (OK)
48643828 res/drawable-xhdpi-v4/ic_mr_button_connecting_06_light.png (OK)
48644260 res/drawable-xhdpi-v4/lb_ic_thumb_down.png (OK)
48644876 res/drawable-xhdpi-v4/green_focused.png (OK)
48665496 res/drawable-xhdpi-v4/lb_ic_shuffle.png (OK)
48666168 res/drawable-xhdpi-v4/user_placeholder.png (OK)
48667552 res/drawable-xhdpi-v4/common_google_signin_btn_icon_light_normal_background.9.png (OK)
48668396 res/drawable-xhdpi-v4/lb_ic_pip.png (OK)
48668656 res/drawable-xhdpi-v4/exo_edit_mode_logo.png (OK)
48669560 res/drawable-xhdpi-v4/abc_text_select_handle_middle_mtrl_dark.png (OK)
48670476 res/drawable-xhdpi-v4/abc_list_selector_disabled_holo_dark.9.png (OK)
48670784 res/drawable-xhdpi-v4/livetv_focused.png (OK)
48717744 res/drawable-xhdpi-v4/abc_scrubber_control_off_mtrl_alpha.png (OK)
48718160 res/drawable-xhdpi-v4/abc_ic_menu_copy_mtrl_am_alpha.png (OK)
48718472 res/drawable-xhdpi-v4/ic_mr_button_connected_11_light.png (OK)
48718908 res/drawable-xhdpi-v4/green_background.png (OK)
48739532 res/drawable-xhdpi-v4/audio_track_icon.png (OK)
48740192 res/drawable-xhdpi-v4/ic_mr_button_connecting_21_light.png (OK)
48740624 res/drawable-xhdpi-v4/ic_volume_up_white_36dp.png (OK)
48741396 res/drawable-xhdpi-v4/fab_bg_mini.png (OK)
48747400 res/drawable-xhdpi-v4/multiscreen_icon.png (OK)
48748664 res/drawable-xhdpi-v4/com_facebook_tooltip_blue_bottomnub.png (OK)
48749828 res/drawable-xhdpi-v4/ic_mr_button_connected_19_light.png (OK)
48750288 res/drawable-xhdpi-v4/list_activated_holo.9.png (OK)
48750560 res/drawable-xhdpi-v4/ic_up.png (OK)
48751092 res/drawable-xhdpi-v4/logn_new_bg.jpg (OK)
48863152 res/drawable-xhdpi-v4/ic_volume_off_white_36dp.png (OK)
48864060 res/drawable-xhdpi-v4/lb_in_app_search_shadow_focused.9.png (OK)
48866404 res/drawable-xhdpi-v4/ic_mr_button_connecting_00_light.png (OK)
48866840 res/drawable-xhdpi-v4/ic_mr_button_connected_02_light.png (OK)
48867288 res/drawable-xhdpi-v4/ic_mr_button_connected_28_light.png (OK)
48867744 res/drawable-xhdpi-v4/list_focused_holo.9.png (OK)
48868048 res/drawable-xhdpi-v4/reset_icon.png (OK)
48870132 res/drawable-xhdpi-v4/ic_mr_button_connecting_02_light.png (OK)
48870580 res/drawable-xhdpi-v4/ic_mr_button_connected_05_light.png (OK)
48871016 res/drawable-xhdpi-v4/player_play_newflow.png (OK)
48871980 res/drawable-xhdpi-v4/ic_fullscreen_exit_white_36dp.png (OK)
48872196 res/drawable-xhdpi-v4/lb_ic_hq.png (OK)
48872968 res/drawable-xhdpi-v4/com_facebook_tooltip_black_topnub.png (OK)
48873708 res/drawable-xhdpi-v4/com_facebook_tooltip_blue_background.9.png (OK)
48877628 res/drawable-xhdpi-v4/design_ic_visibility.png (OK)
48878372 res/drawable-xhdpi-v4/quantum_ic_pause_circle_filled_white_36.png (OK)
48879164 res/drawable-xhdpi-v4/exo_controls_fullscreen_enter.png (OK)
48879416 res/drawable-xhdpi-v4/abc_textfield_search_default_mtrl_alpha.9.png (OK)
48879676 res/drawable-xhdpi-v4/cast_ic_notification_0.png (OK)
48880240 res/drawable-xhdpi-v4/ic_mr_button_connecting_12_light.png (OK)
48880672 res/drawable-xhdpi-v4/search_view.png (OK)
48881576 res/drawable-xhdpi-v4/ic_mr_button_connecting_13_light.png (OK)
48882004 res/drawable-xhdpi-v4/movies_icon.png (OK)
48885364 res/drawable-xhdpi-v4/cast_ic_notification_on.png (OK)
48885944 res/drawable-xhdpi-v4/ic_mr_button_connecting_09_dark.png (OK)
48886372 res/drawable-xhdpi-v4/lb_text_dot_two_small.png (OK)
48886584 res/drawable-xhdpi-v4/abc_text_select_handle_left_mtrl_light.png (OK)
48887020 res/drawable-xhdpi-v4/quantum_ic_volume_off_grey600_36.png (OK)
48888152 res/drawable-xhdpi-v4/ic_mr_button_connecting_04_dark.png (OK)
48888600 res/drawable-xhdpi-v4/notification_bg_normal_pressed.9.png (OK)
48888944 res/drawable-xhdpi-v4/com_facebook_tooltip_black_background.9.png (OK)
48892188 res/drawable-xhdpi-v4/lb_in_app_search_shadow_normal.9.png (OK)
48893016 res/drawable-xhdpi-v4/player_pause.png (OK)
48893308 res/drawable-xhdpi-v4/parental.png (OK)
48896832 res/drawable-xhdpi-v4/abc_scrubber_primary_mtrl_alpha.9.png (OK)
48897108 res/drawable-xhdpi-v4/ic_vpn_grey.png (OK)
48899444 res/drawable-xhdpi-v4/ic_mr_button_connected_27_dark.png (OK)
48899944 res/drawable-xhdpi-v4/quantum_ic_cast_connected_white_24.png (OK)
48900608 res/drawable-xhdpi-v4/play.png (OK)
48902236 res/drawable-xhdpi-v4/logo_white_long.png (OK)
48968612 res/drawable-xhdpi-v4/settings_icon_black.png (OK)
48969756 res/drawable-xhdpi-v4/ic_mr_button_connecting_05_dark.png (OK)
48970184 res/drawable-xhdpi-v4/guide_icon.png (OK)
48971796 res/drawable-xhdpi-v4/messenger_button_send_round_shadow.png (OK)
48974612 res/drawable-xhdpi-v4/spinner_disabled_holo_light.9.png (OK)
48975064 res/drawable-xhdpi-v4/exo_icon_fastforward.png (OK)
48975548 res/drawable-xhdpi-v4/screen4.png (OK)
48977156 res/drawable-xhdpi-v4/ic_paid.png (OK)
48979392 res/drawable-xhdpi-v4/ic_dash_epg.png (OK)
49019360 res/drawable-xhdpi-v4/ic_playlistw.png (OK)
49020580 res/drawable-xhdpi-v4/ic_youtube_24dp.png (OK)
49021132 res/drawable-xhdpi-v4/abc_ic_star_black_36dp.png (OK)
49021948 res/drawable-xhdpi-v4/ic_stop_white_24dp.png (OK)
49022124 res/drawable-xhdpi-v4/ic_cart.png (OK)
49023256 res/drawable-xhdpi-v4/ic_mr_button_connecting_18_dark.png (OK)
49023696 res/drawable-xhdpi-v4/lb_ic_guidedactions_item_chevron.png (OK)
49024004 res/drawable-xhdpi-v4/rocket_logo2.png (OK)
49037188 res/drawable-xhdpi-v4/exo_icon_play.png (OK)
49037636 res/drawable-xhdpi-v4/quantum_ic_play_arrow_grey600_48.png (OK)
49038140 res/drawable-xhdpi-v4/list_pressed_holo_light.9.png (OK)
49038432 res/drawable-xhdpi-v4/notification_bg_normal.9.png (OK)
49038720 res/drawable-xhdpi-v4/delete_user.png (OK)
49042056 res/drawable-xhdpi-v4/epg.png (OK)
49044928 res/drawable-xhdpi-v4/ic_brightness_6_white_36dp.png (OK)
49045540 res/drawable-xhdpi-v4/ic_mr_button_connecting_25_dark.png (OK)
49045948 res/drawable-xhdpi-v4/screen2.png (OK)
49047576 res/drawable-xhdpi-v4/ic_mr_button_connected_06_light.png (OK)
49048028 res/drawable-xhdpi-v4/quantum_ic_skip_previous_white_24.png (OK)
49048352 res/drawable-xhdpi-v4/menu_dots.png (OK)
49048804 res/drawable-xhdpi-v4/ic_mr_button_connecting_19_dark.png (OK)
49049244 res/drawable-xhdpi-v4/ic_mr_button_connecting_06_dark.png (OK)
49049668 res/drawable-xhdpi-v4/reply_on.png (OK)
49050364 res/drawable-xhdpi-v4/abc_ic_star_black_16dp.png (OK)
49050824 res/drawable-xhdpi-v4/ic_mr_button_connected_00_dark.png (OK)
49051256 res/drawable-xhdpi-v4/quantum_ic_replay_30_white_36.png (OK)
49052404 res/drawable-xhdpi-v4/ic_mr_button_connected_15_light.png (OK)
49052860 res/drawable-xhdpi-v4/ic_mr_button_connecting_23_dark.png (OK)
49053300 res/drawable-xhdpi-v4/ic_mr_button_connecting_28_dark.png (OK)
49053724 res/drawable-xhdpi-v4/subtitle_track_icon.png (OK)
49055632 res/drawable-xhdpi-v4/exo_controls_repeat_one.png (OK)
49056116 res/drawable-xhdpi-v4/ic_mr_button_connecting_20_dark.png (OK)
49056540 res/drawable-xhdpi-v4/lb_ic_sad_cloud.png (OK)
49059572 res/drawable-xhdpi-v4/list_white.png (OK)
49059884 res/drawable-xhdpi-v4/ic_mr_button_connecting_16_light.png (OK)
49060292 res/drawable-xhdpi-v4/favouraites.png (OK)
49098020 res/drawable-xhdpi-v4/ic_download.png (OK)
49098884 res/drawable-xhdpi-v4/ic_fab_complete.png (OK)
49099448 res/drawable-xhdpi-v4/abc_textfield_activated_mtrl_alpha.9.png (OK)
49099724 res/drawable-xhdpi-v4/ic_mr_button_disconnected_dark.png (OK)
49100708 res/drawable-xhdpi-v4/att_to_fav.png (OK)
49102120 res/drawable-xhdpi-v4/common_google_signin_btn_text_dark_normal_background.9.png (OK)
49103280 res/drawable-xhdpi-v4/catch_up_focused.png (OK)
49153848 res/drawable-xhdpi-v4/ic_mr_button_connecting_21_dark.png (OK)
49154296 res/drawable-xhdpi-v4/abc_text_select_handle_left_mtrl_dark.png (OK)
49154740 res/drawable-xhdpi-v4/quantum_ic_play_circle_filled_white_36.png (OK)
49155600 res/drawable-xhdpi-v4/lb_ic_playback_loop.png (OK)
49156224 res/drawable-xhdpi-v4/ic_mr_button_connecting_13_dark.png (OK)
49156652 res/drawable-xhdpi-v4/lock_open.png (OK)
49157388 res/drawable-xhdpi-v4/ic_mr_button_connecting_08_light.png (OK)
49157792 res/drawable-xhdpi-v4/gridview.png (OK)
49158356 res/drawable-xhdpi-v4/quantum_ic_volume_up_grey600_36.png (OK)
49159300 res/drawable-xhdpi-v4/listview_menu.png (OK)
49159884 res/drawable-xhdpi-v4/quantum_ic_art_track_grey600_48.png (OK)
49160528 res/drawable-xhdpi-v4/gear_white.png (OK)
49162744 res/drawable-xhdpi-v4/cast_genre.png (OK)
49163956 res/drawable-xhdpi-v4/abc_switch_track_mtrl_alpha.9.png (OK)
49164668 res/drawable-xhdpi-v4/com_facebook_tooltip_black_bottomnub.png (OK)
49165648 res/drawable-xhdpi-v4/parental_security_key.png (OK)
49166920 res/drawable-xhdpi-v4/ic_mr_button_connected_07_dark.png (OK)
49167336 res/drawable-xhdpi-v4/hplib_ic_settings.png (OK)
49168160 res/drawable-xhdpi-v4/ic_mr_button_connecting_10_dark.png (OK)
49168580 res/drawable-xhdpi-v4/series.png (OK)
49409160 res/drawable-xhdpi-v4/quantum_ic_forward_10_white_24.png (OK)
49409900 res/drawable-xhdpi-v4/com_facebook_button_send_icon_white.png (OK)
49410460 res/drawable-xhdpi-v4/notify_panel_notification_icon_bg.png (OK)
49410628 res/drawable-xhdpi-v4/catch_up_icon.png (OK)
49412388 res/drawable-xhdpi-v4/ic_vol_type_speaker_dark.png (OK)
49413028 res/drawable-xhdpi-v4/ic_audiotrack_dark.png (OK)
49413380 res/drawable-xhdpi-v4/ic_mr_button_connected_13_dark.png (OK)
49413828 res/drawable-xhdpi-v4/epg_play.png (OK)
49415668 res/drawable-xhdpi-v4/ic_mr_button_connecting_15_light.png (OK)
49416076 res/drawable-xhdpi-v4/layout.png (OK)
49416680 res/drawable-xhdpi-v4/logout_icon_menu.png (OK)
49417812 res/drawable-xhdpi-v4/lb_ic_fast_forward.png (OK)
49418372 res/drawable-xhdpi-v4/ic_mr_button_connecting_20_light.png (OK)
49418816 res/drawable-xhdpi-v4/ic_mr_button_connecting_09_light.png (OK)
49419256 res/drawable-xhdpi-v4/quantum_ic_play_arrow_grey600_36.png (OK)
49419708 res/drawable-xhdpi-v4/ic_mr_button_connecting_16_dark.png (OK)
49420136 res/drawable-xhdpi-v4/ic_mr_button_connected_23_light.png (OK)
49420584 res/drawable-xhdpi-v4/ic_playlist.png (OK)
49421768 res/drawable-xhdpi-v4/exo_controls_shuffle.png (OK)
49422252 res/drawable-xhdpi-v4/ic_fraud.png (OK)
49424348 res/drawable-xhdpi-v4/ic_myinvoice.png (OK)
49425852 res/drawable-xhdpi-v4/ic_mr_button_connected_12_light.png (OK)
49426324 res/drawable-xhdpi-v4/ic_mr_button_connected_25_dark.png (OK)
49426800 res/drawable-xhdpi-v4/ic_mr_button_connected_09_dark.png (OK)
49427232 res/drawable-xhdpi-v4/ic_play_arrow_white_24dp.png (OK)
49427544 res/drawable-xhdpi-v4/quantum_ic_play_arrow_white_24.png (OK)
49427856 res/drawable-xhdpi-v4/ic_mr_button_connecting_27_dark.png (OK)
49428304 res/drawable-xhdpi-v4/ic_play_circle_outline_white_36dp.png (OK)
49429520 res/drawable-xhdpi-v4/ic_arrow_down_24dp.png (OK)
49429836 res/drawable-xhdpi-v4/abc_list_pressed_holo_dark.9.png (OK)
49430112 res/drawable-xhdpi-v4/ic_unpaid.png (OK)
49432380 res/drawable-xhdpi-v4/ic_setting_account_focus.png (OK)
49434216 res/drawable-xhdpi-v4/livetv_icon_menu.png (OK)
49435612 res/drawable-xhdpi-v4/reset.png (OK)
49436572 res/drawable-xhdpi-v4/lb_text_dot_two.png (OK)
49436872 res/drawable-xhdpi-v4/lb_ic_loop.png (OK)
49437188 res/drawable-xhdpi-v4/questionmark.png (OK)
49438968 res/drawable-xhdpi-v4/lb_text_dot_one_small.png (OK)
49439140 res/drawable-xhdpi-v4/live_with_epg_icon.png (OK)
49440340 res/drawable-xhdpi-v4/ic_mr_button_connected_12_dark.png (OK)
49440816 res/drawable-xhdpi-v4/list_selector_disabled_holo_light.9.png (OK)
49441140 res/drawable-xhdpi-v4/ic_mr_button_connected_30_light.png (OK)
49441632 res/drawable-xhdpi-v4/common_google_signin_btn_icon_dark_normal_background.9.png (OK)
49442732 res/drawable-xhdpi-v4/ic_suspended.png (OK)
49444840 res/drawable-xhdpi-v4/quantum_ic_replay_30_grey600_36.png (OK)
49446192 res/drawable-xhdpi-v4/reply_off.png (OK)
49446976 res/drawable-xhdpi-v4/com_facebook_tooltip_blue_topnub.png (OK)
49447808 res/drawable-xhdpi-v4/tv_banner.png (OK)
49510796 res/drawable-xhdpi-v4/quantum_ic_volume_off_white_36.png (OK)
49511692 res/drawable-xhdpi-v4/ic_fullscreen_exit_24dp.png (OK)
49511892 res/drawable-xhdpi-v4/logout_user.png (OK)
49513760 res/drawable-xhdpi-v4/ic_chevron_left_white_36dp.png (OK)
49514024 res/drawable-xhdpi-v4/ic_mr_button_connected_22_dark.png (OK)
49514500 res/drawable-xhdpi-v4/quantum_ic_play_circle_filled_grey600_36.png (OK)
49515480 res/drawable-xhdpi-v4/switch_user.png (OK)
49521020 res/drawable-xhdpi-v4/ic_mr_button_connecting_29_light.png (OK)
49521448 res/drawable-xhdpi-v4/ic_media_pause_light.png (OK)
49521668 res/drawable-xhdpi-v4/live_tv_background.png (OK)
49568616 res/drawable-xhdpi-v4/common_full_open_on_phone.png (OK)
49569220 res/drawable-xhdpi-v4/ic_mr_button_connected_01_light.png (OK)
49569644 res/drawable-xhdpi-v4/ic_collections.png (OK)
49571196 res/drawable-xhdpi-v4/ic_mr_button_connected_01_dark.png (OK)
49571636 res/drawable-xhdpi-v4/ic_mr_button_connected_09_light.png (OK)
49572072 res/drawable-xhdpi-v4/quantum_ic_pause_grey600_48.png (OK)
49572304 res/drawable-xhdpi-v4/ic_vol_type_speaker_group_dark.png (OK)
49572944 res/drawable-xhdpi-v4/abc_text_select_handle_middle_mtrl_light.png (OK)
49573852 res/drawable-xhdpi-v4/ic_mr_button_disabled_light.png (OK)
49574724 res/drawable-xhdpi-v4/ic_mr_button_connected_18_light.png (OK)
49575156 res/drawable-xhdpi-v4/epg_icon.png (OK)
49576348 res/drawable-xhdpi-v4/exo_controls_repeat_off.png (OK)
49576816 res/drawable-xhdpi-v4/add_more_user.png (OK)
49579816 res/drawable-xhdpi-v4/ic_mr_button_connecting_01_dark.png (OK)
49580248 res/drawable-xhdpi-v4/ic_billing_left_arrow.png (OK)
49580516 res/drawable-xhdpi-v4/quantum_ic_cast_white_36.png (OK)
49581352 res/drawable-xhdpi-v4/ic_mr_button_connecting_22_dark.png (OK)
49581780 res/drawable-xhdpi-v4/alert_icon.png (OK)
49582624 res/drawable-xhdpi-v4/lb_ic_in_app_search.png (OK)
49583536 res/drawable-xhdpi-v4/dashboard_background.jpg (OK)
49695604 res/drawable-xhdpi-v4/ic_mr_button_connected_05_dark.png (OK)
49696068 res/drawable-xhdpi-v4/cast_abc_scrubber_control_to_pressed_mtrl_005.png (OK)
49696616 res/drawable-xhdpi-v4/spinner_pressed_holo_light.9.png (OK)
49697232 res/drawable-xhdpi-v4/ic_mr_button_connecting_04_light.png (OK)
49697660 res/drawable-xhdpi-v4/lb_ic_loop_one.png (OK)
49698124 res/drawable-xhdpi-v4/ic_mr_button_connected_24_dark.png (OK)
49698604 res/drawable-xhdpi-v4/ic_mr_button_connecting_23_light.png (OK)
49699044 res/drawable-xhdpi-v4/ic_mr_button_connected_15_dark.png (OK)
49699500 res/drawable-xhdpi-v4/ic_mr_button_connecting_15_dark.png (OK)
49699908 res/drawable-xhdpi-v4/home.png (OK)
49700580 res/drawable-xhdpi-v4/ic_pending.png (OK)
49702724 res/drawable-xhdpi-v4/ic_mr_button_connecting_24_dark.png (OK)
49703168 res/drawable-xhdpi-v4/ic_mr_button_connected_29_dark.png (OK)
49703612 res/drawable-xhdpi-v4/ic_down.png (OK)
49704184 res/drawable-xhdpi-v4/com_facebook_tooltip_blue_xout.png (OK)
49704504 res/drawable-xhdpi-v4/cast_ic_notification_2.png (OK)
49705072 res/drawable-xhdpi-v4/ic_media_stop_light.png (OK)
49705276 res/drawable-xhdpi-v4/lb_ic_more.png (OK)
49705604 res/drawable-xhdpi-v4/playersettings.png (OK)
49708968 res/drawable-xhdpi-v4/com_facebook_button_send_icon_blue.png (OK)
49709736 res/drawable-xhdpi-v4/abc_scrubber_control_to_pressed_mtrl_000.png (OK)
49710140 res/drawable-xhdpi-v4/ic_mr_button_connected_30_dark.png (OK)
49710608 res/drawable-xhdpi-v4/ic_mr_button_connected_24_light.png (OK)
49711072 res/drawable-xhdpi-v4/series_icon_icon.png (OK)
49718876 res/drawable-xhdpi-v4/lb_ic_cc.png (OK)
49719580 res/drawable-xhdpi-v4/ic_mr_button_connected_16_dark.png (OK)
49720052 res/drawable-xhdpi-v4/ic_mr_button_connecting_30_dark.png (OK)
49720480 res/drawable-xhdpi-v4/abc_list_focused_holo.9.png (OK)
49720828 res/drawable-xhdpi-v4/ic_mr_button_connected_17_light.png (OK)
49721296 res/drawable-xhdpi-v4/quantum_ic_skip_previous_grey600_36.png (OK)
49721792 res/drawable-xhdpi-v4/quantum_ic_clear_white_24.png (OK)
49722116 res/drawable-xhdpi-v4/live_tv.png (OK)
49992764 res/drawable-xhdpi-v4/abc_popup_background_mtrl_mult.9.png (OK)
49994348 res/drawable-xhdpi-v4/ic_mr_button_connected_17_dark.png (OK)
49994792 res/drawable-xhdpi-v4/rokect_image.png (OK)
50026464 res/drawable-xhdpi-v4/ic_cancelled.png (OK)
50028132 res/drawable-xhdpi-v4/refresh_icon.png (OK)
50029040 res/drawable-xhdpi-v4/ic_mr_button_connected_26_dark.png (OK)
50029520 res/drawable-xhdpi-v4/ic_mr_button_connecting_30_light.png (OK)
50029956 res/drawable-xhdpi-v4/ic_mr_button_connecting_14_light.png (OK)
50030380 res/drawable-xhdpi-v4/exo_notification_small_icon.png (OK)
50031956 res/drawable-xhdpi-v4/ic_tickets.png (OK)
50033744 res/drawable-xhdpi-v4/lock.png (OK)
50034564 res/drawable-xhdpi-v4/abc_ic_menu_selectall_mtrl_alpha.png (OK)
50034864 res/drawable-xhdpi-v4/ic_media_stop_dark.png (OK)
50035068 res/drawable-xhdpi-v4/stop_icon.png (OK)
50036368 res/drawable-xhdpi-v4/recording_icon.png (OK)
50038812 res/drawable-xhdpi-v4/fab_bg_normal.png (OK)
50047396 res/drawable-xhdpi-v4/messenger_bubble_small_blue.png (OK)
50048436 res/drawable-xhdpi-v4/delete_icon.png (OK)
50048756 res/drawable-xhdpi-v4/quantum_ic_bigtop_updates_white_24.png (OK)
50049768 res/drawable-xhdpi-v4/ic_mr_button_connected_23_dark.png (OK)
50050232 res/drawable-xhdpi-v4/abc_list_longpressed_holo.9.png (OK)
50050516 res/drawable-xhdpi-v4/navigae_next.png (OK)
50050756 res/drawable-xhdpi-v4/ic_mr_button_connecting_18_light.png (OK)
50051164 res/drawable-xhdpi-v4/bar.png (OK)
50053436 res/drawable-xhdpi-v4/arrow_f.png (OK)
50053924 res/drawable-xhdpi-v4/googleg_disabled_color_18.png (OK)
50054724 res/drawable-xhdpi-v4/ic_mr_button_connected_11_dark.png (OK)
50055148 res/drawable-xhdpi-v4/screen1.png (OK)
50057848 res/drawable-xhdpi-v4/exo_icon_next.png (OK)
50058316 res/drawable-xhdpi-v4/ic_vpn_not_connect.png (OK)
50074884 res/drawable-xhdpi-v4/abc_ic_menu_paste_mtrl_am_alpha.png (OK)
50075240 res/drawable-xhdpi-v4/ic_mr_button_connecting_03_dark.png (OK)
50075680 res/drawable-xhdpi-v4/abc_ic_menu_cut_mtrl_alpha.png (OK)
50076248 res/drawable-xhdpi-v4/ic_refund.png (OK)
50078208 res/drawable-xhdpi-v4/player_retry.png (OK)
50079112 res/drawable-xhdpi-v4/ic_mr_button_connected_13_light.png (OK)
50079572 res/drawable-xhdpi-v4/ic_vol_type_tv_dark.png (OK)
50079852 res/drawable-xhdpi-v4/streamformat.png (OK)
50081360 res/drawable-xhdpi-v4/notification_bg_low_pressed.9.png (OK)
50081692 res/drawable-xhdpi-v4/design_ic_visibility_off.png (OK)
50082484 res/drawable-xhdpi-v4/ic_mr_button_connecting_05_light.png (OK)
50082916 res/drawable-xhdpi-v4/ic_terminated.png (OK)
50084300 res/drawable-xhdpi-v4/abc_scrubber_track_mtrl_alpha.9.png (OK)
50084568 res/drawable-xhdpi-v4/drop_shadow.9.png (OK)
50085208 res/drawable-xhdpi-v4/ic_playlistwg.png (OK)
50086832 res/drawable-xhdpi-v4/quantum_ic_replay_10_white_24.png (OK)
50087568 res/drawable-xhdpi-v4/black_background.jpg (OK)
50199620 res/drawable-xhdpi-v4/guide_icon_menu.png (OK)
50200448 res/drawable-xhdpi-v4/lb_ic_stop.png (OK)
50200692 res/drawable-xhdpi-v4/notification_bg_low_normal.9.png (OK)
50200988 res/drawable-xhdpi-v4/aspect_ratio_new.png (OK)
50201893 res/xml/splits0.xml (OK - compressed)
50203323 res/xml/searchable.xml (OK - compressed)
50203570 res/xml/app_restrictions.xml (OK - compressed)
50204038 res/xml/settings.xml (OK - compressed)
50204857 res/xml/file_paths.xml (OK - compressed)
50205084 res/xml/provider_path.xml (OK - compressed)
50205380 res/layout-ldrtl/md_listitem_singlechoice.xml (OK - compressed)
50206047 res/layout-ldrtl/md_listitem_multichoice.xml (OK - compressed)
50206724 res/drawable-nodpi-v4/cast_album_art_placeholder.png (OK)
50208516 res/drawable-nodpi-v4/cast_album_art_placeholder_large.png (OK)
50211524 res/drawable-ldrtl-xxhdpi-v4/abc_spinner_mtrl_am_alpha.9.png (OK)
50212144 res/drawable-ldrtl-xxhdpi-v4/abc_ic_menu_copy_mtrl_am_alpha.png (OK)
50212580 res/drawable-ldrtl-xxhdpi-v4/abc_ic_menu_cut_mtrl_alpha.png (OK)
50213429 res/drawable-v22/com_facebook_button_icon.xml (OK - compressed)
50214124 res/drawable-v22/ic_cancel.xml (OK - compressed)
50214695 res/layout-watch-v20/abc_alert_dialog_button_bar_material.xml (OK - compressed)
50215305 res/layout-watch-v20/abc_alert_dialog_title_material.xml (OK - compressed)
50215965 res/drawable-watch-v20/common_google_signin_btn_text_disabled.xml (OK - compressed)
50216469 res/drawable-watch-v20/abc_dialog_material_background.xml (OK - compressed)
50216766 res/drawable-watch-v20/common_google_signin_btn_text_dark_normal.xml (OK - compressed)
50217252 res/drawable-watch-v20/common_google_signin_btn_text_light_normal.xml (OK - compressed)
50217689 res/color/abc_tint_default.xml (OK - compressed)
50218181 res/color/switch_thumb_material_dark.xml (OK - compressed)
50218502 res/color/abc_hint_foreground_material_light.xml (OK - compressed)
50218866 res/color/abc_primary_text_disable_only_material_dark.xml (OK - compressed)
50219178 res/color/mtrl_bottom_nav_item_tint.xml (OK - compressed)
50219558 res/color/mtrl_btn_text_btn_ripple_color.xml (OK - compressed)
50219969 res/color/mtrl_fab_ripple_color.xml (OK - compressed)
50220386 res/color/abc_btn_colored_text_material.xml (OK - compressed)
50220740 res/color/abc_tint_switch_track.xml (OK - compressed)
50221152 res/color/abc_btn_colored_borderless_text_material.xml (OK - compressed)
50221518 res/color/abc_secondary_text_material_dark.xml (OK - compressed)
50221844 res/color/lb_preference_item_secondary_text_color.xml (OK - compressed)
50222167 res/color/mtrl_tabs_legacy_text_color_selector.xml (OK - compressed)
50222470 res/color/abc_tint_edittext.xml (OK - compressed)
50222865 res/color/abc_tint_seek_thumb.xml (OK - compressed)
50223230 res/color/abc_secondary_text_material_light.xml (OK - compressed)
50223553 res/color/mtrl_tabs_icon_color_selector_colored.xml (OK - compressed)
50223864 res/color/mtrl_tabs_ripple_color.xml (OK - compressed)
50224380 res/color/mtrl_bottom_nav_colored_item_tint.xml (OK - compressed)
50224749 res/color/mtrl_chip_background_color.xml (OK - compressed)
50225101 res/color/abc_tint_btn_checkable.xml (OK - compressed)
50225490 res/color/mtrl_chip_ripple_color.xml (OK - compressed)
50225912 res/color/com_facebook_send_button_text_color.xml (OK - compressed)
50226244 res/color/mtrl_btn_text_color_selector.xml (OK - compressed)
50226580 res/color/abc_primary_text_disable_only_material_light.xml (OK - compressed)
50226900 res/color/abc_hint_foreground_material_dark.xml (OK - compressed)
50227270 res/color/abc_background_cache_hint_selector_material_light.xml (OK - compressed)
50227587 res/color/mtrl_btn_bg_color_selector.xml (OK - compressed)
50227910 res/color/abc_primary_text_material_dark.xml (OK - compressed)
50228231 res/color/common_google_signin_btn_text_dark.xml (OK - compressed)
50228606 res/color/lb_preference_item_primary_text_color.xml (OK - compressed)
50228928 res/color/common_google_signin_btn_text_light.xml (OK - compressed)
50229297 res/color/abc_primary_text_material_light.xml (OK - compressed)
50229613 res/color/common_google_signin_btn_tint.xml (OK - compressed)
50229922 res/color/abc_search_url_text.xml (OK - compressed)
50230267 res/color/mtrl_text_btn_text_color_selector.xml (OK - compressed)
50230586 res/color/switch_thumb_material_light.xml (OK - compressed)
50230890 res/color/abc_tint_spinner.xml (OK - compressed)
50231286 res/color/mtrl_chip_text_color.xml (OK - compressed)
50231604 res/color/mtrl_tabs_icon_color_selector.xml (OK - compressed)
50231923 res/color/com_facebook_button_text_color.xml (OK - compressed)
50232266 res/color/design_tint_password_toggle.xml (OK - compressed)
50232585 res/color/mtrl_chip_close_icon_tint.xml (OK - compressed)
50233030 res/color/mtrl_btn_stroke_color_selector.xml (OK - compressed)
50233310 res/color/design_error.xml (OK - compressed)
50233647 res/color/abc_background_cache_hint_selector_material_dark.xml (OK - compressed)
50233968 res/color/mtrl_tabs_colored_ripple_color.xml (OK - compressed)
50234379 res/color/mtrl_btn_ripple_color.xml (OK - compressed)
50234805 res/layout-sw600dp-land-v21/honey_player_testing.xml (OK - compressed)
50239147 res/layout-sw600dp-land-v21/honey_player_epg.xml (OK - compressed)
50243888 res/layout-sw600dp-land-v21/activity_multi_setting_new.xml (OK - compressed)
50245150 res/layout-sw600dp-land-v21/activity_series_all_data_single.xml (OK - compressed)
50247413 res/layout-sw600dp-land-v21/honey_player_live.xml (OK - compressed)
50252244 res/layout-sw600dp-land-v21/honey_player_live_tv.xml (OK - compressed)
50257009 res/layout-sw600dp-land-v13/activity_profile.xml (OK - compressed)
50258526 res/layout-sw600dp-land-v13/activity_view_details.xml (OK - compressed)
50261773 res/layout-sw600dp-land-v13/nst_multi_player_1.xml (OK - compressed)
50266420 res/layout-sw600dp-land-v13/activity_seasons_activitiy.xml (OK - compressed)
50267957 res/layout-sw600dp-land-v13/fragment_live_streams.xml (OK - compressed)
50268853 res/layout-sw600dp-land-v13/playera_add_alert_box.xml (OK - compressed)
50270070 res/layout-sw600dp-land-v13/activity_import_epg_new.xml (OK - compressed)
50271637 res/layout-sw600dp-land-v13/activity_parental_control_activitity.xml (OK - compressed)
50273023 res/layout-sw600dp-land-v13/series_all_data_right_adapter.xml (OK - compressed)
50274384 res/layout-sw600dp-land-v13/activity_settings.xml (OK - compressed)
50277573 res/layout-sw600dp-land-v13/episode_grid_layout.xml (OK - compressed)
50279705 res/layout-sw600dp-land-v13/activity_cancel_invoice.xml (OK - compressed)
50280942 res/layout-sw600dp-land-v13/activity_vod_new_flow_subcategories.xml (OK - compressed)
50282431 res/layout-sw600dp-land-v13/vod_grid_layout.xml (OK - compressed)
50283651 res/layout-sw600dp-land-v13/activity_view_ticket.xml (OK - compressed)
50285040 res/layout-sw600dp-land-v13/directory_listview.xml (OK - compressed)
50285659 res/layout-sw600dp-land-v13/activity_view_details_m3u.xml (OK - compressed)
50288693 res/layout-sw600dp-land-v13/fragment_new_epg_streams.xml (OK - compressed)
50290550 res/layout-sw600dp-land-v13/nst_player_epg.xml (OK - compressed)
50293931 res/layout-sw600dp-land-v13/custom_permission_layout.xml (OK - compressed)
50294932 res/layout-sw600dp-land-v13/single_stream_pop_up_window.xml (OK - compressed)
50296003 res/layout-sw600dp-land-v13/layout_genre_details.xml (OK - compressed)
50297285 res/layout-sw600dp-land-v13/categories_popup.xml (OK - compressed)
50298881 res/layout-sw600dp-land-v13/nst_player_archive.xml (OK - compressed)
50301435 res/layout-sw600dp-land-v13/new_dashboard_layout_without_freetrail.xml (OK - compressed)
50305786 res/layout-sw600dp-land-v13/activity_stream_format.xml (OK - compressed)
50307725 res/layout-sw600dp-land-v13/progress_dialog.xml (OK - compressed)
50308157 res/layout-sw600dp-land-v13/activity_series_detail_m3u.xml (OK - compressed)
50311119 res/layout-sw600dp-land-v13/activity_view_cast_details.xml (OK - compressed)
50313496 res/layout-sw600dp-land-v13/nst_exo_player_vod.xml (OK - compressed)
50315009 res/layout-sw600dp-land-v13/custom_dashboard_unlock_features.xml (OK - compressed)
50316011 res/layout-sw600dp-land-v13/live_streams_epg_layout.xml (OK - compressed)
50316984 res/layout-sw600dp-land-v13/nst_exo_player_sky.xml (OK - compressed)
50320447 res/layout-sw600dp-land-v13/layout_live_new_flow_list_item.xml (OK - compressed)
50321482 res/layout-sw600dp-land-v13/activity_player_settings.xml (OK - compressed)
50323799 res/layout-sw600dp-land-v13/live_all_data_right_adapter_search.xml (OK - compressed)
50325023 res/layout-sw600dp-land-v13/select_dialog_item_folder_load_data_locally2.xml (OK - compressed)
50325847 res/layout-sw600dp-land-v13/honey_player_testing.xml (OK - compressed)
50330128 res/layout-sw600dp-land-v13/activity_search_lower_sdk.xml (OK - compressed)
50332197 res/layout-sw600dp-land-v13/activity_vlcplayer_sky_tv.xml (OK - compressed)
50335590 res/layout-sw600dp-land-v13/person_loading_view.xml (OK - compressed)
50335933 res/layout-sw600dp-land-v13/lb_search_fragment.xml (OK - compressed)
50336331 res/layout-sw600dp-land-v13/activity_app_in_purchase.xml (OK - compressed)
50340141 res/layout-sw600dp-land-v13/fragment_new_epg_exo.xml (OK - compressed)
50342069 res/layout-sw600dp-land-v13/inbuilt_player_float_box.xml (OK - compressed)
50342367 res/layout-sw600dp-land-v13/activity_login_m3u.xml (OK - compressed)
50344503 res/layout-sw600dp-land-v13/screen_selector_popup.xml (OK - compressed)
50345346 res/layout-sw600dp-land-v13/custom_vpn_profile_layout.xml (OK - compressed)
50346480 res/layout-sw600dp-land-v13/nst_vlc_player_archive.xml (OK - compressed)
50350648 res/layout-sw600dp-land-v13/ad_unified_fb.xml (OK - compressed)
50351875 res/layout-sw600dp-land-v13/activity_terminated_service.xml (OK - compressed)
50352747 res/layout-sw600dp-land-v13/nst_multi_player_2.xml (OK - compressed)
50357401 res/layout-sw600dp-land-v13/activity_vlcplayer_multiplayer.xml (OK - compressed)
50358718 res/layout-sw600dp-land-v13/player_live_all_data_left_cat_adapter.xml (OK - compressed)
50359444 res/layout-sw600dp-land-v13/recording_list.xml (OK - compressed)
50360742 res/layout-sw600dp-land-v13/honey_player_epg.xml (OK - compressed)
50365428 res/layout-sw600dp-land-v13/activity_epg_categories_new_flow.xml (OK - compressed)
50367132 res/layout-sw600dp-land-v13/edit_epg_source_layout.xml (OK - compressed)
50368807 res/layout-sw600dp-land-v13/nst_vlc_player_vod_for_device_data.xml (OK - compressed)
50373572 res/layout-sw600dp-land-v13/activity_vlcplayer_multiplayer1.xml (OK - compressed)
50374978 res/layout-sw600dp-land-v13/activity_exoplayer_sky.xml (OK - compressed)
50378392 res/layout-sw600dp-land-v13/demo_pop_up.xml (OK - compressed)
50379791 res/layout-sw600dp-land-v13/activity_automation.xml (OK - compressed)
50381931 res/layout-sw600dp-land-v13/activity_speed_test.xml (OK - compressed)
50383377 res/layout-sw600dp-land-v13/channel_list.xml (OK - compressed)
50384725 res/layout-sw600dp-land-v13/activity_series_activty_new_flow.xml (OK - compressed)
50386275 res/layout-sw600dp-land-v13/season_selector_popup.xml (OK - compressed)
50387359 res/layout-sw600dp-land-v13/activity_my_invoice.xml (OK - compressed)
50389442 res/layout-sw600dp-land-v13/activity_multi_user.xml (OK - compressed)
50391365 res/layout-sw600dp-land-v13/ticket_message_custom_layout.xml (OK - compressed)
50392412 res/layout-sw600dp-land-v13/nst_multi_player_4.xml (OK - compressed)
50397051 res/layout-sw600dp-land-v13/activity_new_epg.xml (OK - compressed)
50398925 res/layout-sw600dp-land-v13/activity_refounded.xml (OK - compressed)
50400147 res/layout-sw600dp-land-v13/activity_vlcplayer_multiplayer3.xml (OK - compressed)
50401610 res/layout-sw600dp-land-v13/right_side_programs_search_adapter.xml (OK - compressed)
50402595 res/layout-sw600dp-land-v13/nst_player_activity.xml (OK - compressed)
50403624 res/layout-sw600dp-land-v13/download_running_popup.xml (OK - compressed)
50404861 res/layout-sw600dp-land-v13/activity_general_settings.xml (OK - compressed)
50407576 res/layout-sw600dp-land-v13/activity_announcements.xml (OK - compressed)
50408830 res/layout-sw600dp-land-v13/activity_vlcplayer_multiplayer5.xml (OK - compressed)
50410147 res/layout-sw600dp-land-v13/activity_routing.xml (OK - compressed)
50412077 res/layout-sw600dp-land-v13/vpn_disconnect_layout.xml (OK - compressed)
50413056 res/layout-sw600dp-land-v13/activity_free_trail.xml (OK - compressed)
50413958 res/layout-sw600dp-land-v13/custom_dashboard_not_downloaded_layout.xml (OK - compressed)
50414954 res/layout-sw600dp-land-v13/activity_vlcplayer_sky.xml (OK - compressed)
50418655 res/layout-sw600dp-land-v13/series_all_data_right_adapter_con_wat.xml (OK - compressed)
50420287 res/layout-sw600dp-land-v13/paid_list_layout.xml (OK - compressed)
50421820 res/layout-sw600dp-land-v13/activity_live_layout.xml (OK - compressed)
50423128 res/layout-sw600dp-land-v13/activity_tv_archive_new_flow_layout.xml (OK - compressed)
50424844 res/layout-sw600dp-land-v13/activity_vlcplayer_multiplayer2.xml (OK - compressed)
50426266 res/layout-sw600dp-land-v13/activity_vpnlogin.xml (OK - compressed)
50428139 res/layout-sw600dp-land-v13/layout_channels_on_video.xml (OK - compressed)
50429447 res/layout-sw600dp-land-v13/activity_active_service.xml (OK - compressed)
50430329 res/layout-sw600dp-land-v13/activity_tv_archive_new_flow.xml (OK - compressed)
50432067 res/layout-sw600dp-land-v13/subtitle_popup_layout.xml (OK - compressed)
50433015 res/layout-sw600dp-land-v13/layout_resume_player.xml (OK - compressed)
50434393 res/layout-sw600dp-land-v13/activity_front_view.xml (OK - compressed)
50435565 res/layout-sw600dp-land-v13/layout_vod_new_flow_list_item.xml (OK - compressed)
50436595 res/layout-sw600dp-land-v13/activity_terms_condition_page.xml (OK - compressed)
50437883 res/layout-sw600dp-land-v13/activity_vlcplayer_multiplayer4.xml (OK - compressed)
50439286 res/layout-sw600dp-land-v13/inbuiltsmartersplayer_activity.xml (OK - compressed)
50439706 res/layout-sw600dp-land-v13/activity_showservice_information.xml (OK - compressed)
50441461 res/layout-sw600dp-land-v13/queue_activity.xml (OK - compressed)
50442111 res/layout-sw600dp-land-v13/appbar_common.xml (OK - compressed)
50442893 res/layout-sw600dp-land-v13/view_password_prompt.xml (OK - compressed)
50444381 res/layout-sw600dp-land-v13/activity_sub_archive.xml (OK - compressed)
50446247 res/layout-sw600dp-land-v13/edit_user_detail_confirmation_alert.xml (OK - compressed)
50447626 res/layout-sw600dp-land-v13/activity_time_format.xml (OK - compressed)
50449535 res/layout-sw600dp-land-v13/fragment_parental_control_setting.xml (OK - compressed)
50451093 res/layout-sw600dp-land-v13/all_services_adapter_custom_list_layout.xml (OK - compressed)
50452172 res/layout-sw600dp-land-v13/layout_announcements.xml (OK - compressed)
50453363 res/layout-sw600dp-land-v13/dissconnect_vpn_alert.xml (OK - compressed)
50454588 res/layout-sw600dp-land-v13/activity_vpn_conntected.xml (OK - compressed)
50456511 res/layout-sw600dp-land-v13/activity_paid_invoice2.xml (OK - compressed)
50457760 res/layout-sw600dp-land-v13/new_dashboard_layout_without_freetrail_xc106.xml (OK - compressed)
50460749 res/layout-sw600dp-land-v13/live_streams_grid_layout.xml (OK - compressed)
50462212 res/layout-sw600dp-land-v13/fragment_vod_subcategories.xml (OK - compressed)
50463153 res/layout-sw600dp-land-v13/activity_multi_setting_new.xml (OK - compressed)
50464380 res/layout-sw600dp-land-v13/delete_recording_popup.xml (OK - compressed)
50465629 res/layout-sw600dp-land-v13/custom_internet_not_working_layout.xml (OK - compressed)
50466663 res/layout-sw600dp-land-v13/custom_externalplayer_layout.xml (OK - compressed)
50467308 res/layout-sw600dp-land-v13/activity_settings_m3u.xml (OK - compressed)
50470506 res/layout-sw600dp-land-v13/launchvpn.xml (OK - compressed)
50471574 res/layout-sw600dp-land-v13/fragment_vod_streams.xml (OK - compressed)
50472316 res/layout-sw600dp-land-v13/activity_quit.xml (OK - compressed)
50473447 res/layout-sw600dp-land-v13/activity_series_all_data_single.xml (OK - compressed)
50475679 res/layout-sw600dp-land-v13/activity_import_m3u.xml (OK - compressed)
50477075 res/layout-sw600dp-land-v13/ad_unified.xml (OK - compressed)
50478759 res/layout-sw600dp-land-v13/hp_subtitle_layout.xml (OK - compressed)
50480098 res/layout-sw600dp-land-v13/activity_splash.xml (OK - compressed)
50481132 res/layout-sw600dp-land-v13/edit_user_prompt.xml (OK - compressed)
50482526 res/layout-sw600dp-land-v13/fragment_recycler_list_view.xml (OK - compressed)
50482903 res/layout-sw600dp-land-v13/fragment_parental_cotrol.xml (OK - compressed)
50484147 res/layout-sw600dp-land-v13/layout_cast_details.xml (OK - compressed)
50485435 res/layout-sw600dp-land-v13/activity_import_vpn.xml (OK - compressed)
50487571 res/layout-sw600dp-land-v13/activity_my_favourite.xml (OK - compressed)
50489342 res/layout-sw600dp-land-v13/activity_routing_p.xml (OK - compressed)
50491165 res/layout-sw600dp-land-v13/replay_alertbox.xml (OK - compressed)
50492325 res/layout-sw600dp-land-v13/player_live_all_data_left_cat_adapter_player.xml (OK - compressed)
50493061 res/layout-sw600dp-land-v13/layout_authenticate_vpn.xml (OK - compressed)
50494610 res/layout-sw600dp-land-v13/live_all_data_channels_search_adapter.xml (OK - compressed)
50495809 res/layout-sw600dp-land-v13/list_devices_adapter.xml (OK - compressed)
50496624 res/layout-sw600dp-land-v13/activity_unpiad_invoice.xml (OK - compressed)
50497837 res/layout-sw600dp-land-v13/rate_us_alert_box.xml (OK - compressed)
50499065 res/layout-sw600dp-land-v13/nst_player_sky.xml (OK - compressed)
50503155 res/layout-sw600dp-land-v13/custom_forgot_password.xml (OK - compressed)
50504203 res/layout-sw600dp-land-v13/activity_tvarchive.xml (OK - compressed)
50505329 res/layout-sw600dp-land-v13/activity_my_ticket.xml (OK - compressed)
50506600 res/layout-sw600dp-land-v13/epg_sources_layout.xml (OK - compressed)
50507980 res/layout-sw600dp-land-v13/activity_rate_us.xml (OK - compressed)
50509482 res/layout-sw600dp-land-v13/activity_check_appupdate.xml (OK - compressed)
50511051 res/layout-sw600dp-land-v13/add_epg_source_layout.xml (OK - compressed)
50512223 res/layout-sw600dp-land-v13/nst_vlc_player.xml (OK - compressed)
50516848 res/layout-sw600dp-land-v13/activity_vod_new_flow.xml (OK - compressed)
50518685 res/layout-sw600dp-land-v13/usernam_password_worng_alert.xml (OK - compressed)
50519973 res/layout-sw600dp-land-v13/login_new.xml (OK - compressed)
50521937 res/layout-sw600dp-land-v13/fragment_search_field.xml (OK - compressed)
50522629 res/layout-sw600dp-land-v13/layout_multiuser_list_item.xml (OK - compressed)
50524165 res/layout-sw600dp-land-v13/layout_list_player.xml (OK - compressed)
50524673 res/layout-sw600dp-land-v13/series_all_data_left_adapter.xml (OK - compressed)
50525358 res/layout-sw600dp-land-v13/cast_grid_layout.xml (OK - compressed)
50526163 res/layout-sw600dp-land-v13/recording_popup.xml (OK - compressed)
50527755 res/layout-sw600dp-land-v13/activity_announcement_alert.xml (OK - compressed)
50528868 res/layout-sw600dp-land-v13/live_all_data_right_adapter.xml (OK - compressed)
50530068 res/layout-sw600dp-land-v13/live_sorting_layout.xml (OK - compressed)
50531358 res/layout-sw600dp-land-v13/activity_buy_now.xml (OK - compressed)
50531831 res/layout-sw600dp-land-v13/nst_player.xml (OK - compressed)
50535901 res/layout-sw600dp-land-v13/activity_series_detail.xml (OK - compressed)
50539374 res/layout-sw600dp-land-v13/ticket_list.xml (OK - compressed)
50540510 res/layout-sw600dp-land-v13/select_dialog_item_folder_load_data_locally.xml (OK - compressed)
50541330 res/layout-sw600dp-land-v13/honey_player_live.xml (OK - compressed)
50546133 res/layout-sw600dp-land-v13/layout_subcateories_cihild_list_item.xml (OK - compressed)
50547297 res/layout-sw600dp-land-v13/vod_linear_layout.xml (OK - compressed)
50548491 res/layout-sw600dp-land-v13/epg_m3u_popup.xml (OK - compressed)
50550136 res/layout-sw600dp-land-v13/activity_series_activit_new_flow_sub_cat.xml (OK - compressed)
50551559 res/layout-sw600dp-land-v13/custom_browser_not_supported.xml (OK - compressed)
50552650 res/layout-sw600dp-land-v13/activity_account_info.xml (OK - compressed)
50554721 res/layout-sw600dp-land-v13/sort_layout.xml (OK - compressed)
50555957 res/layout-sw600dp-land-v13/activity_invoice_paid_detail.xml (OK - compressed)
50556563 res/layout-sw600dp-land-v13/subtitle_layout.xml (OK - compressed)
50558398 res/layout-sw600dp-land-v13/activity_services_dashboard.xml (OK - compressed)
50561029 res/layout-sw600dp-land-v13/layout_progress_bar.xml (OK - compressed)
50561585 res/layout-sw600dp-land-v13/activity_cancelled_serivce.xml (OK - compressed)
50562463 res/layout-sw600dp-land-v13/activity_added_external_player.xml (OK - compressed)
50563865 res/layout-sw600dp-land-v13/activity_recording.xml (OK - compressed)
50565482 res/layout-sw600dp-land-v13/view_movie.xml (OK - compressed)
50566212 res/layout-sw600dp-land-v13/honey_player_live_tv.xml (OK - compressed)
50570946 res/layout-sw600dp-land-v13/view_password_verification.xml (OK - compressed)
50572415 res/layout-sw600dp-land-v13/activity_episode_detail.xml (OK - compressed)
50573901 res/layout-sw600dp-land-v13/new_dashboard_layout.xml (OK - compressed)
50577861 res/layout-sw600dp-land-v13/layout_multiuser_list_item_p.xml (OK - compressed)
50579401 res/layout-sw600dp-land-v13/auto_play_popup_layout.xml (OK - compressed)
50580644 res/layout-sw600dp-land-v13/activity_epgchannel_update.xml (OK - compressed)
50582586 res/layout-sw600dp-land-v13/player_live_all_data_left_channel_adapter.xml (OK - compressed)
50583843 res/layout-sw600dp-land-v13/activity_pending_service.xml (OK - compressed)
50584720 res/layout-sw600dp-land-v13/seasons_button_layout.xml (OK - compressed)
50585292 res/layout-sw600dp-land-v13/nst_vlc_player_vod.xml (OK - compressed)
50590033 res/layout-sw600dp-land-v13/activity_screen_type_settings.xml (OK - compressed)
50592025 res/layout-sw600dp-land-v13/nst_player_vod.xml (OK - compressed)
50595653 res/layout-sw600dp-land-v13/start_download_dialog.xml (OK - compressed)
50595962 res/layout-sw600dp-land-v13/custom_screen_size_popup_layout.xml (OK - compressed)
50597317 res/layout-sw600dp-land-v13/live_streams_linear_layout.xml (OK - compressed)
50598817 res/layout-sw600dp-land-v13/activity_series_layout.xml (OK - compressed)
50600179 res/layout-sw600dp-land-v13/queue_row.xml (OK - compressed)
50601389 res/layout-sw600dp-land-v13/activity_fraud_service.xml (OK - compressed)
50602254 res/layout-sw600dp-land-v13/activity_player_selection.xml (OK - compressed)
50604673 res/layout-sw600dp-land-v13/custom_list_devices_layout.xml (OK - compressed)
50605644 res/layout-sw600dp-land-v13/activity_search.xml (OK - compressed)
50607625 res/layout-sw600dp-land-v13/activity_open_ticket.xml (OK - compressed)
50609376 res/layout-sw600dp-land-v13/layout_movies_on_video.xml (OK - compressed)
50610673 res/layout-sw600dp-land-v13/epg_edit_m3u_popup.xml (OK - compressed)
50612296 res/layout-sw600dp-land-v13/custom_alert_layout.xml (OK - compressed)
50613297 res/layout-sw600dp-land-v13/nst_vlc_player_epg.xml (OK - compressed)
50617893 res/layout-sw600dp-land-v13/edit_m3u_user_prompt.xml (OK - compressed)
50619822 res/layout-sw600dp-land-v13/activity_vod_layout.xml (OK - compressed)
50621396 res/layout-sw600dp-land-v13/activity_epgtime_shift.xml (OK - compressed)
50623398 res/layout-sw600dp-land-v13/activity_live_new_flow.xml (OK - compressed)
50625127 res/layout-sw600dp-land-v13/activity_vlcplayer_epg.xml (OK - compressed)
50629698 res/layout-sw600dp-land-v13/activity_epg_settings.xml (OK - compressed)
50632559 res/layout-sw600dp-land-v13/activity_my_serivces_activiy.xml (OK - compressed)
50635075 res/layout-sw600dp-land-v13/layout_movie_trailer.xml (OK - compressed)
50636366 res/layout-sw600dp-land-v13/activity_suspended_service.xml (OK - compressed)
50637234 res/layout-sw600dp-land-v13/nst_multi_player_3.xml (OK - compressed)
50641878 res/layout-sw600dp-land-v13/permission_alertbox.xml (OK - compressed)
50643121 res/layout-sw600dp-land-v13/activity_external_player.xml (OK - compressed)
50644284 res/mipmap-xhdpi-v4/ic_launcher.png (OK)
50654140 res/mipmap-xhdpi-v4/tv_banner.png (OK)
50706115 res/layout-v22/abc_alert_dialog_button_bar_material.xml (OK - compressed)
50706855 res/layout-v22/login_new_tv.xml (OK - compressed)
50708909 res/layout-large-land-v4/activity_profile.xml (OK - compressed)
50710525 res/layout-large-land-v4/activity_vlcplayer_multiplayer15.xml (OK - compressed)
50711997 res/layout-large-land-v4/activity_view_details.xml (OK - compressed)
50715339 res/layout-large-land-v4/nst_multi_player_1.xml (OK - compressed)
50719857 res/layout-large-land-v4/activity_seasons_activitiy.xml (OK - compressed)
50721392 res/layout-large-land-v4/fragment_live_streams.xml (OK - compressed)
50722285 res/layout-large-land-v4/playera_add_alert_box.xml (OK - compressed)
50723494 res/layout-large-land-v4/activity_import_epg_new.xml (OK - compressed)
50725058 res/layout-large-land-v4/activity_parental_control_activitity.xml (OK - compressed)
50726441 res/layout-large-land-v4/series_all_data_right_adapter.xml (OK - compressed)
50727805 res/layout-large-land-v4/activity_settings.xml (OK - compressed)
50731165 res/layout-large-land-v4/episode_grid_layout.xml (OK - compressed)
50733266 res/layout-large-land-v4/activity_cancel_invoice.xml (OK - compressed)
50734482 res/layout-large-land-v4/activity_vod_new_flow_subcategories.xml (OK - compressed)
50735966 res/layout-large-land-v4/vod_grid_layout.xml (OK - compressed)
50737148 res/layout-large-land-v4/activity_view_ticket.xml (OK - compressed)
50738527 res/layout-large-land-v4/directory_listview.xml (OK - compressed)
50739163 res/layout-large-land-v4/activity_view_details_m3u.xml (OK - compressed)
50742264 res/layout-large-land-v4/fragment_new_epg_streams.xml (OK - compressed)
50744020 res/layout-large-land-v4/nst_player_epg.xml (OK - compressed)
50747398 res/layout-large-land-v4/custom_permission_layout.xml (OK - compressed)
50748489 res/layout-large-land-v4/single_stream_pop_up_window.xml (OK - compressed)
50749631 res/layout-large-land-v4/layout_genre_details.xml (OK - compressed)
50750922 res/layout-large-land-v4/categories_popup.xml (OK - compressed)
50752700 res/layout-large-land-v4/nst_player_archive.xml (OK - compressed)
50755283 res/layout-large-land-v4/new_dashboard_layout_without_freetrail.xml (OK - compressed)
50759855 res/layout-large-land-v4/activity_stream_format.xml (OK - compressed)
50761849 res/layout-large-land-v4/progress_dialog.xml (OK - compressed)
50762278 res/layout-large-land-v4/activity_series_detail_m3u.xml (OK - compressed)
50765333 res/layout-large-land-v4/activity_view_cast_details.xml (OK - compressed)
50767746 res/layout-large-land-v4/nst_exo_player_vod.xml (OK - compressed)
50769248 res/layout-large-land-v4/custom_dashboard_unlock_features.xml (OK - compressed)
50770335 res/layout-large-land-v4/live_streams_epg_layout.xml (OK - compressed)
50771301 res/layout-large-land-v4/nst_exo_player_sky.xml (OK - compressed)
50774761 res/layout-large-land-v4/layout_live_new_flow_list_item.xml (OK - compressed)
50775798 res/layout-large-land-v4/activity_player_settings.xml (OK - compressed)
50778171 res/layout-large-land-v4/live_all_data_right_adapter_search.xml (OK - compressed)
50779423 res/layout-large-land-v4/select_dialog_item_folder_load_data_locally2.xml (OK - compressed)
50780243 res/layout-large-land-v4/honey_player_testing.xml (OK - compressed)
50784609 res/layout-large-land-v4/activity_search_lower_sdk.xml (OK - compressed)
50786714 res/layout-large-land-v4/activity_vlcplayer_sky_tv.xml (OK - compressed)
50790109 res/layout-large-land-v4/activity_app_in_purchase.xml (OK - compressed)
50793947 res/layout-large-land-v4/fragment_new_epg_exo.xml (OK - compressed)
50795872 res/layout-large-land-v4/inbuilt_player_float_box.xml (OK - compressed)
50796167 res/layout-large-land-v4/activity_login_m3u.xml (OK - compressed)
50798323 res/layout-large-land-v4/screen_selector_popup.xml (OK - compressed)
50799219 res/layout-large-land-v4/custom_vpn_profile_layout.xml (OK - compressed)
50800360 res/layout-large-land-v4/nst_vlc_player_archive.xml (OK - compressed)
50804446 res/layout-large-land-v4/ad_unified_fb.xml (OK - compressed)
50805670 res/layout-large-land-v4/activity_terminated_service.xml (OK - compressed)
50806535 res/layout-large-land-v4/nst_multi_player_2.xml (OK - compressed)
50811061 res/layout-large-land-v4/activity_vlcplayer_multiplayer.xml (OK - compressed)
50812345 res/layout-large-land-v4/player_live_all_data_left_cat_adapter.xml (OK - compressed)
50813068 res/layout-large-land-v4/recording_list.xml (OK - compressed)
50814349 res/layout-large-land-v4/honey_player_epg.xml (OK - compressed)
50819246 res/layout-large-land-v4/activity_epg_categories_new_flow.xml (OK - compressed)
50820947 res/layout-large-land-v4/edit_epg_source_layout.xml (OK - compressed)
50822647 res/layout-large-land-v4/nst_vlc_player_vod_for_device_data.xml (OK - compressed)
50827378 res/layout-large-land-v4/activity_vlcplayer_multiplayer1.xml (OK - compressed)
50828781 res/layout-large-land-v4/activity_exoplayer_sky.xml (OK - compressed)
50832193 res/layout-large-land-v4/demo_pop_up.xml (OK - compressed)
50833590 res/layout-large-land-v4/activity_automation.xml (OK - compressed)
50835777 res/layout-large-land-v4/activity_speed_test.xml (OK - compressed)
50837223 res/layout-large-land-v4/channel_list.xml (OK - compressed)
50838559 res/layout-large-land-v4/activity_series_activty_new_flow.xml (OK - compressed)
50840104 res/layout-large-land-v4/season_selector_popup.xml (OK - compressed)
50840936 res/layout-large-land-v4/activity_my_invoice.xml (OK - compressed)
50843078 res/layout-large-land-v4/activity_multi_user.xml (OK - compressed)
50845086 res/layout-large-land-v4/ticket_message_custom_layout.xml (OK - compressed)
50846179 res/layout-large-land-v4/nst_multi_player_4.xml (OK - compressed)
50850689 res/layout-large-land-v4/activity_new_epg.xml (OK - compressed)
50852495 res/layout-large-land-v4/activity_refounded.xml (OK - compressed)
50853712 res/layout-large-land-v4/activity_vlcplayer_multiplayer3.xml (OK - compressed)
50855172 res/layout-large-land-v4/right_side_programs_search_adapter.xml (OK - compressed)
50856184 res/layout-large-land-v4/nst_player_activity.xml (OK - compressed)
50857210 res/layout-large-land-v4/download_running_popup.xml (OK - compressed)
50858394 res/layout-large-land-v4/activity_general_settings.xml (OK - compressed)
50861243 res/layout-large-land-v4/activity_announcements.xml (OK - compressed)
50862387 res/layout-large-land-v4/activity_vlcplayer_multiplayer5.xml (OK - compressed)
50863701 res/layout-large-land-v4/activity_routing.xml (OK - compressed)
50865607 res/layout-large-land-v4/vpn_disconnect_layout.xml (OK - compressed)
50866583 res/layout-large-land-v4/activity_free_trail.xml (OK - compressed)
50867497 res/layout-large-land-v4/custom_dashboard_not_downloaded_layout.xml (OK - compressed)
50868583 res/layout-large-land-v4/activity_vlcplayer_sky.xml (OK - compressed)
50872358 res/layout-large-land-v4/series_all_data_right_adapter_con_wat.xml (OK - compressed)
50873984 res/layout-large-land-v4/paid_list_layout.xml (OK - compressed)
50875415 res/layout-large-land-v4/activity_live_layout.xml (OK - compressed)
50876720 res/layout-large-land-v4/activity_tv_archive_new_flow_layout.xml (OK - compressed)
50878473 res/layout-large-land-v4/activity_vlcplayer_multiplayer2.xml (OK - compressed)
50879888 res/layout-large-land-v4/activity_vpnlogin.xml (OK - compressed)
50881801 res/layout-large-land-v4/layout_channels_on_video.xml (OK - compressed)
50883106 res/layout-large-land-v4/activity_active_service.xml (OK - compressed)
50883987 res/layout-large-land-v4/activity_tv_archive_new_flow.xml (OK - compressed)
50885701 res/layout-large-land-v4/subtitle_popup_layout.xml (OK - compressed)
50886646 res/layout-large-land-v4/layout_resume_player.xml (OK - compressed)
50888016 res/layout-large-land-v4/layout_vod_new_flow_list_item.xml (OK - compressed)
50889043 res/layout-large-land-v4/activity_terms_condition_page.xml (OK - compressed)
50890374 res/layout-large-land-v4/activity_vlcplayer_multiplayer4.xml (OK - compressed)
50891708 res/layout-large-land-v4/inbuiltsmartersplayer_activity.xml (OK - compressed)
50892125 res/layout-large-land-v4/activity_showservice_information.xml (OK - compressed)
50893874 res/layout-large-land-v4/appbar_common.xml (OK - compressed)
50894610 res/layout-large-land-v4/view_password_prompt.xml (OK - compressed)
50895903 res/layout-large-land-v4/activity_sub_archive.xml (OK - compressed)
50897745 res/layout-large-land-v4/edit_user_detail_confirmation_alert.xml (OK - compressed)
50899141 res/layout-large-land-v4/activity_time_format.xml (OK - compressed)
50901075 res/layout-large-land-v4/fragment_parental_control_setting.xml (OK - compressed)
50902635 res/layout-large-land-v4/all_services_adapter_custom_list_layout.xml (OK - compressed)
50903704 res/layout-large-land-v4/layout_announcements.xml (OK - compressed)
50904909 res/layout-large-land-v4/dissconnect_vpn_alert.xml (OK - compressed)
50906120 res/layout-large-land-v4/activity_vpn_conntected.xml (OK - compressed)
50908049 res/layout-large-land-v4/activity_paid_invoice2.xml (OK - compressed)
50909275 res/layout-large-land-v4/new_dashboard_layout_without_freetrail_xc106.xml (OK - compressed)
50912268 res/layout-large-land-v4/live_streams_grid_layout.xml (OK - compressed)
50913728 res/layout-large-land-v4/fragment_vod_subcategories.xml (OK - compressed)
50914666 res/layout-large-land-v4/activity_multi_setting_new.xml (OK - compressed)
50916036 res/layout-large-land-v4/delete_recording_popup.xml (OK - compressed)
50917223 res/layout-large-land-v4/custom_internet_not_working_layout.xml (OK - compressed)
50918272 res/layout-large-land-v4/custom_externalplayer_layout.xml (OK - compressed)
50919007 res/layout-large-land-v4/activity_settings_m3u.xml (OK - compressed)
50922075 res/layout-large-land-v4/fragment_vod_streams.xml (OK - compressed)
50922814 res/layout-large-land-v4/activity_quit.xml (OK - compressed)
50924203 res/layout-large-land-v4/activity_series_all_data_single.xml (OK - compressed)
50926182 res/layout-large-land-v4/activity_import_m3u.xml (OK - compressed)
50927575 res/layout-large-land-v4/ad_unified.xml (OK - compressed)
50929256 res/layout-large-land-v4/hp_subtitle_layout.xml (OK - compressed)
50930613 res/layout-large-land-v4/activity_splash.xml (OK - compressed)
50931645 res/layout-large-land-v4/edit_user_prompt.xml (OK - compressed)
50933348 res/layout-large-land-v4/fragment_parental_cotrol.xml (OK - compressed)
50934587 res/layout-large-land-v4/layout_cast_details.xml (OK - compressed)
50935873 res/layout-large-land-v4/activity_import_vpn.xml (OK - compressed)
50938040 res/layout-large-land-v4/activity_my_favourite.xml (OK - compressed)
50939790 res/layout-large-land-v4/activity_routing_p.xml (OK - compressed)
50941700 res/layout-large-land-v4/replay_alertbox.xml (OK - compressed)
50942931 res/layout-large-land-v4/player_live_all_data_left_cat_adapter_player.xml (OK - compressed)
50943664 res/layout-large-land-v4/layout_authenticate_vpn.xml (OK - compressed)
50945204 res/layout-large-land-v4/live_all_data_channels_search_adapter.xml (OK - compressed)
50946433 res/layout-large-land-v4/list_devices_adapter.xml (OK - compressed)
50947245 res/layout-large-land-v4/activity_unpiad_invoice.xml (OK - compressed)
50948448 res/layout-large-land-v4/rate_us_alert_box.xml (OK - compressed)
50949611 res/layout-large-land-v4/nst_player_sky.xml (OK - compressed)
50953708 res/layout-large-land-v4/custom_forgot_password.xml (OK - compressed)
50954797 res/layout-large-land-v4/activity_tvarchive.xml (OK - compressed)
50955920 res/layout-large-land-v4/activity_my_ticket.xml (OK - compressed)
50957187 res/layout-large-land-v4/epg_sources_layout.xml (OK - compressed)
50958579 res/layout-large-land-v4/activity_rate_us.xml (OK - compressed)
50960174 res/layout-large-land-v4/activity_check_appupdate.xml (OK - compressed)
50961751 res/layout-large-land-v4/add_epg_source_layout.xml (OK - compressed)
50962941 res/layout-large-land-v4/nst_vlc_player.xml (OK - compressed)
50967551 res/layout-large-land-v4/activity_vod_new_flow.xml (OK - compressed)
50969305 res/layout-large-land-v4/usernam_password_worng_alert.xml (OK - compressed)
50970587 res/layout-large-land-v4/login_new.xml (OK - compressed)
50972622 res/layout-large-land-v4/fragment_search_field.xml (OK - compressed)
50973332 res/layout-large-land-v4/layout_multiuser_list_item.xml (OK - compressed)
50974825 res/layout-large-land-v4/layout_list_player.xml (OK - compressed)
50975330 res/layout-large-land-v4/series_all_data_left_adapter.xml (OK - compressed)
50976057 res/layout-large-land-v4/cast_grid_layout.xml (OK - compressed)
50976874 res/layout-large-land-v4/recording_popup.xml (OK - compressed)
50978453 res/layout-large-land-v4/activity_announcement_alert.xml (OK - compressed)
50979588 res/layout-large-land-v4/live_all_data_right_adapter.xml (OK - compressed)
50980817 res/layout-large-land-v4/live_sorting_layout.xml (OK - compressed)
50982105 res/layout-large-land-v4/activity_buy_now.xml (OK - compressed)
50982575 res/layout-large-land-v4/nst_player.xml (OK - compressed)
50986671 res/layout-large-land-v4/activity_series_detail.xml (OK - compressed)
50990164 res/layout-large-land-v4/ticket_list.xml (OK - compressed)
50991251 res/layout-large-land-v4/select_dialog_item_folder_load_data_locally.xml (OK - compressed)
50992067 res/layout-large-land-v4/honey_player_live.xml (OK - compressed)
50996867 res/layout-large-land-v4/layout_subcateories_cihild_list_item.xml (OK - compressed)
50998028 res/layout-large-land-v4/vod_linear_layout.xml (OK - compressed)
50999219 res/layout-large-land-v4/epg_m3u_popup.xml (OK - compressed)
51000869 res/layout-large-land-v4/activity_series_activit_new_flow_sub_cat.xml (OK - compressed)
51002286 res/layout-large-land-v4/custom_browser_not_supported.xml (OK - compressed)
51003416 res/layout-large-land-v4/activity_account_info.xml (OK - compressed)
51005569 res/layout-large-land-v4/sort_layout.xml (OK - compressed)
51006775 res/layout-large-land-v4/activity_invoice_paid_detail.xml (OK - compressed)
51007378 res/layout-large-land-v4/subtitle_layout.xml (OK - compressed)
51009212 res/layout-large-land-v4/activity_services_dashboard.xml (OK - compressed)
51011707 res/layout-large-land-v4/layout_progress_bar.xml (OK - compressed)
51012260 res/layout-large-land-v4/activity_cancelled_serivce.xml (OK - compressed)
51013137 res/layout-large-land-v4/activity_added_external_player.xml (OK - compressed)
51014569 res/layout-large-land-v4/activity_recording.xml (OK - compressed)
51016214 res/layout-large-land-v4/honey_player_live_tv.xml (OK - compressed)
51020945 res/layout-large-land-v4/view_password_verification.xml (OK - compressed)
51022389 res/layout-large-land-v4/activity_episode_detail.xml (OK - compressed)
51023867 res/layout-large-land-v4/new_dashboard_layout.xml (OK - compressed)
51028031 res/layout-large-land-v4/layout_multiuser_list_item_p.xml (OK - compressed)
51029529 res/layout-large-land-v4/auto_play_popup_layout.xml (OK - compressed)
51030874 res/layout-large-land-v4/activity_epgchannel_update.xml (OK - compressed)
51032865 res/layout-large-land-v4/player_live_all_data_left_channel_adapter.xml (OK - compressed)
51034109 res/layout-large-land-v4/activity_pending_service.xml (OK - compressed)
51034983 res/layout-large-land-v4/seasons_button_layout.xml (OK - compressed)
51035578 res/layout-large-land-v4/nst_vlc_player_vod.xml (OK - compressed)
51040295 res/layout-large-land-v4/activity_screen_type_settings.xml (OK - compressed)
51042280 res/layout-large-land-v4/nst_player_vod.xml (OK - compressed)
51046001 res/layout-large-land-v4/start_download_dialog.xml (OK - compressed)
51046307 res/layout-large-land-v4/custom_screen_size_popup_layout.xml (OK - compressed)
51047678 res/layout-large-land-v4/live_streams_linear_layout.xml (OK - compressed)
51049136 res/layout-large-land-v4/activity_series_layout.xml (OK - compressed)
51050516 res/layout-large-land-v4/activity_fraud_service.xml (OK - compressed)
51051392 res/layout-large-land-v4/activity_player_selection.xml (OK - compressed)
51053917 res/layout-large-land-v4/custom_list_devices_layout.xml (OK - compressed)
51054898 res/layout-large-land-v4/activity_search.xml (OK - compressed)
51056905 res/layout-large-land-v4/activity_open_ticket.xml (OK - compressed)
51058647 res/layout-large-land-v4/layout_movies_on_video.xml (OK - compressed)
51059947 res/layout-large-land-v4/epg_edit_m3u_popup.xml (OK - compressed)
51061564 res/layout-large-land-v4/custom_alert_layout.xml (OK - compressed)
51062652 res/layout-large-land-v4/nst_vlc_player_epg.xml (OK - compressed)
51067245 res/layout-large-land-v4/edit_m3u_user_prompt.xml (OK - compressed)
51069281 res/layout-large-land-v4/activity_vod_layout.xml (OK - compressed)
51070847 res/layout-large-land-v4/activity_epgtime_shift.xml (OK - compressed)
51072890 res/layout-large-land-v4/activity_live_new_flow.xml (OK - compressed)
51074628 res/layout-large-land-v4/activity_vlcplayer_epg.xml (OK - compressed)
51079231 res/layout-large-land-v4/activity_epg_settings.xml (OK - compressed)
51082190 res/layout-large-land-v4/activity_my_serivces_activiy.xml (OK - compressed)
51084760 res/layout-large-land-v4/layout_movie_trailer.xml (OK - compressed)
51086234 res/layout-large-land-v4/activity_suspended_service.xml (OK - compressed)
51087099 res/layout-large-land-v4/nst_multi_player_3.xml (OK - compressed)
51091614 res/layout-large-land-v4/permission_alertbox.xml (OK - compressed)
51092819 res/layout-large-land-v4/activity_external_player.xml (OK - compressed)
51094000 res/drawable-ldrtl-xxxhdpi-v4/abc_spinner_mtrl_am_alpha.9.png (OK)
51094532 res/drawable-ldrtl-xxxhdpi-v4/abc_ic_menu_copy_mtrl_am_alpha.png (OK)
51095020 res/drawable-ldrtl-xxxhdpi-v4/abc_ic_menu_cut_mtrl_alpha.png (OK)
51096070 res/layout-v21/lb_details_overview.xml (OK - compressed)
51097051 res/layout-v21/preference_information_material.xml (OK - compressed)
51097829 res/layout-v21/preference_widget_seekbar_material.xml (OK - compressed)
51099047 res/layout-v21/notification_template_icon_group.xml (OK - compressed)
51099551 res/layout-v21/honey_player_testing.xml (OK - compressed)
51103889 res/layout-v21/leanback_preferences_list.xml (OK - compressed)
51104286 res/layout-v21/fragment_parental_control_categories.xml (OK - compressed)
51105041 res/layout-v21/preference_dropdown_material.xml (OK - compressed)
51105457 res/layout-v21/lb_headers_fragment.xml (OK - compressed)
51105987 res/layout-v21/honey_player_epg.xml (OK - compressed)
51110717 res/layout-v21/leanback_preference_fragment.xml (OK - compressed)
51111375 res/layout-v21/leanback_settings_fragment.xml (OK - compressed)
51111850 res/layout-v21/fragment_parental_control_vodcat.xml (OK - compressed)
51112594 res/layout-v21/honey_player_epg_tv.xml (OK - compressed)
51117505 res/layout-v21/the_items_layout.xml (OK - compressed)
51118045 res/layout-v21/lb_title_view.xml (OK - compressed)
51118655 res/layout-v21/activity_multi_setting_new.xml (OK - compressed)
51119891 res/layout-v21/abc_screen_toolbar.xml (OK - compressed)
51120639 res/layout-v21/notification_action.xml (OK - compressed)
51121205 res/layout-v21/lb_guidedactions.xml (OK - compressed)
51122014 res/layout-v21/honey_player_testing_tv.xml (OK - compressed)
51126465 res/layout-v21/preference_category_material.xml (OK - compressed)
51127278 res/layout-v21/lb_guidedstep_background.xml (OK - compressed)
51127653 res/layout-v21/lb_playback_fragment.xml (OK - compressed)
51128042 res/layout-v21/lb_guidedbuttonactions.xml (OK - compressed)
51128652 res/layout-v21/honey_player_live.xml (OK - compressed)
51133469 res/layout-v21/preference_material.xml (OK - compressed)
51134424 res/layout-v21/lb_fullwidth_details_overview_logo.xml (OK - compressed)
51134801 res/layout-v21/lb_guidedstep_fragment.xml (OK - compressed)
51135712 res/layout-v21/lb_fullwidth_details_overview.xml (OK - compressed)
51136563 res/layout-v21/honey_player_live_tv.xml (OK - compressed)
51141332 res/layout-v21/leanback_list_preference_fragment.xml (OK - compressed)
51142185 res/layout-v21/notification_template_custom_big.xml (OK - compressed)
51143075 res/layout-v21/leanback_preference_category.xml (OK - compressed)
51143570 res/layout-v21/default_player_ui.xml (OK - compressed)
51144984 res/layout-v21/notification_action_tombstone.xml (OK - compressed)
51145589 res/menu/queue_menu.xml (OK - compressed)
51146024 res/menu/menu_search_episodes.xml (OK - compressed)
51146733 res/menu/menu_player.xml (OK - compressed)
51147129 res/menu/menu_card_live_streams.xml (OK - compressed)
51147480 res/menu/menu_text_icon.xml (OK - compressed)
51148100 res/menu/menu_card_multiuser.xml (OK - compressed)
51148528 res/menu/menu_card_episodes_m3u.xml (OK - compressed)
51148955 res/menu/menu_search_text_icon.xml (OK - compressed)
51149824 res/menu/play_with_cast_menu.xml (OK - compressed)
51150137 res/menu/menu_multiplayer.xml (OK - compressed)
51150455 res/menu/menu_recently_watched.xml (OK - compressed)
51150763 res/menu/menu_players_hp.xml (OK - compressed)
51150965 res/menu/menu_remove_player.xml (OK - compressed)
51151233 res/menu/menu_edit_epg.xml (OK - compressed)
51151567 res/menu/menu_card_series_streams.xml (OK - compressed)
51151932 res/menu/menu_card_vod.xml (OK - compressed)
51152374 res/menu/menu_card_vod_playlist.xml (OK - compressed)
51152822 res/menu/menu_move_categories.xml (OK - compressed)
51153170 res/menu/menu_dashboard_logout.xml (OK - compressed)
51153662 res/menu/menu_recordings.xml (OK - compressed)
51154018 res/menu/menu_continue_watching.xml (OK - compressed)
51154327 res/menu/menu_layout_view.xml (OK - compressed)
51154646 res/menu/menu_live_activity_sky.xml (OK - compressed)
51155084 res/menu/menu_search_text_icon_tvarchieve.xml (OK - compressed)
51155755 res/menu/menu_search.xml (OK - compressed)
51156497 res/menu/expanded_controller.xml (OK - compressed)
51156907 res/menu/menu_series_all_data_single_page.xml (OK - compressed)
51157590 res/menu/menu_players_selection.xml (OK - compressed)
51157944 res/menu/menu_app.xml (OK - compressed)
51158325 res/menu/menu_players_selection_with_fav.xml (OK - compressed)
51158729 res/interpolator/mr_fast_out_slow_in.xml (OK - compressed)
51158956 res/interpolator/mtrl_fast_out_linear_in.xml (OK - compressed)
51159125 res/interpolator/mtrl_linear_out_slow_in.xml (OK - compressed)
51159292 res/interpolator/mr_linear_out_slow_in.xml (OK - compressed)
51159507 res/interpolator/mtrl_linear.xml (OK - compressed)
51159670 res/interpolator/mtrl_fast_out_slow_in.xml (OK - compressed)
51159840 res/drawable-hdpi-v22/ic_cancel_focus.xml (OK - compressed)
51160394 res/drawable-hdpi-v21/ic_cancel_focus.xml (OK - compressed)
51160929 res/animator-v19/mtrl_btn_state_list_anim.xml (OK - compressed)
51161644 res/drawable-ldrtl-hdpi-v4/abc_spinner_mtrl_am_alpha.9.png (OK)
51162080 res/drawable-ldrtl-hdpi-v4/abc_ic_menu_copy_mtrl_am_alpha.png (OK)
51162408 res/drawable-ldrtl-hdpi-v4/abc_ic_menu_cut_mtrl_alpha.png (OK)
51162912 res/mipmap-mdpi-v4/ic_launcher.png (OK)
51166408 res/mipmap-mdpi-v4/tv_banner.png (OK)
51218380 res/drawable-v23/abc_control_background_material.xml (OK - compressed)
51218649 res/layout-sw720dp-v21/honey_player_testing.xml (OK - compressed)
51222986 res/layout-sw720dp-v21/honey_player_epg.xml (OK - compressed)
51227722 res/layout-sw720dp-v21/activity_multi_setting_new.xml (OK - compressed)
51228979 res/layout-sw720dp-v21/activity_series_all_data_single.xml (OK - compressed)
51231238 res/layout-sw720dp-v21/honey_player_live.xml (OK - compressed)
51236064 res/layout-sw720dp-v21/honey_player_live_tv.xml (OK - compressed)
51240815 res/color-v23/abc_tint_default.xml (OK - compressed)
51241280 res/color-v23/abc_btn_colored_text_material.xml (OK - compressed)
51241606 res/color-v23/abc_tint_switch_track.xml (OK - compressed)
51241993 res/color-v23/abc_btn_colored_borderless_text_material.xml (OK - compressed)
51242318 res/color-v23/abc_tint_edittext.xml (OK - compressed)
51242684 res/color-v23/abc_tint_seek_thumb.xml (OK - compressed)
51243012 res/color-v23/abc_tint_btn_checkable.xml (OK - compressed)
51243367 res/color-v23/abc_tint_spinner.xml (OK - compressed)
51243741 res/color-v23/design_tint_password_toggle.xml (OK - compressed)
51244038 res/color-v23/abc_color_highlight_material.xml (OK - compressed)
51244385 res/layout-sw600dp-v13/activity_profile.xml (OK - compressed)
51245897 res/layout-sw600dp-v13/activity_view_details.xml (OK - compressed)
51249139 res/layout-sw600dp-v13/nst_multi_player_1.xml (OK - compressed)
51253781 res/layout-sw600dp-v13/activity_seasons_activitiy.xml (OK - compressed)
51255313 res/layout-sw600dp-v13/fragment_live_streams.xml (OK - compressed)
51256204 res/layout-sw600dp-v13/playera_add_alert_box.xml (OK - compressed)
51257416 res/layout-sw600dp-v13/activity_import_epg_new.xml (OK - compressed)
51258978 res/layout-sw600dp-v13/activity_parental_control_activitity.xml (OK - compressed)
51260359 res/layout-sw600dp-v13/series_all_data_right_adapter.xml (OK - compressed)
51261715 res/layout-sw600dp-v13/activity_settings.xml (OK - compressed)
51264899 res/layout-sw600dp-v13/episode_grid_layout.xml (OK - compressed)
51267026 res/layout-sw600dp-v13/activity_cancel_invoice.xml (OK - compressed)
51268258 res/layout-sw600dp-v13/activity_vod_new_flow_subcategories.xml (OK - compressed)
51269742 res/layout-sw600dp-v13/vod_grid_layout.xml (OK - compressed)
51270957 res/layout-sw600dp-v13/activity_view_ticket.xml (OK - compressed)
51272341 res/layout-sw600dp-v13/directory_listview.xml (OK - compressed)
51272955 res/layout-sw600dp-v13/activity_view_details_m3u.xml (OK - compressed)
51275984 res/layout-sw600dp-v13/fragment_new_epg_streams.xml (OK - compressed)
51277836 res/layout-sw600dp-v13/nst_player_epg.xml (OK - compressed)
51281212 res/layout-sw600dp-v13/custom_permission_layout.xml (OK - compressed)
51282208 res/layout-sw600dp-v13/single_stream_pop_up_window.xml (OK - compressed)
51283274 res/layout-sw600dp-v13/layout_genre_details.xml (OK - compressed)
51284551 res/layout-sw600dp-v13/categories_popup.xml (OK - compressed)
51286142 res/layout-sw600dp-v13/nst_player_archive.xml (OK - compressed)
51288691 res/layout-sw600dp-v13/new_dashboard_layout_without_freetrail.xml (OK - compressed)
51293037 res/layout-sw600dp-v13/activity_stream_format.xml (OK - compressed)
51294971 res/layout-sw600dp-v13/progress_dialog.xml (OK - compressed)
51295398 res/layout-sw600dp-v13/activity_series_detail_m3u.xml (OK - compressed)
51298355 res/layout-sw600dp-v13/activity_view_cast_details.xml (OK - compressed)
51300727 res/layout-sw600dp-v13/nst_exo_player_vod.xml (OK - compressed)
51302235 res/layout-sw600dp-v13/custom_dashboard_unlock_features.xml (OK - compressed)
51303232 res/layout-sw600dp-v13/live_streams_epg_layout.xml (OK - compressed)
51304200 res/layout-sw600dp-v13/nst_exo_player_sky.xml (OK - compressed)
51307658 res/layout-sw600dp-v13/layout_live_new_flow_list_item.xml (OK - compressed)
51308688 res/layout-sw600dp-v13/activity_player_settings.xml (OK - compressed)
51311000 res/layout-sw600dp-v13/live_all_data_right_adapter_search.xml (OK - compressed)
51312219 res/layout-sw600dp-v13/select_dialog_item_folder_load_data_locally2.xml (OK - compressed)
51313038 res/layout-sw600dp-v13/honey_player_testing.xml (OK - compressed)
51317314 res/layout-sw600dp-v13/activity_search_lower_sdk.xml (OK - compressed)
51319378 res/layout-sw600dp-v13/activity_vlcplayer_sky_tv.xml (OK - compressed)
51322766 res/layout-sw600dp-v13/person_loading_view.xml (OK - compressed)
51323104 res/layout-sw600dp-v13/lb_search_fragment.xml (OK - compressed)
51323497 res/layout-sw600dp-v13/activity_app_in_purchase.xml (OK - compressed)
51327302 res/layout-sw600dp-v13/fragment_new_epg_exo.xml (OK - compressed)
51329225 res/layout-sw600dp-v13/inbuilt_player_float_box.xml (OK - compressed)
51329518 res/layout-sw600dp-v13/activity_login_m3u.xml (OK - compressed)
51331649 res/layout-sw600dp-v13/screen_selector_popup.xml (OK - compressed)
51332487 res/layout-sw600dp-v13/custom_vpn_profile_layout.xml (OK - compressed)
51333616 res/layout-sw600dp-v13/nst_vlc_player_archive.xml (OK - compressed)
51337779 res/layout-sw600dp-v13/ad_unified_fb.xml (OK - compressed)
51339001 res/layout-sw600dp-v13/activity_terminated_service.xml (OK - compressed)
51339868 res/layout-sw600dp-v13/nst_multi_player_2.xml (OK - compressed)
51344517 res/layout-sw600dp-v13/activity_vlcplayer_multiplayer.xml (OK - compressed)
51345829 res/layout-sw600dp-v13/player_live_all_data_left_cat_adapter.xml (OK - compressed)
51346550 res/layout-sw600dp-v13/recording_list.xml (OK - compressed)
51347843 res/layout-sw600dp-v13/honey_player_epg.xml (OK - compressed)
51352524 res/layout-sw600dp-v13/activity_epg_categories_new_flow.xml (OK - compressed)
51354223 res/layout-sw600dp-v13/edit_epg_source_layout.xml (OK - compressed)
51355893 res/layout-sw600dp-v13/nst_vlc_player_vod_for_device_data.xml (OK - compressed)
51360653 res/layout-sw600dp-v13/activity_vlcplayer_multiplayer1.xml (OK - compressed)
51362054 res/layout-sw600dp-v13/activity_exoplayer_sky.xml (OK - compressed)
51365463 res/layout-sw600dp-v13/demo_pop_up.xml (OK - compressed)
51366857 res/layout-sw600dp-v13/activity_automation.xml (OK - compressed)
51368992 res/layout-sw600dp-v13/activity_speed_test.xml (OK - compressed)
51370433 res/layout-sw600dp-v13/channel_list.xml (OK - compressed)
51371776 res/layout-sw600dp-v13/activity_series_activty_new_flow.xml (OK - compressed)
51373321 res/layout-sw600dp-v13/season_selector_popup.xml (OK - compressed)
51374400 res/layout-sw600dp-v13/activity_my_invoice.xml (OK - compressed)
51376478 res/layout-sw600dp-v13/activity_multi_user.xml (OK - compressed)
51378396 res/layout-sw600dp-v13/ticket_message_custom_layout.xml (OK - compressed)
51379438 res/layout-sw600dp-v13/nst_multi_player_4.xml (OK - compressed)
51384072 res/layout-sw600dp-v13/activity_new_epg.xml (OK - compressed)
51385938 res/layout-sw600dp-v13/activity_refounded.xml (OK - compressed)
51387155 res/layout-sw600dp-v13/activity_vlcplayer_multiplayer3.xml (OK - compressed)
51388613 res/layout-sw600dp-v13/right_side_programs_search_adapter.xml (OK - compressed)
51389593 res/layout-sw600dp-v13/nst_player_activity.xml (OK - compressed)
51390617 res/layout-sw600dp-v13/download_running_popup.xml (OK - compressed)
51391849 res/layout-sw600dp-v13/activity_general_settings.xml (OK - compressed)
51394559 res/layout-sw600dp-v13/activity_announcements.xml (OK - compressed)
51395808 res/layout-sw600dp-v13/activity_vlcplayer_multiplayer5.xml (OK - compressed)
51397120 res/layout-sw600dp-v13/activity_routing.xml (OK - compressed)
51399045 res/layout-sw600dp-v13/vpn_disconnect_layout.xml (OK - compressed)
51400019 res/layout-sw600dp-v13/activity_free_trail.xml (OK - compressed)
51400916 res/layout-sw600dp-v13/custom_dashboard_not_downloaded_layout.xml (OK - compressed)
51401907 res/layout-sw600dp-v13/activity_vlcplayer_sky.xml (OK - compressed)
51405603 res/layout-sw600dp-v13/series_all_data_right_adapter_con_wat.xml (OK - compressed)
51407230 res/layout-sw600dp-v13/paid_list_layout.xml (OK - compressed)
51408758 res/layout-sw600dp-v13/activity_live_layout.xml (OK - compressed)
51410061 res/layout-sw600dp-v13/activity_tv_archive_new_flow_layout.xml (OK - compressed)
51411772 res/layout-sw600dp-v13/activity_vlcplayer_multiplayer2.xml (OK - compressed)
51413189 res/layout-sw600dp-v13/activity_vpnlogin.xml (OK - compressed)
51415057 res/layout-sw600dp-v13/layout_channels_on_video.xml (OK - compressed)
51416357 res/layout-sw600dp-v13/mtrl_layout_snackbar.xml (OK - compressed)
51416763 res/layout-sw600dp-v13/activity_active_service.xml (OK - compressed)
51417640 res/layout-sw600dp-v13/activity_tv_archive_new_flow.xml (OK - compressed)
51419373 res/layout-sw600dp-v13/subtitle_popup_layout.xml (OK - compressed)
51420316 res/layout-sw600dp-v13/layout_resume_player.xml (OK - compressed)
51421689 res/layout-sw600dp-v13/activity_front_view.xml (OK - compressed)
51422856 res/layout-sw600dp-v13/layout_vod_new_flow_list_item.xml (OK - compressed)
51423881 res/layout-sw600dp-v13/activity_terms_condition_page.xml (OK - compressed)
51425164 res/layout-sw600dp-v13/activity_vlcplayer_multiplayer4.xml (OK - compressed)
51426562 res/layout-sw600dp-v13/inbuiltsmartersplayer_activity.xml (OK - compressed)
51426977 res/layout-sw600dp-v13/activity_showservice_information.xml (OK - compressed)
51428727 res/layout-sw600dp-v13/queue_activity.xml (OK - compressed)
51429372 res/layout-sw600dp-v13/appbar_common.xml (OK - compressed)
51430149 res/layout-sw600dp-v13/view_password_prompt.xml (OK - compressed)
51431632 res/layout-sw600dp-v13/activity_sub_archive.xml (OK - compressed)
51433493 res/layout-sw600dp-v13/edit_user_detail_confirmation_alert.xml (OK - compressed)
51434867 res/layout-sw600dp-v13/activity_time_format.xml (OK - compressed)
51436771 res/layout-sw600dp-v13/fragment_parental_control_setting.xml (OK - compressed)
51438324 res/layout-sw600dp-v13/all_services_adapter_custom_list_layout.xml (OK - compressed)
51439398 res/layout-sw600dp-v13/layout_announcements.xml (OK - compressed)
51440584 res/layout-sw600dp-v13/dissconnect_vpn_alert.xml (OK - compressed)
51441804 res/layout-sw600dp-v13/activity_vpn_conntected.xml (OK - compressed)
51443722 res/layout-sw600dp-v13/activity_paid_invoice2.xml (OK - compressed)
51444966 res/layout-sw600dp-v13/new_dashboard_layout_without_freetrail_xc106.xml (OK - compressed)
51447950 res/layout-sw600dp-v13/live_streams_grid_layout.xml (OK - compressed)
51449408 res/layout-sw600dp-v13/fragment_vod_subcategories.xml (OK - compressed)
51450344 res/layout-sw600dp-v13/activity_multi_setting_new.xml (OK - compressed)
51451566 res/layout-sw600dp-v13/delete_recording_popup.xml (OK - compressed)
51452810 res/layout-sw600dp-v13/custom_internet_not_working_layout.xml (OK - compressed)
51453839 res/layout-sw600dp-v13/custom_externalplayer_layout.xml (OK - compressed)
51454479 res/layout-sw600dp-v13/activity_settings_m3u.xml (OK - compressed)
51457672 res/layout-sw600dp-v13/launchvpn.xml (OK - compressed)
51458735 res/layout-sw600dp-v13/fragment_vod_streams.xml (OK - compressed)
51459472 res/layout-sw600dp-v13/activity_quit.xml (OK - compressed)
51460598 res/layout-sw600dp-v13/activity_series_all_data_single.xml (OK - compressed)
51462825 res/layout-sw600dp-v13/activity_import_m3u.xml (OK - compressed)
51464216 res/layout-sw600dp-v13/ad_unified.xml (OK - compressed)
51465895 res/layout-sw600dp-v13/hp_subtitle_layout.xml (OK - compressed)
51467229 res/layout-sw600dp-v13/activity_splash.xml (OK - compressed)
51468258 res/layout-sw600dp-v13/edit_user_prompt.xml (OK - compressed)
51469647 res/layout-sw600dp-v13/fragment_recycler_list_view.xml (OK - compressed)
51470019 res/layout-sw600dp-v13/fragment_parental_cotrol.xml (OK - compressed)
51471258 res/layout-sw600dp-v13/layout_cast_details.xml (OK - compressed)
51472541 res/layout-sw600dp-v13/activity_import_vpn.xml (OK - compressed)
51474672 res/layout-sw600dp-v13/activity_my_favourite.xml (OK - compressed)
51476438 res/layout-sw600dp-v13/activity_routing_p.xml (OK - compressed)
51478256 res/layout-sw600dp-v13/replay_alertbox.xml (OK - compressed)
51479411 res/layout-sw600dp-v13/player_live_all_data_left_cat_adapter_player.xml (OK - compressed)
51480142 res/layout-sw600dp-v13/layout_authenticate_vpn.xml (OK - compressed)
51481686 res/layout-sw600dp-v13/live_all_data_channels_search_adapter.xml (OK - compressed)
51482880 res/layout-sw600dp-v13/list_devices_adapter.xml (OK - compressed)
51483690 res/layout-sw600dp-v13/activity_unpiad_invoice.xml (OK - compressed)
51484898 res/layout-sw600dp-v13/rate_us_alert_box.xml (OK - compressed)
51486121 res/layout-sw600dp-v13/nst_player_sky.xml (OK - compressed)
51490206 res/layout-sw600dp-v13/custom_forgot_password.xml (OK - compressed)
51491249 res/layout-sw600dp-v13/activity_tvarchive.xml (OK - compressed)
51492370 res/layout-sw600dp-v13/activity_my_ticket.xml (OK - compressed)
51493636 res/layout-sw600dp-v13/epg_sources_layout.xml (OK - compressed)
51495011 res/layout-sw600dp-v13/activity_rate_us.xml (OK - compressed)
51496508 res/layout-sw600dp-v13/activity_check_appupdate.xml (OK - compressed)
51498072 res/layout-sw600dp-v13/add_epg_source_layout.xml (OK - compressed)
51499239 res/layout-sw600dp-v13/nst_vlc_player.xml (OK - compressed)
51503859 res/layout-sw600dp-v13/activity_vod_new_flow.xml (OK - compressed)
51505691 res/layout-sw600dp-v13/usernam_password_worng_alert.xml (OK - compressed)
51506974 res/layout-sw600dp-v13/login_new.xml (OK - compressed)
51508933 res/layout-sw600dp-v13/fragment_search_field.xml (OK - compressed)
51509620 res/layout-sw600dp-v13/layout_multiuser_list_item.xml (OK - compressed)
51511151 res/layout-sw600dp-v13/layout_list_player.xml (OK - compressed)
51511654 res/layout-sw600dp-v13/series_all_data_left_adapter.xml (OK - compressed)
51512379 res/layout-sw600dp-v13/cast_grid_layout.xml (OK - compressed)
51513179 res/layout-sw600dp-v13/recording_popup.xml (OK - compressed)
51514766 res/layout-sw600dp-v13/activity_announcement_alert.xml (OK - compressed)
51515874 res/layout-sw600dp-v13/live_all_data_right_adapter.xml (OK - compressed)
51517069 res/layout-sw600dp-v13/live_sorting_layout.xml (OK - compressed)
51518354 res/layout-sw600dp-v13/activity_buy_now.xml (OK - compressed)
51518822 res/layout-sw600dp-v13/nst_player.xml (OK - compressed)
51522887 res/layout-sw600dp-v13/activity_series_detail.xml (OK - compressed)
51526355 res/layout-sw600dp-v13/ticket_list.xml (OK - compressed)
51527486 res/layout-sw600dp-v13/select_dialog_item_folder_load_data_locally.xml (OK - compressed)
51528301 res/layout-sw600dp-v13/honey_player_live.xml (OK - compressed)
51533099 res/layout-sw600dp-v13/layout_subcateories_cihild_list_item.xml (OK - compressed)
51534258 res/layout-sw600dp-v13/vod_linear_layout.xml (OK - compressed)
51535447 res/layout-sw600dp-v13/epg_m3u_popup.xml (OK - compressed)
51537087 res/layout-sw600dp-v13/activity_series_activit_new_flow_sub_cat.xml (OK - compressed)
51538505 res/layout-sw600dp-v13/custom_browser_not_supported.xml (OK - compressed)
51539591 res/layout-sw600dp-v13/activity_account_info.xml (OK - compressed)
51541657 res/layout-sw600dp-v13/sort_layout.xml (OK - compressed)
51542888 res/layout-sw600dp-v13/activity_invoice_paid_detail.xml (OK - compressed)
51543489 res/layout-sw600dp-v13/subtitle_layout.xml (OK - compressed)
51545319 res/layout-sw600dp-v13/activity_services_dashboard.xml (OK - compressed)
51547945 res/layout-sw600dp-v13/layout_progress_bar.xml (OK - compressed)
51548496 res/layout-sw600dp-v13/activity_cancelled_serivce.xml (OK - compressed)
51549369 res/layout-sw600dp-v13/activity_added_external_player.xml (OK - compressed)
51550766 res/layout-sw600dp-v13/activity_recording.xml (OK - compressed)
51552378 res/layout-sw600dp-v13/view_movie.xml (OK - compressed)
51553103 res/layout-sw600dp-v13/honey_player_live_tv.xml (OK - compressed)
51557832 res/layout-sw600dp-v13/view_password_verification.xml (OK - compressed)
51559296 res/layout-sw600dp-v13/activity_episode_detail.xml (OK - compressed)
51560777 res/layout-sw600dp-v13/new_dashboard_layout.xml (OK - compressed)
51564732 res/layout-sw600dp-v13/layout_multiuser_list_item_p.xml (OK - compressed)
51566267 res/layout-sw600dp-v13/auto_play_popup_layout.xml (OK - compressed)
51567505 res/layout-sw600dp-v13/activity_epgchannel_update.xml (OK - compressed)
51569442 res/layout-sw600dp-v13/player_live_all_data_left_channel_adapter.xml (OK - compressed)
51570694 res/layout-sw600dp-v13/activity_pending_service.xml (OK - compressed)
51571566 res/layout-sw600dp-v13/seasons_button_layout.xml (OK - compressed)
51572133 res/layout-sw600dp-v13/nst_vlc_player_vod.xml (OK - compressed)
51576869 res/layout-sw600dp-v13/activity_screen_type_settings.xml (OK - compressed)
51578856 res/layout-sw600dp-v13/nst_player_vod.xml (OK - compressed)
51582479 res/layout-sw600dp-v13/start_download_dialog.xml (OK - compressed)
51582783 res/layout-sw600dp-v13/custom_screen_size_popup_layout.xml (OK - compressed)
51584133 res/layout-sw600dp-v13/live_streams_linear_layout.xml (OK - compressed)
51585628 res/layout-sw600dp-v13/activity_series_layout.xml (OK - compressed)
51586985 res/layout-sw600dp-v13/queue_row.xml (OK - compressed)
51588190 res/layout-sw600dp-v13/activity_fraud_service.xml (OK - compressed)
51589050 res/layout-sw600dp-v13/activity_player_selection.xml (OK - compressed)
51591464 res/layout-sw600dp-v13/custom_list_devices_layout.xml (OK - compressed)
51592430 res/layout-sw600dp-v13/activity_search.xml (OK - compressed)
51594406 res/layout-sw600dp-v13/activity_open_ticket.xml (OK - compressed)
51596152 res/layout-sw600dp-v13/layout_movies_on_video.xml (OK - compressed)
51597444 res/layout-sw600dp-v13/epg_edit_m3u_popup.xml (OK - compressed)
51599062 res/layout-sw600dp-v13/custom_alert_layout.xml (OK - compressed)
51600058 res/layout-sw600dp-v13/nst_vlc_player_epg.xml (OK - compressed)
51604651 res/layout-sw600dp-v13/design_layout_snackbar.xml (OK - compressed)
51605042 res/layout-sw600dp-v13/edit_m3u_user_prompt.xml (OK - compressed)
51606966 res/layout-sw600dp-v13/activity_vod_layout.xml (OK - compressed)
51608535 res/layout-sw600dp-v13/activity_epgtime_shift.xml (OK - compressed)
51610532 res/layout-sw600dp-v13/activity_live_new_flow.xml (OK - compressed)
51612256 res/layout-sw600dp-v13/activity_vlcplayer_epg.xml (OK - compressed)
51616822 res/layout-sw600dp-v13/activity_epg_settings.xml (OK - compressed)
51619678 res/layout-sw600dp-v13/activity_my_serivces_activiy.xml (OK - compressed)
51622189 res/layout-sw600dp-v13/layout_movie_trailer.xml (OK - compressed)
51623475 res/layout-sw600dp-v13/activity_suspended_service.xml (OK - compressed)
51624338 res/layout-sw600dp-v13/nst_multi_player_3.xml (OK - compressed)
51628977 res/layout-sw600dp-v13/permission_alertbox.xml (OK - compressed)
51630215 res/layout-sw600dp-v13/activity_external_player.xml (OK - compressed)
51631379 res/layout-large-land-v22/login_new.xml (OK - compressed)
51633446 res/color-v21/abc_btn_colored_borderless_text_material.xml (OK - compressed)
51633767 res/anim-v21/design_bottom_sheet_slide_out.xml (OK - compressed)
51634156 res/anim-v21/design_bottom_sheet_slide_in.xml (OK - compressed)
51634552 res/drawable-xxxhdpi-v4/ic_group_collapse_15.png (OK)
51634936 res/drawable-xxxhdpi-v4/ic_fullscreen_exit_white_24dp.png (OK)
51635180 res/drawable-xxxhdpi-v4/quantum_ic_volume_up_white_36.png (OK)
51637196 res/drawable-xxxhdpi-v4/quantum_ic_pause_grey600_36.png (OK)
51637448 res/drawable-xxxhdpi-v4/gridview_menu.png (OK)
51638208 res/drawable-xxxhdpi-v4/abc_btn_radio_to_on_mtrl_000.png (OK)
51639288 res/drawable-xxxhdpi-v4/ic_arrow.png (OK)
51639724 res/drawable-xxxhdpi-v4/abc_text_select_handle_right_mtrl_dark.png (OK)
51640368 res/drawable-xxxhdpi-v4/icon_external_player_selection.png (OK)
51646732 res/drawable-xxxhdpi-v4/ic_pause_36dp.png (OK)
51647008 res/drawable-xxxhdpi-v4/quantum_ic_closed_caption_grey600_36.png (OK)
51647828 res/drawable-xxxhdpi-v4/cast_ic_stop_circle_filled_grey600.png (OK)
51649288 res/drawable-xxxhdpi-v4/abc_btn_switch_to_on_mtrl_00001.9.png (OK)
51651848 res/drawable-xxxhdpi-v4/abc_ic_star_black_48dp.png (OK)
51654432 res/drawable-xxxhdpi-v4/tv_arch.png (OK)
51658608 res/drawable-xxxhdpi-v4/ic_group_expand_15.png (OK)
51658964 res/drawable-xxxhdpi-v4/ic_vpn_connecting.png (OK)
51678864 res/drawable-xxxhdpi-v4/close.png (OK)
51680792 res/drawable-xxxhdpi-v4/quantum_ic_replay_30_white_24.png (OK)
51682320 res/drawable-xxxhdpi-v4/quantum_ic_stop_white_24.png (OK)
51682524 res/drawable-xxxhdpi-v4/screen5.png (OK)
51684124 res/drawable-xxxhdpi-v4/tranparentdark.png (OK)
51684448 res/drawable-xxxhdpi-v4/abc_text_select_handle_right_mtrl_light.png (OK)
51685076 res/drawable-xxxhdpi-v4/playerselection.png (OK)
51689676 res/drawable-xxxhdpi-v4/catch_background.png (OK)
51740232 res/drawable-xxxhdpi-v4/favourite_yellow.png (OK)
51742340 res/drawable-xxxhdpi-v4/quantum_ic_skip_next_white_36.png (OK)
51743004 res/drawable-xxxhdpi-v4/logo_home.png (OK)
51960260 res/drawable-xxxhdpi-v4/ic_menu_24dp.png (OK)
51960624 res/drawable-xxxhdpi-v4/ic_setting_account.png (OK)
51964508 res/drawable-xxxhdpi-v4/ic_draft.png (OK)
51967484 res/drawable-xxxhdpi-v4/splash_new_background.jpg (OK)
52079528 res/drawable-xxxhdpi-v4/logo.png (OK)
52171204 res/drawable-xxxhdpi-v4/screen3.png (OK)
52172804 res/drawable-xxxhdpi-v4/automation.png (OK)
52178932 res/drawable-xxxhdpi-v4/quantum_ic_refresh_white_24.png (OK)
52180028 res/drawable-xxxhdpi-v4/quantum_ic_forward_30_white_24.png (OK)
52181552 res/drawable-xxxhdpi-v4/parental_control_icon.png (OK)
52187616 res/drawable-xxxhdpi-v4/ic_group_collapse_12.png (OK)
52187988 res/drawable-xxxhdpi-v4/ic_group_collapse_05.png (OK)
52188596 res/drawable-xxxhdpi-v4/quantum_ic_skip_next_grey600_36.png (OK)
52189264 res/drawable-xxxhdpi-v4/launcher_logo.png (OK)
52189920 res/drawable-xxxhdpi-v4/logout_icon.png (OK)
52191868 res/drawable-xxxhdpi-v4/abc_tab_indicator_mtrl_alpha.9.png (OK)
52192156 res/drawable-xxxhdpi-v4/quantum_ic_pause_white_24.png (OK)
52192372 res/drawable-xxxhdpi-v4/ic_play_36dp.png (OK)
52193196 res/drawable-xxxhdpi-v4/abc_btn_check_to_on_mtrl_015.png (OK)
52193820 res/drawable-xxxhdpi-v4/ic_vpn_connected.png (OK)
52211804 res/drawable-xxxhdpi-v4/selector_checkbox.xml (OK - compressed)
52212100 res/drawable-xxxhdpi-v4/tv_archieve.png (OK)
52218692 res/drawable-xxxhdpi-v4/edit_icon.png (OK)
52219240 res/drawable-xxxhdpi-v4/general_settings.png (OK)
52238660 res/drawable-xxxhdpi-v4/quantum_ic_stop_grey600_48.png (OK)
52238952 res/drawable-xxxhdpi-v4/quantum_ic_stop_grey600_36.png (OK)
52239196 res/drawable-xxxhdpi-v4/ic_group_expand_06.png (OK)
52239800 res/drawable-xxxhdpi-v4/abc_ic_star_half_black_16dp.png (OK)
52240336 res/drawable-xxxhdpi-v4/cast_ic_stop_circle_filled_white.png (OK)
52241780 res/drawable-xxxhdpi-v4/ondemand_focused.png (OK)
52290356 res/drawable-xxxhdpi-v4/quantum_ic_closed_caption_white_36.png (OK)
52291152 res/drawable-xxxhdpi-v4/md_nav_back.png (OK)
52291536 res/drawable-xxxhdpi-v4/ic_group_expand_01.png (OK)
52292056 res/drawable-xxxhdpi-v4/hide_icon_menu.png (OK)
52294220 res/drawable-xxxhdpi-v4/recording.png (OK)
52295604 res/drawable-xxxhdpi-v4/quantum_ic_skip_previous_white_36.png (OK)
52296300 res/drawable-xxxhdpi-v4/view_detail.png (OK)
52297240 res/drawable-xxxhdpi-v4/login_user.png (OK)
52309012 res/drawable-xxxhdpi-v4/abc_btn_check_to_on_mtrl_000.png (OK)
52309380 res/drawable-xxxhdpi-v4/right_icon_cat.png (OK)
52310140 res/drawable-xxxhdpi-v4/speed_icon.png (OK)
52314160 res/drawable-xxxhdpi-v4/ic_cancelation.png (OK)
52316220 res/drawable-xxxhdpi-v4/ic_active.png (OK)
52320436 res/drawable-xxxhdpi-v4/left_icon_cat.png (OK)
52321224 res/drawable-xxxhdpi-v4/quantum_ic_pause_circle_filled_grey600_36.png (OK)
52322940 res/drawable-xxxhdpi-v4/ic_mr_button_grey.png (OK)
52324200 res/drawable-xxxhdpi-v4/ic_home.png (OK)
52326520 res/drawable-xxxhdpi-v4/abc_ic_star_half_black_48dp.png (OK)
52328252 res/drawable-xxxhdpi-v4/ic_fullscreen_white_24dp.png (OK)
52328484 res/drawable-xxxhdpi-v4/ic_group_collapse_01.png (OK)
52329004 res/drawable-xxxhdpi-v4/ic_group_collapse_07.png (OK)
52329616 res/drawable-xxxhdpi-v4/tv_icon.png (OK)
52330540 res/drawable-xxxhdpi-v4/ic_group_expand_02.png (OK)
52330992 res/drawable-xxxhdpi-v4/ic_billing.png (OK)
52332412 res/drawable-xxxhdpi-v4/quantum_ic_forward_30_grey600_36.png (OK)
52335148 res/drawable-xxxhdpi-v4/ic_fullscreen_24dp.png (OK)
52335400 res/drawable-xxxhdpi-v4/quantum_ic_keyboard_arrow_down_white_36.png (OK)
52335904 res/drawable-xxxhdpi-v4/abc_btn_switch_to_on_mtrl_00012.9.png (OK)
52338780 res/drawable-xxxhdpi-v4/abc_btn_radio_to_on_mtrl_015.png (OK)
52340076 res/drawable-xxxhdpi-v4/folder_icon.png (OK)
52340780 res/drawable-xxxhdpi-v4/time_format.png (OK)
52345100 res/drawable-xxxhdpi-v4/addfolder_icon.png (OK)
52347480 res/drawable-xxxhdpi-v4/show_icon_menu.png (OK)
52349452 res/drawable-xxxhdpi-v4/quantum_ic_skip_next_white_24.png (OK)
52349896 res/drawable-xxxhdpi-v4/ic_group_expand_03.png (OK)
52350464 res/drawable-xxxhdpi-v4/quantum_ic_replay_white_24.png (OK)
52351572 res/drawable-xxxhdpi-v4/tv_guide_new.png (OK)
52355928 res/drawable-xxxhdpi-v4/abc_spinner_mtrl_am_alpha.9.png (OK)
52356424 res/drawable-xxxhdpi-v4/movies.png (OK)
52542944 res/drawable-xxxhdpi-v4/ic_dash_catchup.png (OK)
52582156 res/drawable-xxxhdpi-v4/ic_group_expand_09.png (OK)
52582716 res/drawable-xxxhdpi-v4/live_tv_icon.png (OK)
52591072 res/drawable-xxxhdpi-v4/gear_orange.png (OK)
52593280 res/drawable-xxxhdpi-v4/gear_white_dashboard.png (OK)
52596112 res/drawable-xxxhdpi-v4/parental_password_lock.png (OK)
52597300 res/drawable-xxxhdpi-v4/ic_group_collapse_14.png (OK)
52597700 res/drawable-xxxhdpi-v4/cast_abc_scrubber_control_to_pressed_mtrl_000.png (OK)
52598280 res/drawable-xxxhdpi-v4/ic_group_collapse_08.png (OK)
52598880 res/drawable-xxxhdpi-v4/ic_cencel.png (OK)
52603036 res/drawable-xxxhdpi-v4/manage_user.png (OK)
52613972 res/drawable-xxxhdpi-v4/login_icon.png (OK)
52614688 res/drawable-xxxhdpi-v4/abc_scrubber_control_to_pressed_mtrl_005.png (OK)
52615544 res/drawable-xxxhdpi-v4/account_info.png (OK)
52618716 res/drawable-xxxhdpi-v4/ic_myservice.png (OK)
52622424 res/drawable-xxxhdpi-v4/abc_ic_menu_share_mtrl_alpha.png (OK)
52623596 res/drawable-xxxhdpi-v4/support_agent.png (OK)
52627168 res/drawable-xxxhdpi-v4/quantum_ic_forward_30_white_36.png (OK)
52629892 res/drawable-xxxhdpi-v4/record.png (OK)
52632472 res/drawable-xxxhdpi-v4/ic_group_expand_11.png (OK)
52632900 res/drawable-xxxhdpi-v4/ic_group_expand_05.png (OK)
52633484 res/drawable-xxxhdpi-v4/abc_ic_star_half_black_36dp.png (OK)
52634892 res/drawable-xxxhdpi-v4/on_demand_background.png (OK)
52683448 res/drawable-xxxhdpi-v4/green_focused.png (OK)
52704072 res/drawable-xxxhdpi-v4/user_placeholder.png (OK)
52707060 res/drawable-xxxhdpi-v4/exo_edit_mode_logo.png (OK)
52708816 res/drawable-xxxhdpi-v4/livetv_focused.png (OK)
52755772 res/drawable-xxxhdpi-v4/abc_ic_menu_copy_mtrl_am_alpha.png (OK)
52756248 res/drawable-xxxhdpi-v4/green_background.png (OK)
52776872 res/drawable-xxxhdpi-v4/audio_track_icon.png (OK)
52778052 res/drawable-xxxhdpi-v4/ic_volume_up_white_36dp.png (OK)
52780052 res/drawable-xxxhdpi-v4/fab_bg_mini.png (OK)
52786524 res/drawable-xxxhdpi-v4/multiscreen_icon.png (OK)
52790916 res/drawable-xxxhdpi-v4/ic_group_expand_13.png (OK)
52791260 res/drawable-xxxhdpi-v4/ic_up.png (OK)
52792984 res/drawable-xxxhdpi-v4/logn_new_bg.jpg (OK)
52905048 res/drawable-xxxhdpi-v4/ic_volume_off_white_36dp.png (OK)
52907048 res/drawable-xxxhdpi-v4/reset_icon.png (OK)
52911192 res/drawable-xxxhdpi-v4/player_play_newflow.png (OK)
52913284 res/drawable-xxxhdpi-v4/ic_fullscreen_exit_white_36dp.png (OK)
52913552 res/drawable-xxxhdpi-v4/design_ic_visibility.png (OK)
52914972 res/drawable-xxxhdpi-v4/quantum_ic_pause_circle_filled_white_36.png (OK)
52916684 res/drawable-xxxhdpi-v4/search_view.png (OK)
52918792 res/drawable-xxxhdpi-v4/movies_icon.png (OK)
52927964 res/drawable-xxxhdpi-v4/abc_text_select_handle_left_mtrl_light.png (OK)
52928604 res/drawable-xxxhdpi-v4/quantum_ic_volume_off_grey600_36.png (OK)
52930612 res/drawable-xxxhdpi-v4/ic_group_expand_00.png (OK)
52930976 res/drawable-xxxhdpi-v4/player_pause.png (OK)
52931228 res/drawable-xxxhdpi-v4/parental.png (OK)
52940716 res/drawable-xxxhdpi-v4/ic_group_collapse_04.png (OK)
52941256 res/drawable-xxxhdpi-v4/ic_vpn_grey.png (OK)
52945012 res/drawable-xxxhdpi-v4/ic_group_collapse_11.png (OK)
52945476 res/drawable-xxxhdpi-v4/quantum_ic_cast_connected_white_24.png (OK)
52946740 res/drawable-xxxhdpi-v4/play.png (OK)
52950736 res/drawable-xxxhdpi-v4/logo_white_long.png (OK)
53167992 res/drawable-xxxhdpi-v4/guide_icon.png (OK)
53172688 res/drawable-xxxhdpi-v4/screen4.png (OK)
53174296 res/drawable-xxxhdpi-v4/ic_paid.png (OK)
53178588 res/drawable-xxxhdpi-v4/ic_dash_epg.png (OK)
53218568 res/drawable-xxxhdpi-v4/ic_group_collapse_03.png (OK)
53219128 res/drawable-xxxhdpi-v4/ic_playlistw.png (OK)
53221860 res/drawable-xxxhdpi-v4/ic_youtube_24dp.png (OK)
53222768 res/drawable-xxxhdpi-v4/abc_ic_star_black_36dp.png (OK)
53224932 res/drawable-xxxhdpi-v4/ic_stop_white_24dp.png (OK)
53225136 res/drawable-xxxhdpi-v4/ic_cart.png (OK)
53227696 res/drawable-xxxhdpi-v4/rocket_logo2.png (OK)
53262256 res/drawable-xxxhdpi-v4/quantum_ic_play_arrow_grey600_48.png (OK)
53263028 res/drawable-xxxhdpi-v4/ic_group_expand_14.png (OK)
53263384 res/drawable-xxxhdpi-v4/delete_user.png (OK)
53269488 res/drawable-xxxhdpi-v4/epg.png (OK)
53274684 res/drawable-xxxhdpi-v4/ic_brightness_6_white_36dp.png (OK)
53275884 res/drawable-xxxhdpi-v4/screen2.png (OK)
53277516 res/drawable-xxxhdpi-v4/quantum_ic_skip_previous_white_24.png (OK)
53277992 res/drawable-xxxhdpi-v4/menu_dots.png (OK)
53278756 res/drawable-xxxhdpi-v4/reply_on.png (OK)
53280124 res/drawable-xxxhdpi-v4/abc_ic_star_black_16dp.png (OK)
53280888 res/drawable-xxxhdpi-v4/quantum_ic_replay_30_white_36.png (OK)
53283560 res/drawable-xxxhdpi-v4/subtitle_track_icon.png (OK)
53287200 res/drawable-xxxhdpi-v4/list_white.png (OK)
53287440 res/drawable-xxxhdpi-v4/ic_group_expand_10.png (OK)
53287964 res/drawable-xxxhdpi-v4/favouraites.png (OK)
53325696 res/drawable-xxxhdpi-v4/ic_download.png (OK)
53327912 res/drawable-xxxhdpi-v4/att_to_fav.png (OK)
53331364 res/drawable-xxxhdpi-v4/catch_up_focused.png (OK)
53381940 res/drawable-xxxhdpi-v4/abc_text_select_handle_left_mtrl_dark.png (OK)
53382588 res/drawable-xxxhdpi-v4/quantum_ic_play_circle_filled_white_36.png (OK)
53384428 res/drawable-xxxhdpi-v4/lock_open.png (OK)
53385724 res/drawable-xxxhdpi-v4/ic_group_collapse_00.png (OK)
53386096 res/drawable-xxxhdpi-v4/quantum_ic_volume_up_grey600_36.png (OK)
53388096 res/drawable-xxxhdpi-v4/listview_menu.png (OK)
53389092 res/drawable-xxxhdpi-v4/quantum_ic_art_track_grey600_48.png (OK)
53390292 res/drawable-xxxhdpi-v4/gear_white.png (OK)
53394356 res/drawable-xxxhdpi-v4/cast_genre.png (OK)
53396668 res/drawable-xxxhdpi-v4/abc_switch_track_mtrl_alpha.9.png (OK)
53397560 res/drawable-xxxhdpi-v4/parental_security_key.png (OK)
53399588 res/drawable-xxxhdpi-v4/hplib_ic_settings.png (OK)
53401204 res/drawable-xxxhdpi-v4/series.png (OK)
53641784 res/drawable-xxxhdpi-v4/quantum_ic_forward_10_white_24.png (OK)
53643148 res/drawable-xxxhdpi-v4/catch_up_icon.png (OK)
53647272 res/drawable-xxxhdpi-v4/epg_play.png (OK)
53651180 res/drawable-xxxhdpi-v4/ic_group_collapse_09.png (OK)
53651772 res/drawable-xxxhdpi-v4/logout_icon_menu.png (OK)
53654024 res/drawable-xxxhdpi-v4/quantum_ic_play_arrow_grey600_36.png (OK)
53654664 res/drawable-xxxhdpi-v4/ic_playlist.png (OK)
53657388 res/drawable-xxxhdpi-v4/ic_fraud.png (OK)
53661024 res/drawable-xxxhdpi-v4/ic_myinvoice.png (OK)
53664364 res/drawable-xxxhdpi-v4/ic_play_arrow_white_24dp.png (OK)
53664812 res/drawable-xxxhdpi-v4/quantum_ic_play_arrow_white_24.png (OK)
53665264 res/drawable-xxxhdpi-v4/ic_play_circle_outline_white_36dp.png (OK)
53668024 res/drawable-xxxhdpi-v4/ic_arrow_down_24dp.png (OK)
53668412 res/drawable-xxxhdpi-v4/ic_unpaid.png (OK)
53672732 res/drawable-xxxhdpi-v4/ic_setting_account_focus.png (OK)
53676624 res/drawable-xxxhdpi-v4/livetv_icon_menu.png (OK)
53679712 res/drawable-xxxhdpi-v4/reset.png (OK)
53681588 res/drawable-xxxhdpi-v4/questionmark.png (OK)
53685484 res/drawable-xxxhdpi-v4/live_with_epg_icon.png (OK)
53687288 res/drawable-xxxhdpi-v4/ic_suspended.png (OK)
53691104 res/drawable-xxxhdpi-v4/quantum_ic_replay_30_grey600_36.png (OK)
53693764 res/drawable-xxxhdpi-v4/reply_off.png (OK)
53695356 res/drawable-xxxhdpi-v4/quantum_ic_volume_off_white_36.png (OK)
53697364 res/drawable-xxxhdpi-v4/ic_group_expand_12.png (OK)
53697748 res/drawable-xxxhdpi-v4/ic_fullscreen_exit_24dp.png (OK)
53697972 res/drawable-xxxhdpi-v4/logout_user.png (OK)
53702120 res/drawable-xxxhdpi-v4/ic_chevron_left_white_36dp.png (OK)
53702492 res/drawable-xxxhdpi-v4/quantum_ic_play_circle_filled_grey600_36.png (OK)
53704332 res/drawable-xxxhdpi-v4/switch_user.png (OK)
53716568 res/drawable-xxxhdpi-v4/live_tv_background.png (OK)
53763508 res/drawable-xxxhdpi-v4/ic_collections.png (OK)
53766452 res/drawable-xxxhdpi-v4/quantum_ic_pause_grey600_48.png (OK)
53766756 res/drawable-xxxhdpi-v4/ic_group_expand_08.png (OK)
53767348 res/drawable-xxxhdpi-v4/epg_icon.png (OK)
53769156 res/drawable-xxxhdpi-v4/add_more_user.png (OK)
53777700 res/drawable-xxxhdpi-v4/ic_billing_left_arrow.png (OK)
53778116 res/drawable-xxxhdpi-v4/quantum_ic_cast_white_36.png (OK)
53780096 res/drawable-xxxhdpi-v4/ic_group_collapse_06.png (OK)
53780704 res/drawable-xxxhdpi-v4/dashboard_background.jpg (OK)
53892788 res/drawable-xxxhdpi-v4/cast_abc_scrubber_control_to_pressed_mtrl_005.png (OK)
53893636 res/drawable-xxxhdpi-v4/home.png (OK)
53894728 res/drawable-xxxhdpi-v4/ic_pending.png (OK)
53898860 res/drawable-xxxhdpi-v4/ic_down.png (OK)
53900632 res/drawable-xxxhdpi-v4/playersettings.png (OK)
53906548 res/drawable-xxxhdpi-v4/abc_scrubber_control_to_pressed_mtrl_000.png (OK)
53907124 res/drawable-xxxhdpi-v4/series_icon_icon.png (OK)
53931124 res/drawable-xxxhdpi-v4/ic_group_expand_07.png (OK)
53931720 res/drawable-xxxhdpi-v4/epg_selection_icon.png (OK)
53936196 res/drawable-xxxhdpi-v4/quantum_ic_skip_previous_grey600_36.png (OK)
53936904 res/drawable-xxxhdpi-v4/quantum_ic_clear_white_24.png (OK)
53937408 res/drawable-xxxhdpi-v4/live_tv.png (OK)
54208044 res/drawable-xxxhdpi-v4/ic_group_collapse_13.png (OK)
54208416 res/drawable-xxxhdpi-v4/ic_group_collapse_02.png (OK)
54208884 res/drawable-xxxhdpi-v4/rokect_image.png (OK)
54298772 res/drawable-xxxhdpi-v4/ic_cancelled.png (OK)
54302284 res/drawable-xxxhdpi-v4/refresh_icon.png (OK)
54304000 res/drawable-xxxhdpi-v4/exo_notification_small_icon.png (OK)
54307536 res/drawable-xxxhdpi-v4/ic_group_collapse_10.png (OK)
54308064 res/drawable-xxxhdpi-v4/ic_tickets.png (OK)
54311872 res/drawable-xxxhdpi-v4/lock.png (OK)
54313436 res/drawable-xxxhdpi-v4/abc_ic_menu_selectall_mtrl_alpha.png (OK)
54313888 res/drawable-xxxhdpi-v4/recording_icon.png (OK)
54319060 res/drawable-xxxhdpi-v4/fab_bg_normal.png (OK)
54328560 res/drawable-xxxhdpi-v4/delete_icon.png (OK)
54328952 res/drawable-xxxhdpi-v4/quantum_ic_bigtop_updates_white_24.png (OK)
54330876 res/drawable-xxxhdpi-v4/navigae_next.png (OK)
54331156 res/drawable-xxxhdpi-v4/arrow_f.png (OK)
54331668 res/drawable-xxxhdpi-v4/screen1.png (OK)
54334376 res/drawable-xxxhdpi-v4/ic_vpn_not_connect.png (OK)
54353396 res/drawable-xxxhdpi-v4/abc_ic_menu_paste_mtrl_am_alpha.png (OK)
54354020 res/drawable-xxxhdpi-v4/abc_ic_menu_cut_mtrl_alpha.png (OK)
54355060 res/drawable-xxxhdpi-v4/ic_refund.png (OK)
54359488 res/drawable-xxxhdpi-v4/player_retry.png (OK)
54361200 res/drawable-xxxhdpi-v4/streamformat.png (OK)
54363600 res/drawable-xxxhdpi-v4/design_ic_visibility_off.png (OK)
54365004 res/drawable-xxxhdpi-v4/ic_terminated.png (OK)
54368180 res/drawable-xxxhdpi-v4/ic_group_expand_04.png (OK)
54368712 res/drawable-xxxhdpi-v4/ic_playlistwg.png (OK)
54371460 res/drawable-xxxhdpi-v4/quantum_ic_replay_10_white_24.png (OK)
54372848 res/drawable-xxxhdpi-v4/black_background.jpg (OK)
54484900 res/drawable-xxxhdpi-v4/guide_icon_menu.png (OK)
54486384 res/drawable-xxhdpi-v4/ic_fullscreen_exit_white_24dp.png (OK)
54486620 res/drawable-xxhdpi-v4/messenger_bubble_large_blue.png (OK)
54488272 res/drawable-xxhdpi-v4/quantum_ic_volume_up_white_36.png (OK)
54489896 res/drawable-xxhdpi-v4/quantum_ic_pause_grey600_36.png (OK)
54490140 res/drawable-xxhdpi-v4/com_facebook_close.png (OK)
54503092 res/drawable-xxhdpi-v4/abc_ic_commit_search_api_mtrl_alpha.png (OK)
54503444 res/drawable-xxhdpi-v4/gridview_menu.png (OK)
54503996 res/drawable-xxhdpi-v4/abc_btn_radio_to_on_mtrl_000.png (OK)
54505312 res/drawable-xxhdpi-v4/ic_arrow.png (OK)
54505652 res/drawable-xxhdpi-v4/abc_text_select_handle_right_mtrl_dark.png (OK)
54506188 res/drawable-xxhdpi-v4/icon_external_player_selection.png (OK)
54511080 res/drawable-xxhdpi-v4/ic_mr_button_connecting_12_dark.png (OK)
54511620 res/drawable-xxhdpi-v4/sort.png (OK)
54512804 res/drawable-xxhdpi-v4/ic_mr_button_connected_21_dark.png (OK)
54513408 res/drawable-xxhdpi-v4/ic_mr_button_connecting_27_light.png (OK)
54513956 res/drawable-xxhdpi-v4/ic_mr_button_connected_04_light.png (OK)
54514512 res/drawable-xxhdpi-v4/home_icon_black.png (OK)
54515527 res/drawable-xxhdpi-v4/shape_checkbox_focused.xml (OK - compressed)
54515860 res/drawable-xxhdpi-v4/lb_action_bg_focused.9.png (OK)
54516368 res/drawable-xxhdpi-v4/ic_mr_button_connected_04_dark.png (OK)
54516920 res/drawable-xxhdpi-v4/ic_pause_36dp.png (OK)
54517180 res/drawable-xxhdpi-v4/quantum_ic_closed_caption_grey600_36.png (OK)
54518072 res/drawable-xxhdpi-v4/abc_list_pressed_holo_light.9.png (OK)
54518372 res/drawable-xxhdpi-v4/ic_mr_button_connected_06_dark.png (OK)
54518968 res/drawable-xxhdpi-v4/cast_ic_stop_circle_filled_grey600.png (OK)
54520092 res/drawable-xxhdpi-v4/abc_btn_switch_to_on_mtrl_00001.9.png (OK)
54522608 res/drawable-xxhdpi-v4/abc_ic_star_black_48dp.png (OK)
54524792 res/drawable-xxhdpi-v4/cast_abc_scrubber_primary_mtrl_alpha.9.png (OK)
54525068 res/drawable-xxhdpi-v4/tv_arch.png (OK)
54527880 res/drawable-xxhdpi-v4/ic_mr_button_connected_28_dark.png (OK)
54528472 res/drawable-xxhdpi-v4/ic_vpn_connecting.png (OK)
54546960 res/drawable-xxhdpi-v4/close.png (OK)
54548120 res/drawable-xxhdpi-v4/ic_mr_button_connected_14_dark.png (OK)
54548708 res/drawable-xxhdpi-v4/abc_textfield_default_mtrl_alpha.9.png (OK)
54548988 res/drawable-xxhdpi-v4/ic_dialog_close_light.png (OK)
54549428 res/drawable-xxhdpi-v4/ic_mr_button_connected_22_light.png (OK)
54550040 res/drawable-xxhdpi-v4/quantum_ic_replay_30_white_24.png (OK)
54551184 res/drawable-xxhdpi-v4/quantum_ic_stop_white_24.png (OK)
54551400 res/drawable-xxhdpi-v4/ic_mr_button_connecting_01_light.png (OK)
54551932 res/drawable-xxhdpi-v4/screen5.png (OK)
54553532 res/drawable-xxhdpi-v4/tranparentdark.png (OK)
54553856 res/drawable-xxhdpi-v4/abc_text_select_handle_right_mtrl_light.png (OK)
54554392 res/drawable-xxhdpi-v4/ic_mr_button_connected_10_light.png (OK)
54554952 res/drawable-xxhdpi-v4/ic_mr_button_connected_07_light.png (OK)
54555464 res/drawable-xxhdpi-v4/playerselection.png (OK)
54559048 res/drawable-xxhdpi-v4/catch_background.png (OK)
54609604 res/drawable-xxhdpi-v4/lb_ic_search_mic_out.png (OK)
54610684 res/drawable-xxhdpi-v4/cast_ic_notification_1.png (OK)
54611488 res/drawable-xxhdpi-v4/ic_mr_button_connecting_26_light.png (OK)
54612048 res/drawable-xxhdpi-v4/quantum_ic_skip_next_white_36.png (OK)
54612608 res/drawable-xxhdpi-v4/logo_home.png (OK)
54746932 res/drawable-xxhdpi-v4/ic_menu_24dp.png (OK)
54747224 res/drawable-xxhdpi-v4/ic_setting_account.png (OK)
54749752 res/drawable-xxhdpi-v4/ic_draft.png (OK)
54752096 res/drawable-xxhdpi-v4/splash_new_background.jpg (OK)
54864136 res/drawable-xxhdpi-v4/logo.png (OK)
54923500 res/drawable-xxhdpi-v4/screen3.png (OK)
54925100 res/drawable-xxhdpi-v4/automation.png (OK)
54929596 res/drawable-xxhdpi-v4/quantum_ic_refresh_white_24.png (OK)
54930448 res/drawable-xxhdpi-v4/quantum_ic_forward_30_white_24.png (OK)
54931560 res/drawable-xxhdpi-v4/parental_control_icon.png (OK)
54935764 res/drawable-xxhdpi-v4/ic_mr_button_connected_29_light.png (OK)
54936368 res/drawable-xxhdpi-v4/quantum_ic_skip_next_grey600_36.png (OK)
54936928 res/drawable-xxhdpi-v4/ic_launcher1.png (OK)
54955384 res/drawable-xxhdpi-v4/ic_mr_button_connected_27_light.png (OK)
54955976 res/drawable-xxhdpi-v4/exo_icon_pause.png (OK)
54956212 res/drawable-xxhdpi-v4/ic_mr_button_connecting_22_light.png (OK)
54956748 res/drawable-xxhdpi-v4/launcher_logo.png (OK)
54957212 res/drawable-xxhdpi-v4/ic_mr_button_connected_14_light.png (OK)
54957784 res/drawable-xxhdpi-v4/exo_icon_previous.png (OK)
54958288 res/drawable-xxhdpi-v4/logout_icon.png (OK)
54959772 res/drawable-xxhdpi-v4/ic_vol_type_speaker_light.png (OK)
54960812 res/drawable-xxhdpi-v4/abc_tab_indicator_mtrl_alpha.9.png (OK)
54961100 res/drawable-xxhdpi-v4/quantum_ic_pause_white_24.png (OK)
54961300 res/drawable-xxhdpi-v4/ic_play_36dp.png (OK)
54961900 res/drawable-xxhdpi-v4/abc_btn_check_to_on_mtrl_015.png (OK)
54962700 res/drawable-xxhdpi-v4/ic_vpn_connected.png (OK)
54979421 res/drawable-xxhdpi-v4/selector_checkbox.xml (OK - compressed)
54979716 res/drawable-xxhdpi-v4/tv_archieve.png (OK)
54983904 res/drawable-xxhdpi-v4/edit_icon.png (OK)
54984392 res/drawable-xxhdpi-v4/general_settings.png (OK)
54998664 res/drawable-xxhdpi-v4/ic_mr_button_connected_20_light.png (OK)
54999276 res/drawable-xxhdpi-v4/ic_mr_button_connected_10_dark.png (OK)
54999836 res/drawable-xxhdpi-v4/ic_mr_button_connecting_08_dark.png (OK)
55000376 res/drawable-xxhdpi-v4/quantum_ic_stop_grey600_48.png (OK)
55000628 res/drawable-xxhdpi-v4/quantum_ic_stop_grey600_36.png (OK)
55000864 res/drawable-xxhdpi-v4/ic_mr_button_connecting_07_light.png (OK)
55001388 res/drawable-xxhdpi-v4/abc_ic_star_half_black_16dp.png (OK)
55001836 res/drawable-xxhdpi-v4/cast_ic_stop_circle_filled_white.png (OK)
55002944 res/drawable-xxhdpi-v4/ondemand_focused.png (OK)
55051492 res/drawable-xxhdpi-v4/epg_stop.png (OK)
55053992 res/drawable-xxhdpi-v4/quantum_ic_closed_caption_white_36.png (OK)
55054864 res/drawable-xxhdpi-v4/md_nav_back.png (OK)
55055172 res/drawable-xxhdpi-v4/hide_icon_menu.png (OK)
55056912 res/drawable-xxhdpi-v4/recording.png (OK)
55058040 res/drawable-xxhdpi-v4/abc_ab_share_pack_mtrl_alpha.9.png (OK)
55058416 res/drawable-xxhdpi-v4/quantum_ic_skip_previous_white_36.png (OK)
55059028 res/drawable-xxhdpi-v4/ic_mr_button_connected_02_dark.png (OK)
55059592 res/drawable-xxhdpi-v4/ic_mr_button_connecting_25_light.png (OK)
55060148 res/drawable-xxhdpi-v4/ic_mr_button_connecting_17_light.png (OK)
55060680 res/drawable-xxhdpi-v4/view_detail.png (OK)
55061512 res/drawable-xxhdpi-v4/login_user.png (OK)
55067488 res/drawable-xxhdpi-v4/ic_mr_button_connected_20_dark.png (OK)
55068104 res/drawable-xxhdpi-v4/abc_cab_background_top_mtrl_alpha.9.png (OK)
55068412 res/drawable-xxhdpi-v4/exo_icon_stop.png (OK)
55068640 res/drawable-xxhdpi-v4/ic_mr_button_connecting_26_dark.png (OK)
55069200 res/drawable-xxhdpi-v4/abc_btn_check_to_on_mtrl_000.png (OK)
55069640 res/drawable-xxhdpi-v4/right_icon_cat.png (OK)
55070192 res/drawable-xxhdpi-v4/ic_mr_button_connecting_14_dark.png (OK)
55070736 res/drawable-xxhdpi-v4/ic_mr_button_connecting_17_dark.png (OK)
55071264 res/drawable-xxhdpi-v4/speed_icon.png (OK)
55074488 res/drawable-xxhdpi-v4/ic_cancelation.png (OK)
55076192 res/drawable-xxhdpi-v4/ic_active.png (OK)
55079484 res/drawable-xxhdpi-v4/abc_list_divider_mtrl_alpha.9.png (OK)
55079744 res/drawable-xxhdpi-v4/ic_mr_button_connecting_00_dark.png (OK)
55080300 res/drawable-xxhdpi-v4/abc_menu_hardkey_panel_mtrl_mult.9.png (OK)
55082144 res/drawable-xxhdpi-v4/ic_mr_button_connecting_10_light.png (OK)
55082708 res/drawable-xxhdpi-v4/com_facebook_button_like_icon_selected.png (OK)
55083052 res/drawable-xxhdpi-v4/cast_abc_scrubber_control_off_mtrl_alpha.png (OK)
55083536 res/drawable-xxhdpi-v4/ic_mr_button_connected_08_light.png (OK)
55084076 res/drawable-xxhdpi-v4/messenger_bubble_large_white.png (OK)
55085248 res/drawable-xxhdpi-v4/left_icon_cat.png (OK)
55085824 res/drawable-xxhdpi-v4/quantum_ic_pause_circle_filled_grey600_36.png (OK)
55087204 res/drawable-xxhdpi-v4/ic_media_pause_dark.png (OK)
55087460 res/drawable-xxhdpi-v4/ic_mr_button_grey.png (OK)
55088432 res/drawable-xxhdpi-v4/lb_in_app_search_bg.9.png (OK)
55088988 res/drawable-xxhdpi-v4/ic_home.png (OK)
55090280 res/drawable-xxhdpi-v4/abc_ic_star_half_black_48dp.png (OK)
55091692 res/drawable-xxhdpi-v4/ic_fullscreen_white_24dp.png (OK)
55091928 res/drawable-xxhdpi-v4/ic_mr_button_connecting_28_light.png (OK)
55092492 res/drawable-xxhdpi-v4/ic_mr_button_connected_25_light.png (OK)
55093108 res/drawable-xxhdpi-v4/ic_mr_button_disconnected_light.png (OK)
55094504 res/drawable-xxhdpi-v4/abc_textfield_search_activated_mtrl_alpha.9.png (OK)
55094756 res/drawable-xxhdpi-v4/tv_icon.png (OK)
55095700 res/drawable-xxhdpi-v4/abc_list_selector_disabled_holo_light.9.png (OK)
55096036 res/drawable-xxhdpi-v4/ic_media_play_dark.png (OK)
55096680 res/drawable-xxhdpi-v4/ic_media_play_light.png (OK)
55097336 res/drawable-xxhdpi-v4/ic_mr_button_connected_03_light.png (OK)
55097880 res/drawable-xxhdpi-v4/ic_billing.png (OK)
55099116 res/drawable-xxhdpi-v4/messenger_bubble_small_white.png (OK)
55100120 res/drawable-xxhdpi-v4/googleg_standard_color_18.png (OK)
55102104 res/drawable-xxhdpi-v4/quantum_ic_forward_30_grey600_36.png (OK)
55104368 res/drawable-xxhdpi-v4/ic_mr_button_connecting_24_light.png (OK)
55104908 res/drawable-xxhdpi-v4/ic_fullscreen_24dp.png (OK)
55105132 res/drawable-xxhdpi-v4/ic_vol_type_tv_light.png (OK)
55105552 res/drawable-xxhdpi-v4/ic_mr_button_disabled_dark.png (OK)
55106704 res/drawable-xxhdpi-v4/ic_mr_button_connected_26_light.png (OK)
55107336 res/drawable-xxhdpi-v4/quantum_ic_keyboard_arrow_down_white_36.png (OK)
55107836 res/drawable-xxhdpi-v4/abc_btn_switch_to_on_mtrl_00012.9.png (OK)
55110700 res/drawable-xxhdpi-v4/ic_mr_button_connected_18_dark.png (OK)
55111284 res/drawable-xxhdpi-v4/exo_icon_rewind.png (OK)
55111936 res/drawable-xxhdpi-v4/ic_mr_button_connecting_11_light.png (OK)
55112508 res/drawable-xxhdpi-v4/abc_btn_radio_to_on_mtrl_015.png (OK)
55114044 res/drawable-xxhdpi-v4/folder_icon.png (OK)
55114636 res/drawable-xxhdpi-v4/time_format.png (OK)
55117896 res/drawable-xxhdpi-v4/ic_mr_button_connecting_02_dark.png (OK)
55118444 res/drawable-xxhdpi-v4/addfolder_icon.png (OK)
55120332 res/drawable-xxhdpi-v4/show_icon_menu.png (OK)
55121812 res/drawable-xxhdpi-v4/quantum_ic_skip_next_white_24.png (OK)
55122196 res/drawable-xxhdpi-v4/quantum_ic_replay_white_24.png (OK)
55123052 res/drawable-xxhdpi-v4/ic_mr_button_connecting_07_dark.png (OK)
55123580 res/drawable-xxhdpi-v4/ic_mr_button_connecting_19_light.png (OK)
55124112 res/drawable-xxhdpi-v4/tv_guide_new.png (OK)
55127672 res/drawable-xxhdpi-v4/ic_mr_button_connected_19_dark.png (OK)
55128268 res/drawable-xxhdpi-v4/abc_spinner_mtrl_am_alpha.9.png (OK)
55128872 res/drawable-xxhdpi-v4/exo_controls_repeat_all.png (OK)
55129264 res/drawable-xxhdpi-v4/ic_mr_button_connected_21_light.png (OK)
55129848 res/drawable-xxhdpi-v4/movies.png (OK)
55316376 res/drawable-xxhdpi-v4/lb_ic_actions_right_arrow.png (OK)
55316840 res/drawable-xxhdpi-v4/ic_mr_button_connecting_29_dark.png (OK)
55317380 res/drawable-xxhdpi-v4/ic_dash_catchup.png (OK)
55356588 res/drawable-xxhdpi-v4/lb_ic_search_mic.png (OK)
55357552 res/drawable-xxhdpi-v4/live_tv_icon.png (OK)
55363068 res/drawable-xxhdpi-v4/gear_orange.png (OK)
55364844 res/drawable-xxhdpi-v4/ic_mr_button_connected_16_light.png (OK)
55365424 res/drawable-xxhdpi-v4/gear_white_dashboard.png (OK)
55368252 res/drawable-xxhdpi-v4/parental_password_lock.png (OK)
55369276 res/drawable-xxhdpi-v4/cast_abc_scrubber_control_to_pressed_mtrl_000.png (OK)
55369824 res/drawable-xxhdpi-v4/exo_controls_fullscreen_exit.png (OK)
55370080 res/drawable-xxhdpi-v4/ic_cencel.png (OK)
55373308 res/drawable-xxhdpi-v4/ic_dialog_close_dark.png (OK)
55373748 res/drawable-xxhdpi-v4/ic_vol_type_speaker_group_light.png (OK)
55374752 res/drawable-xxhdpi-v4/manage_user.png (OK)
55382808 res/drawable-xxhdpi-v4/login_icon.png (OK)
55383488 res/drawable-xxhdpi-v4/abc_scrubber_control_to_pressed_mtrl_005.png (OK)
55384296 res/drawable-xxhdpi-v4/ic_mr_button_connecting_03_light.png (OK)
55384840 res/drawable-xxhdpi-v4/account_info.png (OK)
55387140 res/drawable-xxhdpi-v4/ic_myservice.png (OK)
55390136 res/drawable-xxhdpi-v4/abc_ic_menu_share_mtrl_alpha.png (OK)
55391064 res/drawable-xxhdpi-v4/ic_mr_button_connected_08_dark.png (OK)
55391592 res/drawable-xxhdpi-v4/support_agent.png (OK)
55394228 res/drawable-xxhdpi-v4/ic_audiotrack_light.png (OK)
55394692 res/drawable-xxhdpi-v4/quantum_ic_forward_30_white_36.png (OK)
55396928 res/drawable-xxhdpi-v4/record.png (OK)
55399092 res/drawable-xxhdpi-v4/abc_ic_star_half_black_36dp.png (OK)
55400280 res/drawable-xxhdpi-v4/ic_mr_button_connected_03_dark.png (OK)
55400832 res/drawable-xxhdpi-v4/on_demand_background.png (OK)
55449428 res/drawable-xxhdpi-v4/common_google_signin_btn_text_light_normal_background.9.png (OK)
55450772 res/drawable-xxhdpi-v4/ic_mr_button_connected_00_light.png (OK)
55451324 res/drawable-xxhdpi-v4/ic_mr_button_connecting_11_dark.png (OK)
55451900 res/drawable-xxhdpi-v4/ic_mr_button_connecting_06_light.png (OK)
55452464 res/drawable-xxhdpi-v4/green_focused.png (OK)
55473088 res/drawable-xxhdpi-v4/user_placeholder.png (OK)
55475284 res/drawable-xxhdpi-v4/common_google_signin_btn_icon_light_normal_background.9.png (OK)
55476500 res/drawable-xxhdpi-v4/exo_edit_mode_logo.png (OK)
55477828 res/drawable-xxhdpi-v4/abc_text_select_handle_middle_mtrl_dark.png (OK)
55479060 res/drawable-xxhdpi-v4/abc_list_selector_disabled_holo_dark.9.png (OK)
55479392 res/drawable-xxhdpi-v4/livetv_focused.png (OK)
55526352 res/drawable-xxhdpi-v4/abc_scrubber_control_off_mtrl_alpha.png (OK)
55526836 res/drawable-xxhdpi-v4/abc_ic_menu_copy_mtrl_am_alpha.png (OK)
55527268 res/drawable-xxhdpi-v4/ic_mr_button_connected_11_light.png (OK)
55527820 res/drawable-xxhdpi-v4/green_background.png (OK)
55548444 res/drawable-xxhdpi-v4/audio_track_icon.png (OK)
55549480 res/drawable-xxhdpi-v4/ic_mr_button_connecting_21_light.png (OK)
55550020 res/drawable-xxhdpi-v4/ic_volume_up_white_36dp.png (OK)
55551628 res/drawable-xxhdpi-v4/fab_bg_mini.png (OK)
55556784 res/drawable-xxhdpi-v4/ic_mr_button_connected_19_light.png (OK)
55557360 res/drawable-xxhdpi-v4/ic_up.png (OK)
55558164 res/drawable-xxhdpi-v4/logn_new_bg.jpg (OK)
55670224 res/drawable-xxhdpi-v4/ic_volume_off_white_36dp.png (OK)
55671888 res/drawable-xxhdpi-v4/lb_in_app_search_shadow_focused.9.png (OK)
55675868 res/drawable-xxhdpi-v4/ic_mr_button_connecting_00_light.png (OK)
55676420 res/drawable-xxhdpi-v4/ic_mr_button_connected_02_light.png (OK)
55676984 res/drawable-xxhdpi-v4/ic_mr_button_connected_28_light.png (OK)
55677568 res/drawable-xxhdpi-v4/reset_icon.png (OK)
55681060 res/drawable-xxhdpi-v4/ic_mr_button_connecting_02_light.png (OK)
55681624 res/drawable-xxhdpi-v4/ic_mr_button_connected_05_light.png (OK)
55682176 res/drawable-xxhdpi-v4/player_play_newflow.png (OK)
55683592 res/drawable-xxhdpi-v4/ic_fullscreen_exit_white_36dp.png (OK)
55683836 res/drawable-xxhdpi-v4/design_ic_visibility.png (OK)
55684884 res/drawable-xxhdpi-v4/quantum_ic_pause_circle_filled_white_36.png (OK)
55686276 res/drawable-xxhdpi-v4/exo_controls_fullscreen_enter.png (OK)
55686560 res/drawable-xxhdpi-v4/abc_textfield_search_default_mtrl_alpha.9.png (OK)
55686828 res/drawable-xxhdpi-v4/cast_ic_notification_0.png (OK)
55687612 res/drawable-xxhdpi-v4/ic_mr_button_connecting_12_light.png (OK)
55688160 res/drawable-xxhdpi-v4/search_view.png (OK)
55689572 res/drawable-xxhdpi-v4/ic_mr_button_connecting_13_light.png (OK)
55690124 res/drawable-xxhdpi-v4/movies_icon.png (OK)
55695976 res/drawable-xxhdpi-v4/cast_ic_notification_on.png (OK)
55696764 res/drawable-xxhdpi-v4/ic_mr_button_connecting_09_dark.png (OK)
55697320 res/drawable-xxhdpi-v4/abc_text_select_handle_left_mtrl_light.png (OK)
55697856 res/drawable-xxhdpi-v4/quantum_ic_volume_off_grey600_36.png (OK)
55699520 res/drawable-xxhdpi-v4/ic_mr_button_connecting_04_dark.png (OK)
55700092 res/drawable-xxhdpi-v4/lb_in_app_search_shadow_normal.9.png (OK)
55701332 res/drawable-xxhdpi-v4/player_pause.png (OK)
55701640 res/drawable-xxhdpi-v4/parental.png (OK)
55707524 res/drawable-xxhdpi-v4/abc_scrubber_primary_mtrl_alpha.9.png (OK)
55707804 res/drawable-xxhdpi-v4/ic_vpn_grey.png (OK)
55710724 res/drawable-xxhdpi-v4/ic_mr_button_connected_27_dark.png (OK)
55711332 res/drawable-xxhdpi-v4/quantum_ic_cast_connected_white_24.png (OK)
55712256 res/drawable-xxhdpi-v4/play.png (OK)
55714900 res/drawable-xxhdpi-v4/logo_white_long.png (OK)
55849232 res/drawable-xxhdpi-v4/settings_icon_black.png (OK)
55851088 res/drawable-xxhdpi-v4/ic_mr_button_connecting_05_dark.png (OK)
55851632 res/drawable-xxhdpi-v4/guide_icon.png (OK)
55854940 res/drawable-xxhdpi-v4/messenger_button_send_round_shadow.png (OK)
55860444 res/drawable-xxhdpi-v4/exo_icon_fastforward.png (OK)
55861056 res/drawable-xxhdpi-v4/screen4.png (OK)
55862664 res/drawable-xxhdpi-v4/ic_paid.png (OK)
55866192 res/drawable-xxhdpi-v4/ic_dash_epg.png (OK)
55906160 res/drawable-xxhdpi-v4/ic_playlistw.png (OK)
55908368 res/drawable-xxhdpi-v4/ic_youtube_24dp.png (OK)
55909148 res/drawable-xxhdpi-v4/abc_ic_star_black_36dp.png (OK)
55910928 res/drawable-xxhdpi-v4/ic_stop_white_24dp.png (OK)
55911120 res/drawable-xxhdpi-v4/ic_cart.png (OK)
55913224 res/drawable-xxhdpi-v4/ic_mr_button_connecting_18_dark.png (OK)
55913756 res/drawable-xxhdpi-v4/rocket_logo2.png (OK)
55936900 res/drawable-xxhdpi-v4/exo_icon_play.png (OK)
55937372 res/drawable-xxhdpi-v4/quantum_ic_play_arrow_grey600_48.png (OK)
55938008 res/drawable-xxhdpi-v4/delete_user.png (OK)
55942232 res/drawable-xxhdpi-v4/epg.png (OK)
55946220 res/drawable-xxhdpi-v4/ic_brightness_6_white_36dp.png (OK)
55947112 res/drawable-xxhdpi-v4/ic_mr_button_connecting_25_dark.png (OK)
55947644 res/drawable-xxhdpi-v4/screen2.png (OK)
55949272 res/drawable-xxhdpi-v4/ic_mr_button_connected_06_light.png (OK)
55949856 res/drawable-xxhdpi-v4/quantum_ic_skip_previous_white_24.png (OK)
55950260 res/drawable-xxhdpi-v4/menu_dots.png (OK)
55950892 res/drawable-xxhdpi-v4/ic_mr_button_connecting_19_dark.png (OK)
55951444 res/drawable-xxhdpi-v4/ic_mr_button_connecting_06_dark.png (OK)
55952012 res/drawable-xxhdpi-v4/reply_on.png (OK)
55953096 res/drawable-xxhdpi-v4/abc_ic_star_black_16dp.png (OK)
55953704 res/drawable-xxhdpi-v4/ic_mr_button_connected_00_dark.png (OK)
55954256 res/drawable-xxhdpi-v4/quantum_ic_replay_30_white_36.png (OK)
55956528 res/drawable-xxhdpi-v4/ic_mr_button_connected_15_light.png (OK)
55957116 res/drawable-xxhdpi-v4/ic_mr_button_connecting_23_dark.png (OK)
55957672 res/drawable-xxhdpi-v4/ic_mr_button_connecting_28_dark.png (OK)
55958220 res/drawable-xxhdpi-v4/subtitle_track_icon.png (OK)
55961032 res/drawable-xxhdpi-v4/exo_controls_repeat_one.png (OK)
55961468 res/drawable-xxhdpi-v4/ic_mr_button_connecting_20_dark.png (OK)
55962012 res/drawable-xxhdpi-v4/lb_ic_sad_cloud.png (OK)
55964928 res/drawable-xxhdpi-v4/list_white.png (OK)
55965204 res/drawable-xxhdpi-v4/ic_mr_button_connecting_16_light.png (OK)
55965732 res/drawable-xxhdpi-v4/favouraites.png (OK)
56003464 res/drawable-xxhdpi-v4/ic_download.png (OK)
56004768 res/drawable-xxhdpi-v4/ic_fab_complete.png (OK)
56005340 res/drawable-xxhdpi-v4/abc_textfield_activated_mtrl_alpha.9.png (OK)
56005628 res/drawable-xxhdpi-v4/ic_mr_button_disconnected_dark.png (OK)
56007040 res/drawable-xxhdpi-v4/att_to_fav.png (OK)
56009448 res/drawable-xxhdpi-v4/common_google_signin_btn_text_dark_normal_background.9.png (OK)
56011160 res/drawable-xxhdpi-v4/catch_up_focused.png (OK)
56061728 res/drawable-xxhdpi-v4/ic_mr_button_connecting_21_dark.png (OK)
56062284 res/drawable-xxhdpi-v4/abc_text_select_handle_left_mtrl_dark.png (OK)
56062824 res/drawable-xxhdpi-v4/quantum_ic_play_circle_filled_white_36.png (OK)
56064312 res/drawable-xxhdpi-v4/ic_mr_button_connecting_13_dark.png (OK)
56064860 res/drawable-xxhdpi-v4/lock_open.png (OK)
56065908 res/drawable-xxhdpi-v4/ic_mr_button_connecting_08_light.png (OK)
56066452 res/drawable-xxhdpi-v4/quantum_ic_volume_up_grey600_36.png (OK)
56068060 res/drawable-xxhdpi-v4/listview_menu.png (OK)
56068824 res/drawable-xxhdpi-v4/quantum_ic_art_track_grey600_48.png (OK)
56069756 res/drawable-xxhdpi-v4/gear_white.png (OK)
56072812 res/drawable-xxhdpi-v4/cast_genre.png (OK)
56074532 res/drawable-xxhdpi-v4/abc_switch_track_mtrl_alpha.9.png (OK)
56075464 res/drawable-xxhdpi-v4/parental_security_key.png (OK)
56077136 res/drawable-xxhdpi-v4/ic_mr_button_connected_07_dark.png (OK)
56077648 res/drawable-xxhdpi-v4/hplib_ic_settings.png (OK)
56078884 res/drawable-xxhdpi-v4/ic_mr_button_connecting_10_dark.png (OK)
56079416 res/drawable-xxhdpi-v4/series.png (OK)
56319996 res/drawable-xxhdpi-v4/quantum_ic_forward_10_white_24.png (OK)
56321004 res/drawable-xxhdpi-v4/com_facebook_button_send_icon_white.png (OK)
56321748 res/drawable-xxhdpi-v4/catch_up_icon.png (OK)
56325052 res/drawable-xxhdpi-v4/ic_vol_type_speaker_dark.png (OK)
56325956 res/drawable-xxhdpi-v4/ic_audiotrack_dark.png (OK)
56326428 res/drawable-xxhdpi-v4/ic_mr_button_connected_13_dark.png (OK)
56327024 res/drawable-xxhdpi-v4/epg_play.png (OK)
56329976 res/drawable-xxhdpi-v4/ic_mr_button_connecting_15_light.png (OK)
56330500 res/drawable-xxhdpi-v4/layout.png (OK)
56331116 res/drawable-xxhdpi-v4/logout_icon_menu.png (OK)
56332812 res/drawable-xxhdpi-v4/ic_mr_button_connecting_20_light.png (OK)
56333368 res/drawable-xxhdpi-v4/ic_mr_button_connecting_09_light.png (OK)
56333920 res/drawable-xxhdpi-v4/quantum_ic_play_arrow_grey600_36.png (OK)
56334484 res/drawable-xxhdpi-v4/ic_mr_button_connecting_16_dark.png (OK)
56335032 res/drawable-xxhdpi-v4/ic_mr_button_connected_23_light.png (OK)
56335632 res/drawable-xxhdpi-v4/ic_playlist.png (OK)
56337848 res/drawable-xxhdpi-v4/exo_controls_shuffle.png (OK)
56338448 res/drawable-xxhdpi-v4/ic_fraud.png (OK)
56341180 res/drawable-xxhdpi-v4/ic_myinvoice.png (OK)
56343712 res/drawable-xxhdpi-v4/ic_mr_button_connected_12_light.png (OK)
56344324 res/drawable-xxhdpi-v4/ic_mr_button_connected_25_dark.png (OK)
56344940 res/drawable-xxhdpi-v4/ic_mr_button_connected_09_dark.png (OK)
56345484 res/drawable-xxhdpi-v4/ic_play_arrow_white_24dp.png (OK)
56345864 res/drawable-xxhdpi-v4/quantum_ic_play_arrow_white_24.png (OK)
56346244 res/drawable-xxhdpi-v4/ic_mr_button_connecting_27_dark.png (OK)
56346792 res/drawable-xxhdpi-v4/ic_play_circle_outline_white_36dp.png (OK)
56348980 res/drawable-xxhdpi-v4/ic_arrow_down_24dp.png (OK)
56349380 res/drawable-xxhdpi-v4/abc_list_pressed_holo_dark.9.png (OK)
56349660 res/drawable-xxhdpi-v4/ic_unpaid.png (OK)
56353212 res/drawable-xxhdpi-v4/ic_setting_account_focus.png (OK)
56355748 res/drawable-xxhdpi-v4/livetv_icon_menu.png (OK)
56357980 res/drawable-xxhdpi-v4/reset.png (OK)
56359380 res/drawable-xxhdpi-v4/questionmark.png (OK)
56362260 res/drawable-xxhdpi-v4/live_with_epg_icon.png (OK)
56363732 res/drawable-xxhdpi-v4/ic_mr_button_connected_12_dark.png (OK)
56364344 res/drawable-xxhdpi-v4/ic_mr_button_connected_30_light.png (OK)
56364972 res/drawable-xxhdpi-v4/common_google_signin_btn_icon_dark_normal_background.9.png (OK)
56366552 res/drawable-xxhdpi-v4/ic_suspended.png (OK)
56369340 res/drawable-xxhdpi-v4/quantum_ic_replay_30_grey600_36.png (OK)
56371592 res/drawable-xxhdpi-v4/reply_off.png (OK)
56372752 res/drawable-xxhdpi-v4/quantum_ic_volume_off_white_36.png (OK)
56374408 res/drawable-xxhdpi-v4/ic_fullscreen_exit_24dp.png (OK)
56374628 res/drawable-xxhdpi-v4/logout_user.png (OK)
56377860 res/drawable-xxhdpi-v4/ic_mr_button_connected_22_dark.png (OK)
56378480 res/drawable-xxhdpi-v4/quantum_ic_play_circle_filled_grey600_36.png (OK)
56379948 res/drawable-xxhdpi-v4/switch_user.png (OK)
56388352 res/drawable-xxhdpi-v4/ic_mr_button_connecting_29_light.png (OK)
56388896 res/drawable-xxhdpi-v4/ic_media_pause_light.png (OK)
56389152 res/drawable-xxhdpi-v4/live_tv_background.png (OK)
56436108 res/drawable-xxhdpi-v4/ic_mr_button_connected_01_light.png (OK)
56436648 res/drawable-xxhdpi-v4/ic_collections.png (OK)
56439104 res/drawable-xxhdpi-v4/ic_mr_button_connected_01_dark.png (OK)
56439660 res/drawable-xxhdpi-v4/ic_mr_button_connected_09_light.png (OK)
56440204 res/drawable-xxhdpi-v4/quantum_ic_pause_grey600_48.png (OK)
56440472 res/drawable-xxhdpi-v4/ic_vol_type_speaker_group_dark.png (OK)
56441392 res/drawable-xxhdpi-v4/abc_text_select_handle_middle_mtrl_light.png (OK)
56442612 res/drawable-xxhdpi-v4/ic_mr_button_disabled_light.png (OK)
56443788 res/drawable-xxhdpi-v4/ic_mr_button_connected_18_light.png (OK)
56444364 res/drawable-xxhdpi-v4/epg_icon.png (OK)
56445828 res/drawable-xxhdpi-v4/exo_controls_repeat_off.png (OK)
56446248 res/drawable-xxhdpi-v4/add_more_user.png (OK)
56451744 res/drawable-xxhdpi-v4/ic_mr_button_connecting_01_dark.png (OK)
56452292 res/drawable-xxhdpi-v4/ic_billing_left_arrow.png (OK)
56452616 res/drawable-xxhdpi-v4/quantum_ic_cast_white_36.png (OK)
56454276 res/drawable-xxhdpi-v4/ic_mr_button_connecting_22_dark.png (OK)
56454812 res/drawable-xxhdpi-v4/alert_icon.png (OK)
56455784 res/drawable-xxhdpi-v4/lb_ic_in_app_search.png (OK)
56457260 res/drawable-xxhdpi-v4/dashboard_background.jpg (OK)
56569328 res/drawable-xxhdpi-v4/ic_mr_button_connected_05_dark.png (OK)
56569908 res/drawable-xxhdpi-v4/cast_abc_scrubber_control_to_pressed_mtrl_005.png (OK)
56570716 res/drawable-xxhdpi-v4/ic_mr_button_connecting_04_light.png (OK)
56571288 res/drawable-xxhdpi-v4/ic_mr_button_connected_24_dark.png (OK)
56571900 res/drawable-xxhdpi-v4/ic_mr_button_connecting_23_light.png (OK)
56572456 res/drawable-xxhdpi-v4/ic_mr_button_connected_15_dark.png (OK)
56573044 res/drawable-xxhdpi-v4/ic_mr_button_connecting_15_dark.png (OK)
56573564 res/drawable-xxhdpi-v4/home.png (OK)
56574416 res/drawable-xxhdpi-v4/ic_pending.png (OK)
56577784 res/drawable-xxhdpi-v4/ic_mr_button_connecting_24_dark.png (OK)
56578336 res/drawable-xxhdpi-v4/ic_mr_button_connected_29_dark.png (OK)
56578916 res/drawable-xxhdpi-v4/ic_down.png (OK)
56579744 res/drawable-xxhdpi-v4/cast_ic_notification_2.png (OK)
56580520 res/drawable-xxhdpi-v4/ic_media_stop_light.png (OK)
56580760 res/drawable-xxhdpi-v4/playersettings.png (OK)
56584544 res/drawable-xxhdpi-v4/abc_scrubber_control_to_pressed_mtrl_000.png (OK)
56585096 res/drawable-xxhdpi-v4/ic_mr_button_connected_30_dark.png (OK)
56585700 res/drawable-xxhdpi-v4/ic_mr_button_connected_24_light.png (OK)
56586296 res/drawable-xxhdpi-v4/series_icon_icon.png (OK)
56601332 res/drawable-xxhdpi-v4/ic_mr_button_connected_16_dark.png (OK)
56601924 res/drawable-xxhdpi-v4/ic_mr_button_connecting_30_dark.png (OK)
56602468 res/drawable-xxhdpi-v4/abc_list_focused_holo.9.png (OK)
56602816 res/drawable-xxhdpi-v4/ic_mr_button_connected_17_light.png (OK)
56603404 res/drawable-xxhdpi-v4/epg_selection_icon.png (OK)
56605660 res/drawable-xxhdpi-v4/quantum_ic_skip_previous_grey600_36.png (OK)
56606268 res/drawable-xxhdpi-v4/quantum_ic_clear_white_24.png (OK)
56606684 res/drawable-xxhdpi-v4/live_tv.png (OK)
56877332 res/drawable-xxhdpi-v4/abc_popup_background_mtrl_mult.9.png (OK)
56879696 res/drawable-xxhdpi-v4/ic_mr_button_connected_17_dark.png (OK)
56880280 res/drawable-xxhdpi-v4/rokect_image.png (OK)
56938112 res/drawable-xxhdpi-v4/ic_cancelled.png (OK)
56940916 res/drawable-xxhdpi-v4/refresh_icon.png (OK)
56942264 res/drawable-xxhdpi-v4/ic_mr_button_connected_26_dark.png (OK)
56942888 res/drawable-xxhdpi-v4/ic_mr_button_connecting_30_light.png (OK)
56943440 res/drawable-xxhdpi-v4/ic_mr_button_connecting_14_light.png (OK)
56943980 res/drawable-xxhdpi-v4/exo_notification_small_icon.png (OK)
56946732 res/drawable-xxhdpi-v4/ic_tickets.png (OK)
56950188 res/drawable-xxhdpi-v4/lock.png (OK)
56951588 res/drawable-xxhdpi-v4/abc_ic_menu_selectall_mtrl_alpha.png (OK)
56951980 res/drawable-xxhdpi-v4/ic_media_stop_dark.png (OK)
56952212 res/drawable-xxhdpi-v4/stop_icon.png (OK)
56954532 res/drawable-xxhdpi-v4/recording_icon.png (OK)
56958456 res/drawable-xxhdpi-v4/fab_bg_normal.png (OK)
56965012 res/drawable-xxhdpi-v4/messenger_bubble_small_blue.png (OK)
56966440 res/drawable-xxhdpi-v4/delete_icon.png (OK)
56966788 res/drawable-xxhdpi-v4/quantum_ic_bigtop_updates_white_24.png (OK)
56968276 res/drawable-xxhdpi-v4/ic_mr_button_connected_23_dark.png (OK)
56968892 res/drawable-xxhdpi-v4/abc_list_longpressed_holo.9.png (OK)
56969184 res/drawable-xxhdpi-v4/navigae_next.png (OK)
56969492 res/drawable-xxhdpi-v4/ic_mr_button_connecting_18_light.png (OK)
56970020 res/drawable-xxhdpi-v4/arrow_f.png (OK)
56970516 res/drawable-xxhdpi-v4/googleg_disabled_color_18.png (OK)
56971588 res/drawable-xxhdpi-v4/ic_mr_button_connected_11_dark.png (OK)
56972124 res/drawable-xxhdpi-v4/screen1.png (OK)
56974824 res/drawable-xxhdpi-v4/exo_icon_next.png (OK)
56975300 res/drawable-xxhdpi-v4/ic_vpn_not_connect.png (OK)
56993340 res/drawable-xxhdpi-v4/abc_ic_menu_paste_mtrl_am_alpha.png (OK)
56993820 res/drawable-xxhdpi-v4/ic_mr_button_connecting_03_dark.png (OK)
56994380 res/drawable-xxhdpi-v4/abc_ic_menu_cut_mtrl_alpha.png (OK)
56995200 res/drawable-xxhdpi-v4/ic_refund.png (OK)
56998712 res/drawable-xxhdpi-v4/player_retry.png (OK)
57000048 res/drawable-xxhdpi-v4/ic_mr_button_connected_13_light.png (OK)
57000652 res/drawable-xxhdpi-v4/ic_vol_type_tv_dark.png (OK)
57001036 res/drawable-xxhdpi-v4/streamformat.png (OK)
57003028 res/drawable-xxhdpi-v4/design_ic_visibility_off.png (OK)
57004116 res/drawable-xxhdpi-v4/ic_mr_button_connecting_05_light.png (OK)
57004664 res/drawable-xxhdpi-v4/ic_terminated.png (OK)
57007228 res/drawable-xxhdpi-v4/abc_scrubber_track_mtrl_alpha.9.png (OK)
57007508 res/drawable-xxhdpi-v4/ic_playlistwg.png (OK)
57009732 res/drawable-xxhdpi-v4/quantum_ic_replay_10_white_24.png (OK)
57010740 res/drawable-xxhdpi-v4/black_background.jpg (OK)
57122792 res/drawable-xxhdpi-v4/guide_icon_menu.png (OK)
57123992 res/drawable-xxhdpi-v4/aspect_ratio_new.png (OK)
57125364 res/drawable-hdpi-v4/ic_fullscreen_exit_white_24dp.png (OK)
57125576 res/drawable-hdpi-v4/messenger_bubble_large_blue.png (OK)
57126516 res/drawable-hdpi-v4/quantum_ic_volume_up_white_36.png (OK)
57127152 res/drawable-hdpi-v4/quantum_ic_pause_grey600_36.png (OK)
57127380 res/drawable-hdpi-v4/com_facebook_close.png (OK)
57129168 res/drawable-hdpi-v4/abc_ic_commit_search_api_mtrl_alpha.png (OK)
57129420 res/drawable-hdpi-v4/gridview_menu.png (OK)
57129892 res/drawable-hdpi-v4/abc_btn_radio_to_on_mtrl_000.png (OK)
57130520 res/drawable-hdpi-v4/ic_arrow.png (OK)
57130964 res/drawable-hdpi-v4/abc_text_select_handle_right_mtrl_dark.png (OK)
57131328 res/drawable-hdpi-v4/icon_external_player_selection.png (OK)
57134124 res/drawable-hdpi-v4/sort.png (OK)
57134700 res/drawable-hdpi-v4/home_icon_black.png (OK)
57135324 res/drawable-hdpi-v4/lb_action_bg_focused.9.png (OK)
57135704 res/drawable-hdpi-v4/ic_pause_36dp.png (OK)
57135948 res/drawable-hdpi-v4/quantum_ic_closed_caption_grey600_36.png (OK)
57136512 res/drawable-hdpi-v4/abc_list_pressed_holo_light.9.png (OK)
57136812 res/drawable-hdpi-v4/cast_ic_stop_circle_filled_grey600.png (OK)
57137368 res/drawable-hdpi-v4/abc_btn_switch_to_on_mtrl_00001.9.png (OK)
57138516 res/drawable-hdpi-v4/abc_ic_star_black_48dp.png (OK)
57139348 res/drawable-hdpi-v4/cast_abc_scrubber_primary_mtrl_alpha.9.png (OK)
57139616 res/drawable-hdpi-v4/tv_arch.png (OK)
57140940 res/drawable-hdpi-v4/ic_vpn_connecting.png (OK)
57156344 res/drawable-hdpi-v4/close.png (OK)
57156944 res/drawable-hdpi-v4/abc_textfield_default_mtrl_alpha.9.png (OK)
57157212 res/drawable-hdpi-v4/ic_dialog_close_light.png (OK)
57157520 res/drawable-hdpi-v4/quantum_ic_replay_30_white_24.png (OK)
57158144 res/drawable-hdpi-v4/quantum_ic_stop_white_24.png (OK)
57158312 res/drawable-hdpi-v4/screen5.png (OK)
57159908 res/drawable-hdpi-v4/tranparentdark.png (OK)
57160228 res/drawable-hdpi-v4/abc_text_select_handle_right_mtrl_light.png (OK)
57160576 res/drawable-hdpi-v4/playerselection.png (OK)
57162688 res/drawable-hdpi-v4/com_facebook_tooltip_black_xout.png (OK)
57162996 res/drawable-hdpi-v4/catch_background.png (OK)
57213548 res/drawable-hdpi-v4/favourite_yellow.png (OK)
57214344 res/drawable-hdpi-v4/lb_ic_search_mic_out.png (OK)
57214928 res/drawable-hdpi-v4/cast_ic_notification_1.png (OK)
57215392 res/drawable-hdpi-v4/quantum_ic_skip_next_white_36.png (OK)
57215812 res/drawable-hdpi-v4/logo_home.png (OK)
57255312 res/drawable-hdpi-v4/ic_menu_24dp.png (OK)
57255516 res/drawable-hdpi-v4/ic_setting_account.png (OK)
57257276 res/drawable-hdpi-v4/ic_draft.png (OK)
57258328 res/drawable-hdpi-v4/splash_new_background.jpg (OK)
57370368 res/drawable-hdpi-v4/logo.png (OK)
57387400 res/drawable-hdpi-v4/screen3.png (OK)
57389000 res/drawable-hdpi-v4/automation.png (OK)
57391576 res/drawable-hdpi-v4/quantum_ic_refresh_white_24.png (OK)
57392064 res/drawable-hdpi-v4/quantum_ic_forward_30_white_24.png (OK)
57392700 res/drawable-hdpi-v4/parental_control_icon.png (OK)
57394016 res/drawable-hdpi-v4/quantum_ic_skip_next_grey600_36.png (OK)
57394456 res/drawable-hdpi-v4/ic_launcher1.png (OK)
57402400 res/drawable-hdpi-v4/exo_icon_pause.png (OK)
57402584 res/drawable-hdpi-v4/launcher_logo.png (OK)
57402832 res/drawable-hdpi-v4/exo_icon_previous.png (OK)
57403156 res/drawable-hdpi-v4/logout_icon.png (OK)
57403944 res/drawable-hdpi-v4/ic_vol_type_speaker_light.png (OK)
57404560 res/drawable-hdpi-v4/abc_tab_indicator_mtrl_alpha.9.png (OK)
57404832 res/drawable-hdpi-v4/quantum_ic_pause_white_24.png (OK)
57405020 res/drawable-hdpi-v4/ic_play_36dp.png (OK)
57405388 res/drawable-hdpi-v4/abc_btn_check_to_on_mtrl_015.png (OK)
57405996 res/drawable-hdpi-v4/ic_vpn_connected.png (OK)
57419656 res/drawable-hdpi-v4/spinner_focused_holo_light.9.png (OK)
57420232 res/drawable-hdpi-v4/tv_archieve.png (OK)
57422164 res/drawable-hdpi-v4/edit_icon.png (OK)
57422576 res/drawable-hdpi-v4/general_settings.png (OK)
57429016 res/drawable-hdpi-v4/quantum_ic_stop_grey600_48.png (OK)
57429224 res/drawable-hdpi-v4/quantum_ic_stop_grey600_36.png (OK)
57429448 res/drawable-hdpi-v4/abc_ic_star_half_black_16dp.png (OK)
57429756 res/drawable-hdpi-v4/cast_ic_stop_circle_filled_white.png (OK)
57430296 res/drawable-hdpi-v4/ondemand_focused.png (OK)
57478844 res/drawable-hdpi-v4/epg_stop.png (OK)
57480044 res/drawable-hdpi-v4/quantum_ic_closed_caption_white_36.png (OK)
57480560 res/drawable-hdpi-v4/md_nav_back.png (OK)
57480808 res/drawable-hdpi-v4/hide_icon_menu.png (OK)
57481744 res/drawable-hdpi-v4/recording.png (OK)
57482356 res/drawable-hdpi-v4/abc_ab_share_pack_mtrl_alpha.9.png (OK)
57482716 res/drawable-hdpi-v4/quantum_ic_skip_previous_white_36.png (OK)
57483160 res/drawable-hdpi-v4/view_detail.png (OK)
57483748 res/drawable-hdpi-v4/login_user.png (OK)
57485900 res/drawable-hdpi-v4/spinner_default_holo_light.9.png (OK)
57486400 res/drawable-hdpi-v4/abc_cab_background_top_mtrl_alpha.9.png (OK)
57486696 res/drawable-hdpi-v4/exo_icon_stop.png (OK)
57486892 res/drawable-hdpi-v4/abc_btn_check_to_on_mtrl_000.png (OK)
57487248 res/drawable-hdpi-v4/right_icon_cat.png (OK)
57487632 res/drawable-hdpi-v4/speed_icon.png (OK)
57489160 res/drawable-hdpi-v4/ic_cancelation.png (OK)
57490036 res/drawable-hdpi-v4/ic_active.png (OK)
57491456 res/drawable-hdpi-v4/abc_list_divider_mtrl_alpha.9.png (OK)
57491712 res/drawable-hdpi-v4/abc_menu_hardkey_panel_mtrl_mult.9.png (OK)
57492484 res/drawable-hdpi-v4/main.png (OK)
57511164 res/drawable-hdpi-v4/com_facebook_button_like_icon_selected.png (OK)
57511440 res/drawable-hdpi-v4/cast_abc_scrubber_control_off_mtrl_alpha.png (OK)
57511752 res/drawable-hdpi-v4/messenger_bubble_large_white.png (OK)
57512380 res/drawable-hdpi-v4/left_icon_cat.png (OK)
57512816 res/drawable-hdpi-v4/quantum_ic_pause_circle_filled_grey600_36.png (OK)
57513540 res/drawable-hdpi-v4/ic_media_pause_dark.png (OK)
57513744 res/drawable-hdpi-v4/ic_mr_button_grey.png (OK)
57514340 res/drawable-hdpi-v4/lb_in_app_search_bg.9.png (OK)
57514740 res/drawable-hdpi-v4/ic_home.png (OK)
57515460 res/drawable-hdpi-v4/abc_ic_star_half_black_48dp.png (OK)
57516024 res/drawable-hdpi-v4/ic_fullscreen_white_24dp.png (OK)
57516236 res/drawable-hdpi-v4/ic_mr_button_disconnected_light.png (OK)
57517016 res/drawable-hdpi-v4/abc_textfield_search_activated_mtrl_alpha.9.png (OK)
57517256 res/drawable-hdpi-v4/tv_icon.png (OK)
57518200 res/drawable-hdpi-v4/abc_list_selector_disabled_holo_light.9.png (OK)
57518504 res/drawable-hdpi-v4/ic_media_play_dark.png (OK)
57518872 res/drawable-hdpi-v4/ic_media_play_light.png (OK)
57519236 res/drawable-hdpi-v4/ic_billing.png (OK)
57519960 res/drawable-hdpi-v4/messenger_bubble_small_white.png (OK)
57520500 res/drawable-hdpi-v4/ic_fab_play.png (OK)
57521008 res/drawable-hdpi-v4/googleg_standard_color_18.png (OK)
57522060 res/drawable-hdpi-v4/quantum_ic_forward_30_grey600_36.png (OK)
57523132 res/drawable-hdpi-v4/ic_fullscreen_24dp.png (OK)
57523372 res/drawable-hdpi-v4/ic_vol_type_tv_light.png (OK)
57523696 res/drawable-hdpi-v4/ic_mr_button_disabled_dark.png (OK)
57524432 res/drawable-hdpi-v4/quantum_ic_keyboard_arrow_down_white_36.png (OK)
57524712 res/drawable-hdpi-v4/abc_btn_switch_to_on_mtrl_00012.9.png (OK)
57526000 res/drawable-hdpi-v4/exo_icon_rewind.png (OK)
57526392 res/drawable-hdpi-v4/abc_btn_radio_to_on_mtrl_015.png (OK)
57527148 res/drawable-hdpi-v4/folder_icon.png (OK)
57527488 res/drawable-hdpi-v4/time_format.png (OK)
57529248 res/drawable-hdpi-v4/addfolder_icon.png (OK)
57530532 res/drawable-hdpi-v4/show_icon_menu.png (OK)
57531304 res/drawable-hdpi-v4/quantum_ic_skip_next_white_24.png (OK)
57531580 res/drawable-hdpi-v4/quantum_ic_replay_white_24.png (OK)
57532080 res/drawable-hdpi-v4/tv_guide_new.png (OK)
57534320 res/drawable-hdpi-v4/abc_spinner_mtrl_am_alpha.9.png (OK)
57534744 res/drawable-hdpi-v4/exo_controls_repeat_all.png (OK)
57535016 res/drawable-hdpi-v4/movies.png (OK)
57721544 res/drawable-hdpi-v4/lb_ic_actions_right_arrow.png (OK)
57721864 res/drawable-hdpi-v4/ic_dash_catchup.png (OK)
57761072 res/drawable-hdpi-v4/lb_ic_search_mic.png (OK)
57761596 res/drawable-hdpi-v4/live_tv_icon.png (OK)
57764008 res/drawable-hdpi-v4/gear_orange.png (OK)
57764984 res/drawable-hdpi-v4/gear_white_dashboard.png (OK)
57765724 res/drawable-hdpi-v4/parental_password_lock.png (OK)
57766524 res/drawable-hdpi-v4/cast_abc_scrubber_control_to_pressed_mtrl_000.png (OK)
57766824 res/drawable-hdpi-v4/exo_controls_fullscreen_exit.png (OK)
57767040 res/drawable-hdpi-v4/ic_cencel.png (OK)
57768460 res/drawable-hdpi-v4/ic_dialog_close_dark.png (OK)
57768768 res/drawable-hdpi-v4/ic_vol_type_speaker_group_light.png (OK)
57769384 res/drawable-hdpi-v4/list_longpressed_holo.9.png (OK)
57769660 res/drawable-hdpi-v4/manage_user.png (OK)
57773560 res/drawable-hdpi-v4/login_icon.png (OK)
57774076 res/drawable-hdpi-v4/abc_scrubber_control_to_pressed_mtrl_005.png (OK)
57774468 res/drawable-hdpi-v4/account_info.png (OK)
57775588 res/drawable-hdpi-v4/ic_myservice.png (OK)
57776868 res/drawable-hdpi-v4/abc_ic_menu_share_mtrl_alpha.png (OK)
57777380 res/drawable-hdpi-v4/support_agent.png (OK)
57778636 res/drawable-hdpi-v4/ic_audiotrack_light.png (OK)
57778952 res/drawable-hdpi-v4/quantum_ic_forward_30_white_36.png (OK)
57779848 res/drawable-hdpi-v4/record.png (OK)
57780804 res/drawable-hdpi-v4/abc_ic_star_half_black_36dp.png (OK)
57781260 res/drawable-hdpi-v4/on_demand_background.png (OK)
57829852 res/drawable-hdpi-v4/common_google_signin_btn_text_light_normal_background.9.png (OK)
57830616 res/drawable-hdpi-v4/green_focused.png (OK)
57851236 res/drawable-hdpi-v4/user_placeholder.png (OK)
57852296 res/drawable-hdpi-v4/common_google_signin_btn_icon_light_normal_background.9.png (OK)
57853032 res/drawable-hdpi-v4/exo_edit_mode_logo.png (OK)
57853696 res/drawable-hdpi-v4/abc_text_select_handle_middle_mtrl_dark.png (OK)
57854372 res/drawable-hdpi-v4/abc_list_selector_disabled_holo_dark.9.png (OK)
57854672 res/drawable-hdpi-v4/livetv_focused.png (OK)
57901632 res/drawable-hdpi-v4/abc_scrubber_control_off_mtrl_alpha.png (OK)
57901948 res/drawable-hdpi-v4/abc_ic_menu_copy_mtrl_am_alpha.png (OK)
57902268 res/drawable-hdpi-v4/green_background.png (OK)
57922888 res/drawable-hdpi-v4/audio_track_icon.png (OK)
57923412 res/drawable-hdpi-v4/ic_cancel_focus.xml (OK - compressed)
57923700 res/drawable-hdpi-v4/ic_volume_up_white_36dp.png (OK)
57924320 res/drawable-hdpi-v4/fab_bg_mini.png (OK)
57928736 res/drawable-hdpi-v4/multiscreen_icon.png (OK)
57929424 res/drawable-hdpi-v4/com_facebook_tooltip_blue_bottomnub.png (OK)
57930332 res/drawable-hdpi-v4/list_activated_holo.9.png (OK)
57930600 res/drawable-hdpi-v4/ic_up.png (OK)
57931020 res/drawable-hdpi-v4/logn_new_bg.jpg (OK)
58043080 res/drawable-hdpi-v4/ic_volume_off_white_36dp.png (OK)
58043884 res/drawable-hdpi-v4/lb_in_app_search_shadow_focused.9.png (OK)
58045500 res/drawable-hdpi-v4/list_focused_holo.9.png (OK)
58045800 res/drawable-hdpi-v4/reset_icon.png (OK)
58047324 res/drawable-hdpi-v4/player_play_newflow.png (OK)
58048132 res/drawable-hdpi-v4/ic_fullscreen_exit_white_36dp.png (OK)
58048384 res/drawable-hdpi-v4/com_facebook_tooltip_black_topnub.png (OK)
58049048 res/drawable-hdpi-v4/com_facebook_tooltip_blue_background.9.png (OK)
58051700 res/drawable-hdpi-v4/design_ic_visibility.png (OK)
58052316 res/drawable-hdpi-v4/quantum_ic_pause_circle_filled_white_36.png (OK)
58052956 res/drawable-hdpi-v4/exo_controls_fullscreen_enter.png (OK)
58053200 res/drawable-hdpi-v4/abc_textfield_search_default_mtrl_alpha.9.png (OK)
58053456 res/drawable-hdpi-v4/cast_ic_notification_0.png (OK)
58053896 res/drawable-hdpi-v4/search_view.png (OK)
58054572 res/drawable-hdpi-v4/movies_icon.png (OK)
58057228 res/drawable-hdpi-v4/cast_ic_notification_on.png (OK)
58057692 res/drawable-hdpi-v4/abc_text_select_handle_left_mtrl_light.png (OK)
58058056 res/drawable-hdpi-v4/quantum_ic_volume_off_grey600_36.png (OK)
58059076 res/drawable-hdpi-v4/notification_bg_normal_pressed.9.png (OK)
58059396 res/drawable-hdpi-v4/com_facebook_tooltip_black_background.9.png (OK)
58061416 res/drawable-hdpi-v4/lb_in_app_search_shadow_normal.9.png (OK)
58062076 res/drawable-hdpi-v4/player_pause.png (OK)
58062356 res/drawable-hdpi-v4/parental.png (OK)
58065104 res/drawable-hdpi-v4/abc_scrubber_primary_mtrl_alpha.9.png (OK)
58065376 res/drawable-hdpi-v4/ic_vpn_grey.png (OK)
58067168 res/drawable-hdpi-v4/quantum_ic_cast_connected_white_24.png (OK)
58067836 res/drawable-hdpi-v4/play.png (OK)
58068964 res/drawable-hdpi-v4/logo_white_long.png (OK)
58108472 res/drawable-hdpi-v4/settings_icon_black.png (OK)
58109408 res/drawable-hdpi-v4/guide_icon.png (OK)
58110560 res/drawable-hdpi-v4/messenger_button_send_round_shadow.png (OK)
58112504 res/drawable-hdpi-v4/spinner_disabled_holo_light.9.png (OK)
58112912 res/drawable-hdpi-v4/exo_icon_fastforward.png (OK)
58113296 res/drawable-hdpi-v4/screen4.png (OK)
58114900 res/drawable-hdpi-v4/ic_paid.png (OK)
58116620 res/drawable-hdpi-v4/ic_dash_epg.png (OK)
58156588 res/drawable-hdpi-v4/ic_playlistw.png (OK)
58157548 res/drawable-hdpi-v4/ic_youtube_24dp.png (OK)
58157976 res/drawable-hdpi-v4/abc_ic_star_black_36dp.png (OK)
58158644 res/drawable-hdpi-v4/ic_stop_white_24dp.png (OK)
58158812 res/drawable-hdpi-v4/ic_cart.png (OK)
58159672 res/drawable-hdpi-v4/rocket_logo2.png (OK)
58168604 res/drawable-hdpi-v4/exo_icon_play.png (OK)
58168952 res/drawable-hdpi-v4/quantum_ic_play_arrow_grey600_48.png (OK)
58169400 res/drawable-hdpi-v4/list_pressed_holo_light.9.png (OK)
58169688 res/drawable-hdpi-v4/notification_bg_normal.9.png (OK)
58169968 res/drawable-hdpi-v4/delete_user.png (OK)
58172580 res/drawable-hdpi-v4/epg.png (OK)
58174920 res/drawable-hdpi-v4/ic_brightness_6_white_36dp.png (OK)
58175440 res/drawable-hdpi-v4/screen2.png (OK)
58177068 res/drawable-hdpi-v4/quantum_ic_skip_previous_white_24.png (OK)
58177348 res/drawable-hdpi-v4/menu_dots.png (OK)
58177696 res/drawable-hdpi-v4/reply_on.png (OK)
58178264 res/drawable-hdpi-v4/menu_icon.png (OK)
58178624 res/drawable-hdpi-v4/abc_ic_star_black_16dp.png (OK)
58179012 res/drawable-hdpi-v4/quantum_ic_replay_30_white_36.png (OK)
58179912 res/drawable-hdpi-v4/subtitle_track_icon.png (OK)
58181392 res/drawable-hdpi-v4/exo_controls_repeat_one.png (OK)
58181704 res/drawable-hdpi-v4/lb_ic_sad_cloud.png (OK)
58184008 res/drawable-hdpi-v4/list_white.png (OK)
58184268 res/drawable-hdpi-v4/favouraites.png (OK)
58221996 res/drawable-hdpi-v4/ic_download.png (OK)
58222696 res/drawable-hdpi-v4/ic_fab_complete.png (OK)
58223120 res/drawable-hdpi-v4/abc_textfield_activated_mtrl_alpha.9.png (OK)
58223392 res/drawable-hdpi-v4/ic_mr_button_disconnected_dark.png (OK)
58224192 res/drawable-hdpi-v4/att_to_fav.png (OK)
58225160 res/drawable-hdpi-v4/common_google_signin_btn_text_dark_normal_background.9.png (OK)
58226192 res/drawable-hdpi-v4/catch_up_focused.png (OK)
58276764 res/drawable-hdpi-v4/abc_text_select_handle_left_mtrl_dark.png (OK)
58277136 res/drawable-hdpi-v4/quantum_ic_play_circle_filled_white_36.png (OK)
58277848 res/drawable-hdpi-v4/lock_open.png (OK)
58278452 res/drawable-hdpi-v4/quantum_ic_volume_up_grey600_36.png (OK)
58279232 res/drawable-hdpi-v4/listview_menu.png (OK)
58279688 res/drawable-hdpi-v4/quantum_ic_art_track_grey600_48.png (OK)
58280200 res/drawable-hdpi-v4/gear_white.png (OK)
58282032 res/drawable-hdpi-v4/cast_genre.png (OK)
58282888 res/drawable-hdpi-v4/abc_switch_track_mtrl_alpha.9.png (OK)
58283464 res/drawable-hdpi-v4/com_facebook_tooltip_black_bottomnub.png (OK)
58284280 res/drawable-hdpi-v4/parental_security_key.png (OK)
58285256 res/drawable-hdpi-v4/hplib_ic_settings.png (OK)
58285908 res/drawable-hdpi-v4/series.png (OK)
58526488 res/drawable-hdpi-v4/quantum_ic_forward_10_white_24.png (OK)
58527116 res/drawable-hdpi-v4/com_facebook_button_send_icon_white.png (OK)
58527556 res/drawable-hdpi-v4/notify_panel_notification_icon_bg.png (OK)
58527720 res/drawable-hdpi-v4/catch_up_icon.png (OK)
58529072 res/drawable-hdpi-v4/ic_vol_type_speaker_dark.png (OK)
58529644 res/drawable-hdpi-v4/ic_audiotrack_dark.png (OK)
58529944 res/drawable-hdpi-v4/epg_play.png (OK)
58531168 res/drawable-hdpi-v4/layout.png (OK)
58531768 res/drawable-hdpi-v4/logout_icon_menu.png (OK)
58532624 res/drawable-hdpi-v4/quantum_ic_play_arrow_grey600_36.png (OK)
58533020 res/drawable-hdpi-v4/ic_playlist.png (OK)
58533964 res/drawable-hdpi-v4/exo_controls_shuffle.png (OK)
58534340 res/drawable-hdpi-v4/ic_fraud.png (OK)
58535876 res/drawable-hdpi-v4/ic_myinvoice.png (OK)
58537084 res/drawable-hdpi-v4/ic_play_arrow_white_24dp.png (OK)
58537372 res/drawable-hdpi-v4/quantum_ic_play_arrow_white_24.png (OK)
58537660 res/drawable-hdpi-v4/ic_play_circle_outline_white_36dp.png (OK)
58538624 res/drawable-hdpi-v4/ic_arrow_down_24dp.png (OK)
58538952 res/drawable-hdpi-v4/abc_list_pressed_holo_dark.9.png (OK)
58539224 res/drawable-hdpi-v4/ic_unpaid.png (OK)
58540972 res/drawable-hdpi-v4/ic_setting_account_focus.png (OK)
58542400 res/drawable-hdpi-v4/livetv_icon_menu.png (OK)
58543384 res/drawable-hdpi-v4/reset.png (OK)
58544116 res/drawable-hdpi-v4/questionmark.png (OK)
58545344 res/drawable-hdpi-v4/live_with_epg_icon.png (OK)
58546344 res/drawable-hdpi-v4/list_selector_disabled_holo_light.9.png (OK)
58546684 res/drawable-hdpi-v4/common_google_signin_btn_icon_dark_normal_background.9.png (OK)
58547648 res/drawable-hdpi-v4/ic_suspended.png (OK)
58549144 res/drawable-hdpi-v4/quantum_ic_replay_30_grey600_36.png (OK)
58550212 res/drawable-hdpi-v4/reply_off.png (OK)
58550848 res/drawable-hdpi-v4/com_facebook_tooltip_blue_topnub.png (OK)
58551572 res/drawable-hdpi-v4/quantum_ic_volume_off_white_36.png (OK)
58552366 res/drawable-hdpi-v4/active_drawable_box_focus.xml (OK - compressed)
58552812 res/drawable-hdpi-v4/ic_fullscreen_exit_24dp.png (OK)
58553024 res/drawable-hdpi-v4/logout_user.png (OK)
58554392 res/drawable-hdpi-v4/ic_chevron_left_white_36dp.png (OK)
58554648 res/drawable-hdpi-v4/quantum_ic_play_circle_filled_grey600_36.png (OK)
58555440 res/drawable-hdpi-v4/switch_user.png (OK)
58559332 res/drawable-hdpi-v4/ic_media_pause_light.png (OK)
58559536 res/drawable-hdpi-v4/live_tv_background.png (OK)
58606484 res/drawable-hdpi-v4/common_full_open_on_phone.png (OK)
58607372 res/drawable-hdpi-v4/ic_collections.png (OK)
58608656 res/drawable-hdpi-v4/quantum_ic_pause_grey600_48.png (OK)
58608876 res/drawable-hdpi-v4/ic_vol_type_speaker_group_dark.png (OK)
58609448 res/drawable-hdpi-v4/abc_text_select_handle_middle_mtrl_light.png (OK)
58610168 res/drawable-hdpi-v4/ic_mr_button_disabled_light.png (OK)
58610836 res/drawable-hdpi-v4/epg_icon.png (OK)
58611824 res/drawable-hdpi-v4/exo_controls_repeat_off.png (OK)
58612136 res/drawable-hdpi-v4/add_more_user.png (OK)
58614220 res/drawable-hdpi-v4/ic_billing_left_arrow.png (OK)
58614656 res/drawable-hdpi-v4/quantum_ic_cast_white_36.png (OK)
58615408 res/drawable-hdpi-v4/alert_icon.png (OK)
58616012 res/drawable-hdpi-v4/lb_ic_in_app_search.png (OK)
58616704 res/drawable-hdpi-v4/dashboard_background.jpg (OK)
58728784 res/drawable-hdpi-v4/cast_abc_scrubber_control_to_pressed_mtrl_005.png (OK)
58729192 res/drawable-hdpi-v4/spinner_pressed_holo_light.9.png (OK)
58729720 res/drawable-hdpi-v4/home.png (OK)
58730300 res/drawable-hdpi-v4/ic_pending.png (OK)
58731916 res/drawable-hdpi-v4/ic_down.png (OK)
58732360 res/drawable-hdpi-v4/com_facebook_tooltip_blue_xout.png (OK)
58732676 res/drawable-hdpi-v4/cast_ic_notification_2.png (OK)
58733120 res/drawable-hdpi-v4/ic_media_stop_light.png (OK)
58733316 res/drawable-hdpi-v4/playersettings.png (OK)
58735740 res/drawable-hdpi-v4/com_facebook_button_send_icon_blue.png (OK)
58736676 res/drawable-hdpi-v4/abc_scrubber_control_to_pressed_mtrl_000.png (OK)
58736964 res/drawable-hdpi-v4/series_icon_icon.png (OK)
58741820 res/drawable-hdpi-v4/abc_list_focused_holo.9.png (OK)
58742152 res/drawable-hdpi-v4/epg_selection_icon.png (OK)
58743344 res/drawable-hdpi-v4/quantum_ic_skip_previous_grey600_36.png (OK)
58743812 res/drawable-hdpi-v4/quantum_ic_clear_white_24.png (OK)
58744108 res/drawable-hdpi-v4/checkbox_background.xml (OK - compressed)
58744508 res/drawable-hdpi-v4/live_tv.png (OK)
59015152 res/drawable-hdpi-v4/abc_popup_background_mtrl_mult.9.png (OK)
59016256 res/drawable-hdpi-v4/rokect_image.png (OK)
59037096 res/drawable-hdpi-v4/ic_cancelled.png (OK)
59038412 res/drawable-hdpi-v4/refresh_icon.png (OK)
59039116 res/drawable-hdpi-v4/exo_notification_small_icon.png (OK)
59040300 res/drawable-hdpi-v4/ic_tickets.png (OK)
59041792 res/drawable-hdpi-v4/lock.png (OK)
59042496 res/drawable-hdpi-v4/abc_ic_menu_selectall_mtrl_alpha.png (OK)
59042840 res/drawable-hdpi-v4/ic_media_stop_dark.png (OK)
59043032 res/drawable-hdpi-v4/stop_icon.png (OK)
59043648 res/drawable-hdpi-v4/recording_icon.png (OK)
59045504 res/drawable-hdpi-v4/fab_bg_normal.png (OK)
59051476 res/drawable-hdpi-v4/messenger_bubble_small_blue.png (OK)
59052300 res/drawable-hdpi-v4/delete_icon.png (OK)
59052604 res/drawable-hdpi-v4/quantum_ic_bigtop_updates_white_24.png (OK)
59053396 res/drawable-hdpi-v4/abc_list_longpressed_holo.9.png (OK)
59053676 res/drawable-hdpi-v4/navigae_next.png (OK)
59053872 res/drawable-hdpi-v4/bar.png (OK)
59056144 res/drawable-hdpi-v4/arrow_f.png (OK)
59056556 res/drawable-hdpi-v4/googleg_disabled_color_18.png (OK)
59057184 res/drawable-hdpi-v4/screen1.png (OK)
59059884 res/drawable-hdpi-v4/exo_icon_next.png (OK)
59060208 res/drawable-hdpi-v4/ic_vpn_not_connect.png (OK)
59074980 res/drawable-hdpi-v4/abc_ic_menu_paste_mtrl_am_alpha.png (OK)
59075328 res/drawable-hdpi-v4/abc_ic_menu_cut_mtrl_alpha.png (OK)
59075828 res/drawable-hdpi-v4/ic_refund.png (OK)
59077312 res/drawable-hdpi-v4/player_retry.png (OK)
59078008 res/drawable-hdpi-v4/ic_vol_type_tv_dark.png (OK)
59078300 res/drawable-hdpi-v4/streamformat.png (OK)
59079580 res/drawable-hdpi-v4/notification_bg_low_pressed.9.png (OK)
59079884 res/drawable-hdpi-v4/design_ic_visibility_off.png (OK)
59080536 res/drawable-hdpi-v4/ic_terminated.png (OK)
59081604 res/drawable-hdpi-v4/abc_scrubber_track_mtrl_alpha.9.png (OK)
59081868 res/drawable-hdpi-v4/ic_playlistwg.png (OK)
59083216 res/drawable-hdpi-v4/quantum_ic_replay_10_white_24.png (OK)
59083800 res/drawable-hdpi-v4/black_background.jpg (OK)
59195852 res/drawable-hdpi-v4/guide_icon_menu.png (OK)
59196580 res/drawable-hdpi-v4/notification_bg_low_normal.9.png (OK)
59196864 res/drawable-hdpi-v4/aspect_ratio_new.png (OK)
59197571 res/layout/activity_profile.xml (OK - compressed)
59199066 res/layout/md_dialog_custom.xml (OK - compressed)
59199507 res/layout/activity_vlcplayer_multiplayer15.xml (OK - compressed)
59200870 res/layout/activity_view_details.xml (OK - compressed)
59204131 res/layout/nst_multi_player_1.xml (OK - compressed)
59208761 res/layout/activity_seasons_activitiy.xml (OK - compressed)
59210281 res/layout/fragment_live_streams.xml (OK - compressed)
59211158 res/layout/lb_details_overview.xml (OK - compressed)
59212100 res/layout/playera_add_alert_box.xml (OK - compressed)
59213308 res/layout/notification_template_big_media.xml (OK - compressed)
59214034 res/layout/md_simplelist_item.xml (OK - compressed)
59214670 res/layout/activity_import_epg_new.xml (OK - compressed)
59216220 res/layout/activity_parental_control_activitity.xml (OK - compressed)
59217576 res/layout/mr_picker_dialog.xml (OK - compressed)
59218108 res/layout/edit_epg_source_layout_tv.xml (OK - compressed)
59219776 res/layout/md_stub_progress.xml (OK - compressed)
59220521 res/layout/series_all_data_right_adapter.xml (OK - compressed)
59221845 res/layout/activity_settings.xml (OK - compressed)
59225017 res/layout/episode_grid_layout.xml (OK - compressed)
59227131 res/layout/md_dialog_basic_check.xml (OK - compressed)
59227967 res/layout/activity_cancel_invoice.xml (OK - compressed)
59229171 res/layout/live_streams_layout.xml (OK - compressed)
59230624 res/layout/activity_vod_new_flow_subcategories.xml (OK - compressed)
59232096 res/layout/exo_player_view.xml (OK - compressed)
59232300 res/layout/download_running_popup_tv.xml (OK - compressed)
59233467 res/layout/activity_automation_tv.xml (OK - compressed)
59235645 res/layout/screen_selector_popup_tv.xml (OK - compressed)
59236535 res/layout/abc_popup_menu_header_item_layout.xml (OK - compressed)
59237042 res/layout/vod_grid_layout.xml (OK - compressed)
59238241 res/layout/lb_action_1_line.xml (OK - compressed)
59238585 res/layout/activity_view_ticket.xml (OK - compressed)
59239969 res/layout/abc_cascading_menu_item_layout.xml (OK - compressed)
59240760 res/layout/directory_listview.xml (OK - compressed)
59241362 res/layout/activity_view_details_m3u.xml (OK - compressed)
59244391 res/layout/abc_alert_dialog_button_bar_material.xml (OK - compressed)
59245104 res/layout/exo_list_divider.xml (OK - compressed)
59245406 res/layout/preference_information_material.xml (OK - compressed)
59246176 res/layout/md_stub_progress_indeterminate.xml (OK - compressed)
59246799 res/layout/fragment_new_epg_streams.xml (OK - compressed)
59248639 res/layout/nst_player_epg.xml (OK - compressed)
59252003 res/layout/custom_permission_layout.xml (OK - compressed)
59252978 res/layout/mr_cast_route_item.xml (OK - compressed)
59253714 res/layout/single_stream_pop_up_window.xml (OK - compressed)
59254768 res/layout/layout_genre_details.xml (OK - compressed)
59256033 res/layout/categories_popup.xml (OK - compressed)
59257628 res/layout/preference_widget_seekbar_material.xml (OK - compressed)
59258825 res/layout/nst_player_archive.xml (OK - compressed)
59261361 res/layout/abc_screen_simple_overlay_action_mode.xml (OK - compressed)
59261823 res/layout/view_password_verification_tv.xml (OK - compressed)
59263268 res/layout/new_dashboard_layout_without_freetrail.xml (OK - compressed)
59267612 res/layout/messenger_button_send_blue_round.xml (OK - compressed)
59267926 res/layout/season_selector_popup_tv.xml (OK - compressed)
59268744 res/layout/nst_vlc_player_vod2.xml (OK - compressed)
59273471 res/layout/activity_stream_format.xml (OK - compressed)
59275393 res/layout/progress_dialog.xml (OK - compressed)
59275805 res/layout/activity_local_media_tv.xml (OK - compressed)
59276821 res/layout/activity_series_detail_m3u.xml (OK - compressed)
59279775 res/layout/abc_action_mode_close_item_material.xml (OK - compressed)
59280325 res/layout/messenger_button_send_white_small.xml (OK - compressed)
59280631 res/layout/mr_volume_control.xml (OK - compressed)
59281363 res/layout/abc_action_bar_title_item.xml (OK - compressed)
59281839 res/layout/layout_live_category_list_item.xml (OK - compressed)
59282572 res/layout/support_simple_spinner_dropdown_item.xml (OK - compressed)
59282956 res/layout/notification_template_icon_group.xml (OK - compressed)
59283255 res/layout/lb_header.xml (OK - compressed)
59283643 res/layout/activity_view_cast_details.xml (OK - compressed)
59286003 res/layout/nst_exo_player_vod.xml (OK - compressed)
59287499 res/layout/activity_terms_condition_page_tv.xml (OK - compressed)
59288794 res/layout/menu_item.xml (OK - compressed)
59289312 res/layout/custom_dashboard_unlock_features.xml (OK - compressed)
59290296 res/layout/activity_multi_user_tv.xml (OK - compressed)
59292285 res/layout/live_streams_epg_layout.xml (OK - compressed)
59293252 res/layout/design_navigation_item_header.xml (OK - compressed)
59293577 res/layout/log_fragment.xml (OK - compressed)
59294236 res/layout/tablayout_invoices.xml (OK - compressed)
59294717 res/layout/nst_exo_player_sky.xml (OK - compressed)
59298174 res/layout/com_facebook_smart_device_dialog_fragment.xml (OK - compressed)
59299560 res/layout/cast_tracks_chooser_dialog_layout.xml (OK - compressed)
59300090 res/layout/layout_live_new_flow_list_item.xml (OK - compressed)
59301108 res/layout/activity_player_settings.xml (OK - compressed)
59303392 res/layout/menu_option_player.xml (OK - compressed)
59303995 res/layout/custom_dashboard_unlock_features_tv.xml (OK - compressed)
59305081 res/layout/lb_image_card_view_themed_badge_left.xml (OK - compressed)
59305460 res/layout/live_all_data_right_adapter_search.xml (OK - compressed)
59306647 res/layout/activity_account_info_tv.xml (OK - compressed)
59308800 res/layout/abc_dialog_title_material.xml (OK - compressed)
59309412 res/layout/select_dialog_item_folder_load_data_locally2.xml (OK - compressed)
59310226 res/layout/activity_search_lower_sdk_tv.xml (OK - compressed)
59312311 res/layout/abc_action_mode_bar.xml (OK - compressed)
59312700 res/layout/custom_dashboard_not_downloaded_layout_tv.xml (OK - compressed)
59313782 res/layout/lb_guidedactions_datepicker_item.xml (OK - compressed)
59314324 res/layout/honey_player_testing.xml (OK - compressed)
59318588 res/layout/activity_search_lower_sdk.xml (OK - compressed)
59320646 res/layout/design_text_input_password_icon.xml (OK - compressed)
59321052 res/layout/abc_action_bar_up_container.xml (OK - compressed)
59321380 res/layout/md_stub_inputpref.xml (OK - compressed)
59321954 res/layout/mr_picker_route_item.xml (OK - compressed)
59322494 res/layout/vw_layout_item_video_pick.xml (OK - compressed)
59323535 res/layout/activity_vlcplayer_sky_tv.xml (OK - compressed)
59326907 res/layout/abc_search_view.xml (OK - compressed)
59328118 res/layout/activity_screen_type_settings_tv.xml (OK - compressed)
59330099 res/layout/lb_details_description.xml (OK - compressed)
59330574 res/layout/person_loading_view.xml (OK - compressed)
59330907 res/layout/leanback_preferences_list.xml (OK - compressed)
59331271 res/layout/single_stream_pop_up_window_tv.xml (OK - compressed)
59332404 res/layout/vw_layout_item_audio_pick.xml (OK - compressed)
59333533 res/layout/lb_search_fragment.xml (OK - compressed)
59333923 res/layout/lb_media_item_number_view_flipper.xml (OK - compressed)
59334489 res/layout/lb_guidedactions_item.xml (OK - compressed)
59335061 res/layout/activity_app_in_purchase.xml (OK - compressed)
59338859 res/layout/md_stub_colorchooser_grid.xml (OK - compressed)
59339360 res/layout/preference_widget_switch.xml (OK - compressed)
59339704 res/layout/md_listitem_singlechoice.xml (OK - compressed)
59340370 res/layout/fragment_new_epg_exo.xml (OK - compressed)
59342282 res/layout/abc_list_menu_item_layout.xml (OK - compressed)
59342962 res/layout/inbuilt_player_float_box.xml (OK - compressed)
59343243 res/layout/activity_login_m3u.xml (OK - compressed)
59345364 res/layout/activity_time_format_tv.xml (OK - compressed)
59347283 res/layout/browser_actions_context_menu_row.xml (OK - compressed)
59347918 res/layout/fragment_parental_control_categories.xml (OK - compressed)
59348640 res/layout/screen_selector_popup.xml (OK - compressed)
59349466 res/layout/custom_vpn_profile_layout.xml (OK - compressed)
59350583 res/layout/nst_vlc_player_archive.xml (OK - compressed)
59354742 res/layout/activity_login_m3u_tv.xml (OK - compressed)
59356876 res/layout/ad_unified_fb.xml (OK - compressed)
59358092 res/layout/browser_actions_context_menu_page.xml (OK - compressed)
59358886 res/layout/notification_template_part_chronometer.xml (OK - compressed)
59359229 res/layout/lb_vertical_grid_fragment.xml (OK - compressed)
59359659 res/layout/activity_terminated_service.xml (OK - compressed)
59360514 res/layout/content_video_pick.xml (OK - compressed)
59360861 res/layout/activity_external_player_tv.xml (OK - compressed)
59362024 res/layout/activity_general_settings_tv.xml (OK - compressed)
59364856 res/layout/mr_playback_control.xml (OK - compressed)
59365548 res/layout/nst_multi_player_2.xml (OK - compressed)
59370180 res/layout/exo_playback_control_view.xml (OK - compressed)
59371839 res/layout/md_dialog_list_check.xml (OK - compressed)
59372691 res/layout/activity_view_details_tv.xml (OK - compressed)
59376017 res/layout/lb_control_button_secondary.xml (OK - compressed)
59376485 res/layout/activity_vlcplayer_multiplayer.xml (OK - compressed)
59377771 res/layout/exo_player_control_view.xml (OK - compressed)
59377975 res/layout/custom_forgot_password_tv.xml (OK - compressed)
59379059 res/layout/abc_list_menu_item_checkbox.xml (OK - compressed)
59379431 res/layout/preference_dropdown_material.xml (OK - compressed)
59380447 res/layout/select_dialog_multichoice_material.xml (OK - compressed)
59380973 res/layout/lb_headers_fragment.xml (OK - compressed)
59381457 res/layout/activity_series_detail_tv.xml (OK - compressed)
59384925 res/layout/activity_player_selection_tv.xml (OK - compressed)
59387442 res/layout/design_navigation_item_subheader.xml (OK - compressed)
59387859 res/layout/abc_activity_chooser_view_list_item.xml (OK - compressed)
59388496 res/layout/lb_shadow.xml (OK - compressed)
59388897 res/layout/activity_search_tv.xml (OK - compressed)
59390901 res/layout/custom_browser_not_supported_tv.xml (OK - compressed)
59392027 res/layout/leanback_preference_information.xml (OK - compressed)
59392804 res/layout/md_dialog_progress_indeterminate.xml (OK - compressed)
59393276 res/layout/player_live_all_data_left_cat_adapter.xml (OK - compressed)
59393985 res/layout/mr_cast_dialog.xml (OK - compressed)
59394390 res/layout/design_bottom_navigation_item.xml (OK - compressed)
59395071 res/layout/recording_list.xml (OK - compressed)
59396360 res/layout/lb_playback_controls_row.xml (OK - compressed)
59397199 res/layout/notification_media_action.xml (OK - compressed)
59397577 res/layout/honey_player_epg.xml (OK - compressed)
59402246 res/layout/activity_epg_categories_new_flow.xml (OK - compressed)
59403941 res/layout/edit_epg_source_layout.xml (OK - compressed)
59405589 res/layout/activity_epg_settings_tv.xml (OK - compressed)
59408515 res/layout/vpnstatus.xml (OK - compressed)
59408997 res/layout/nst_vlc_player_vod_for_device_data.xml (OK - compressed)
59413729 res/layout/fragment_layout.xml (OK - compressed)
59414154 res/layout/activity_vlcplayer_multiplayer1.xml (OK - compressed)
59415553 res/layout/messenger_button_send_blue_small.xml (OK - compressed)
59415858 res/layout/md_dialog_list.xml (OK - compressed)
59416580 res/layout/activity_exoplayer_sky.xml (OK - compressed)
59419985 res/layout/directory_listview2.xml (OK - compressed)
59420576 res/layout/demo_pop_up.xml (OK - compressed)
59421966 res/layout/design_navigation_menu_item.xml (OK - compressed)
59422478 res/layout/activity_automation.xml (OK - compressed)
59424601 res/layout/activity_speed_test.xml (OK - compressed)
59426048 res/layout/md_stub_titleframe_lesspadding.xml (OK - compressed)
59426605 res/layout/lb_details_fragment.xml (OK - compressed)
59427006 res/layout/lb_row_media_item_action.xml (OK - compressed)
59427394 res/layout/channel_list.xml (OK - compressed)
59428716 res/layout/activity_series_activty_new_flow.xml (OK - compressed)
59430249 res/layout/season_selector_popup.xml (OK - compressed)
59431316 res/layout/activity_my_invoice.xml (OK - compressed)
59433389 res/layout/vw_layout_item_folder_list.xml (OK - compressed)
59433877 res/layout/activity_multi_user.xml (OK - compressed)
59435779 res/layout/ticket_message_custom_layout.xml (OK - compressed)
59436819 res/layout/leanback_preference_fragment.xml (OK - compressed)
59437430 res/layout/leanback_settings_fragment.xml (OK - compressed)
59437809 res/layout/nst_multi_player_4.xml (OK - compressed)
59442453 res/layout/notification_template_big_media_narrow.xml (OK - compressed)
59443212 res/layout/custom_permission_layout_tv.xml (OK - compressed)
59444278 res/layout/activity_new_epg.xml (OK - compressed)
59446143 res/layout/activity_multi_setting_new_tv.xml (OK - compressed)
59447495 res/layout/activity_refounded.xml (OK - compressed)
59448709 res/layout/live_all_data_channels_search_adapter_tv.xml (OK - compressed)
59449930 res/layout/preference_widget_checkbox.xml (OK - compressed)
59450282 res/layout/activity_vlcplayer_multiplayer3.xml (OK - compressed)
59451723 res/layout/activity_view_cast_details_tv.xml (OK - compressed)
59454091 res/layout/lb_list_row_hovercard.xml (OK - compressed)
59454505 res/layout/cast_intro_overlay.xml (OK - compressed)
59455002 res/layout/right_side_programs_search_adapter.xml (OK - compressed)
59455985 res/layout/abc_alert_dialog_material.xml (OK - compressed)
59456840 res/layout/nst_player_activity.xml (OK - compressed)
59457852 res/layout/activity_import_vpn_tv.xml (OK - compressed)
59460006 res/layout/download_running_popup.xml (OK - compressed)
59461226 res/layout/activity_general_settings.xml (OK - compressed)
59463924 res/layout/activity_announcements.xml (OK - compressed)
59465161 res/layout/activity_vlcplayer_multiplayer5.xml (OK - compressed)
59466461 res/layout/activity_routing.xml (OK - compressed)
59468350 res/layout/lb_picker.xml (OK - compressed)
59468695 res/layout/vpn_disconnect_layout.xml (OK - compressed)
59469648 res/layout/log_window.xml (OK - compressed)
59469959 res/layout/activity_free_trail.xml (OK - compressed)
59470822 res/layout/lb_picker_column.xml (OK - compressed)
59471303 res/layout/activity_video_pick2.xml (OK - compressed)
59471987 res/layout/custom_dashboard_not_downloaded_layout.xml (OK - compressed)
59472966 res/layout/activity_vlcplayer_sky.xml (OK - compressed)
59476650 res/layout/lb_image_card_view_themed_badge_right.xml (OK - compressed)
59477029 res/layout/series_all_data_right_adapter_con_wat.xml (OK - compressed)
59478601 res/layout/paid_list_layout.xml (OK - compressed)
59480117 res/layout/activity_live_layout.xml (OK - compressed)
59481416 res/layout/md_dialog_progress_indeterminate_horizontal.xml (OK - compressed)
59482008 res/layout/activity_tv_archive_new_flow_layout.xml (OK - compressed)
59483707 res/layout/activity_vlcplayer_multiplayer2.xml (OK - compressed)
59485112 res/layout/lb_action_2_lines.xml (OK - compressed)
59485452 res/layout/activity_vpnlogin.xml (OK - compressed)
59487308 res/layout/layout_channels_on_video.xml (OK - compressed)
59488596 res/layout/mtrl_layout_snackbar.xml (OK - compressed)
59488991 res/layout/activity_active_service.xml (OK - compressed)
59489848 res/layout/lb_playback_controls.xml (OK - compressed)
59490586 res/layout/recording_popup_tv.xml (OK - compressed)
59492152 res/layout/activity_tv_archive_new_flow.xml (OK - compressed)
59493882 res/layout/subtitle_popup_layout.xml (OK - compressed)
59494807 res/layout/lb_picker_item.xml (OK - compressed)
59495162 res/layout/layout_resume_player.xml (OK - compressed)
59496517 res/layout/lb_row_header.xml (OK - compressed)
59496991 res/layout/activity_front_view.xml (OK - compressed)
59498146 res/layout/layout_vod_new_flow_list_item.xml (OK - compressed)
59499159 res/layout/activity_terms_condition_page.xml (OK - compressed)
59500419 res/layout/cast_mini_controller.xml (OK - compressed)
59501628 res/layout/activity_vlcplayer_multiplayer4.xml (OK - compressed)
59503022 res/layout/notification_template_big_media_custom.xml (OK - compressed)
59504109 res/layout/preference_list_fragment.xml (OK - compressed)
59504567 res/layout/inbuiltsmartersplayer_activity.xml (OK - compressed)
59504961 res/layout/view_password_prompt_tv.xml (OK - compressed)
59506252 res/layout/fragment_parental_control_vodcat.xml (OK - compressed)
59506968 res/layout/lb_vertical_grid.xml (OK - compressed)
59507419 res/layout/activity_showservice_information.xml (OK - compressed)
59509157 res/layout/queue_activity.xml (OK - compressed)
59509803 res/layout/abc_popup_menu_item_layout.xml (OK - compressed)
59510684 res/layout/appbar_common.xml (OK - compressed)
59511448 res/layout/honey_player_epg_tv.xml (OK - compressed)
59516321 res/layout/custom_alert_layout_tv.xml (OK - compressed)
59517403 res/layout/preference_dialog_edittext.xml (OK - compressed)
59517953 res/layout/preference_information.xml (OK - compressed)
59518629 res/layout/live_sorting_layout_tv.xml (OK - compressed)
59519907 res/layout/view_password_prompt.xml (OK - compressed)
59521368 res/layout/preference.xml (OK - compressed)
59522293 res/layout/preference_recyclerview.xml (OK - compressed)
59522715 res/layout/messenger_button_send_white_large.xml (OK - compressed)
59523029 res/layout/select_dialog_item_folder.xml (OK - compressed)
59523680 res/layout/exo_player_control_view_vod.xml (OK - compressed)
59523879 res/layout/activity_sub_archive.xml (OK - compressed)
59525714 res/layout/epg_sources_layout_tv.xml (OK - compressed)
59527093 res/layout/lb_error_fragment.xml (OK - compressed)
59527806 res/layout/edit_user_detail_confirmation_alert.xml (OK - compressed)
59529178 res/layout/lb_playback_transport_controls.xml (OK - compressed)
59529593 res/layout/activity_time_format.xml (OK - compressed)
59531474 res/layout/mr_cast_media_metadata.xml (OK - compressed)
59532310 res/layout/the_items_layout.xml (OK - compressed)
59532815 res/layout/activity_epg_categories_new_flow_tv.xml (OK - compressed)
59534513 res/layout/fragment_parental_control_setting.xml (OK - compressed)
59536028 res/layout/lb_search_orb.xml (OK - compressed)
59536490 res/layout/all_services_adapter_custom_list_layout.xml (OK - compressed)
59537552 res/layout/layout_announcements.xml (OK - compressed)
59538726 res/layout/dissconnect_vpn_alert.xml (OK - compressed)
59539935 res/layout/abc_list_menu_item_radio.xml (OK - compressed)
59540327 res/layout/notification_template_big_media_narrow_custom.xml (OK - compressed)
59541443 res/layout/lb_list_row.xml (OK - compressed)
59541870 res/layout/com_facebook_tooltip_bubble.xml (OK - compressed)
59542600 res/layout/design_bottom_sheet_dialog.xml (OK - compressed)
59543193 res/layout/lb_title_view.xml (OK - compressed)
59543765 res/layout/activity_vpn_conntected.xml (OK - compressed)
59545671 res/layout/activity_paid_invoice2.xml (OK - compressed)
59546873 res/layout/lb_control_bar.xml (OK - compressed)
59547220 res/layout/new_dashboard_layout_without_freetrail_xc106.xml (OK - compressed)
59550181 res/layout/lb_speech_orb.xml (OK - compressed)
59550614 res/layout/player_menu.xml (OK - compressed)
59551026 res/layout/live_streams_grid_layout.xml (OK - compressed)
59552472 res/layout/fragment_vod_subcategories.xml (OK - compressed)
59553403 res/layout/notification_template_lines_media.xml (OK - compressed)
59554287 res/layout/lb_browse_title.xml (OK - compressed)
59554630 res/layout/activity_multi_setting_new.xml (OK - compressed)
59555840 res/layout/delete_recording_popup.xml (OK - compressed)
59557072 res/layout/custom_internet_not_working_layout.xml (OK - compressed)
59558089 res/layout/custom_externalplayer_layout.xml (OK - compressed)
59558721 res/layout/lb_control_button_primary.xml (OK - compressed)
59559248 res/layout/activity_settings_m3u.xml (OK - compressed)
59562437 res/layout/spinner_list_item.xml (OK - compressed)
59562793 res/layout/messenger_button_send_blue_large.xml (OK - compressed)
59563109 res/layout/preference_widget_seekbar.xml (OK - compressed)
59564156 res/layout/design_navigation_menu.xml (OK - compressed)
59564532 res/layout/launchvpn.xml (OK - compressed)
59565591 res/layout/com_facebook_activity_layout.xml (OK - compressed)
59565874 res/layout/lb_background_window.xml (OK - compressed)
59566136 res/layout/tourguide_tooltip.xml (OK - compressed)
59566716 res/layout/custom_list_devices_layout_tv.xml (OK - compressed)
59567688 res/layout/fragment_vod_streams.xml (OK - compressed)
59568426 res/layout/abc_screen_content_include.xml (OK - compressed)
59568797 res/layout/activity_quit.xml (OK - compressed)
59569907 res/layout/activity_app_in_purchase_tv.xml (OK - compressed)
59573909 res/layout/activity_series_all_data_single.xml (OK - compressed)
59576088 res/layout/activity_import_m3u.xml (OK - compressed)
59577467 res/layout/ad_unified.xml (OK - compressed)
59579135 res/layout/leanback_preference.xml (OK - compressed)
59580013 res/layout/lb_playback_now_playing_bars.xml (OK - compressed)
59580429 res/layout/hp_subtitle_layout.xml (OK - compressed)
59581710 res/layout/activity_splash.xml (OK - compressed)
59582727 res/layout/edit_user_prompt.xml (OK - compressed)
59584096 res/layout/activity_profile_tv.xml (OK - compressed)
59585684 res/layout/lb_browse_fragment.xml (OK - compressed)
59586219 res/layout/login_new_tv.xml (OK - compressed)
59588237 res/layout/mr_cast_group_item.xml (OK - compressed)
59588764 res/layout/vw_activity_video_pick.xml (OK - compressed)
59589295 res/layout/fragment_recycler_list_view.xml (OK - compressed)
59589661 res/layout/design_layout_snackbar_include.xml (OK - compressed)
59590440 res/layout/messenger_button_send_white_round.xml (OK - compressed)
59590754 res/layout/fragment_parental_cotrol.xml (OK - compressed)
59591981 res/layout/layout_cast_details.xml (OK - compressed)
59593252 res/layout/preference_category.xml (OK - compressed)
59593550 res/layout/abc_screen_toolbar.xml (OK - compressed)
59594264 res/layout/preference_widget_switch_compat.xml (OK - compressed)
59594620 res/layout/spinkitanimation.xml (OK - compressed)
59595072 res/layout/activity_import_vpn.xml (OK - compressed)
59597191 res/layout/activity_my_favourite.xml (OK - compressed)
59598945 res/layout/activity_routing_p.xml (OK - compressed)
59600751 res/layout/replay_alertbox.xml (OK - compressed)
59601867 res/layout/vw_layout_top_bar.xml (OK - compressed)
59602878 res/layout/widget_fab_button.xml (OK - compressed)
59603462 res/layout/player_live_all_data_left_cat_adapter_player.xml (OK - compressed)
59604177 res/layout/notification_action.xml (OK - compressed)
59604783 res/layout/md_dialog_progress.xml (OK - compressed)
59605357 res/layout/mr_chooser_dialog.xml (OK - compressed)
59606111 res/layout/new_dashboard_layout_without_freetrail_tv.xml (OK - compressed)
59610668 res/layout/layout_authenticate_vpn.xml (OK - compressed)
59612185 res/layout/design_layout_tab_icon.xml (OK - compressed)
59612498 res/layout/lb_guidedactions.xml (OK - compressed)
59613186 res/layout/abc_action_menu_layout.xml (OK - compressed)
59613566 res/layout/md_dialog_input_check.xml (OK - compressed)
59614634 res/layout/exo_playback_control_view_vod.xml (OK - compressed)
59615649 res/layout/lb_playback_transport_controls_row.xml (OK - compressed)
59616843 res/layout/live_all_data_channels_search_adapter.xml (OK - compressed)
59618025 res/layout/list_devices_adapter.xml (OK - compressed)
59618823 res/layout/activity_unpiad_invoice.xml (OK - compressed)
59620026 res/layout/table_media_info_section.xml (OK - compressed)
59620460 res/layout/activity_added_external_player_tv.xml (OK - compressed)
59621877 res/layout/rate_us_alert_box.xml (OK - compressed)
59623096 res/layout/episode_grid_layout_tv.xml (OK - compressed)
59625182 res/layout/activity_speed_test_tv.xml (OK - compressed)
59626616 res/layout/nst_player_sky.xml (OK - compressed)
59630707 res/layout/com_facebook_device_auth_dialog_fragment.xml (OK - compressed)
59632006 res/layout/mtrl_layout_snackbar_include.xml (OK - compressed)
59632748 res/layout/custom_forgot_password.xml (OK - compressed)
59633816 res/layout/md_listitem.xml (OK - compressed)
59634400 res/layout/activity_vpn_conntected_tv.xml (OK - compressed)
59636328 res/layout/select_dialog_singlechoice_material.xml (OK - compressed)
59636857 res/layout/activity_multi_setting.xml (OK - compressed)
59637185 res/layout/design_navigation_item_separator.xml (OK - compressed)
59637512 res/layout/activity_routing_p_tv.xml (OK - compressed)
59639411 res/layout/activity_tvarchive.xml (OK - compressed)
59640520 res/layout/activity_my_ticket.xml (OK - compressed)
59641788 res/layout/notification_media_cancel_action.xml (OK - compressed)
59642244 res/layout/layout_section_header.xml (OK - compressed)
59642759 res/layout/epg_sources_layout.xml (OK - compressed)
59644122 res/layout/activity_rate_us.xml (OK - compressed)
59645601 res/layout/md_stub_titleframe.xml (OK - compressed)
59646163 res/layout/activity_check_appupdate.xml (OK - compressed)
59647715 res/layout/add_epg_source_layout.xml (OK - compressed)
59648872 res/layout/lb_rows_fragment.xml (OK - compressed)
59649238 res/layout/md_dialog_colorchooser.xml (OK - compressed)
59649634 res/layout/fragment_epg.xml (OK - compressed)
59650282 res/layout/lb_onboarding_fragment.xml (OK - compressed)
59651162 res/layout/abc_activity_chooser_view.xml (OK - compressed)
59651835 res/layout/nst_vlc_player.xml (OK - compressed)
59656443 res/layout/md_stub_actionbuttons.xml (OK - compressed)
59656779 res/layout/activity_vod_new_flow.xml (OK - compressed)
59658588 res/layout/abc_screen_simple.xml (OK - compressed)
59659070 res/layout/usernam_password_worng_alert.xml (OK - compressed)
59660363 res/layout/abc_alert_dialog_title_material.xml (OK - compressed)
59661080 res/layout/honey_player_testing_tv.xml (OK - compressed)
59665416 res/layout/login_new.xml (OK - compressed)
59667362 res/layout/fragment_search_field.xml (OK - compressed)
59668039 res/layout/design_menu_item_action_area.xml (OK - compressed)
59668312 res/layout/layout_multiuser_list_item.xml (OK - compressed)
59669844 res/layout/notification_template_part_time.xml (OK - compressed)
59670193 res/layout/preference_category_material.xml (OK - compressed)
59670952 res/layout/layout_list_player.xml (OK - compressed)
59671443 res/layout/series_all_data_left_adapter.xml (OK - compressed)
59672157 res/layout/leanback_list_preference_item_multi.xml (OK - compressed)
59672883 res/layout/delete_recording_popup_tv.xml (OK - compressed)
59674052 res/layout/playera_add_alert_box_tv.xml (OK - compressed)
59675251 res/layout/activity_check_appupdate_tv.xml (OK - compressed)
59676809 res/layout/cast_grid_layout.xml (OK - compressed)
59677597 res/layout/recording_popup.xml (OK - compressed)
59679166 res/layout/activity_settings_m3u_tv.xml (OK - compressed)
59682227 res/layout/activity_announcement_alert.xml (OK - compressed)
59683320 res/layout/lb_guidedstep_background.xml (OK - compressed)
59683651 res/layout/activity_video_pick.xml (OK - compressed)
59684316 res/layout/content_video_pick2.xml (OK - compressed)
59684649 res/layout/lb_search_bar.xml (OK - compressed)
59685669 res/layout/lb_playback_fragment.xml (OK - compressed)
59686021 res/layout/mr_dialog_header_item.xml (OK - compressed)
59686414 res/layout/live_all_data_right_adapter.xml (OK - compressed)
59687597 res/layout/live_sorting_layout.xml (OK - compressed)
59688839 res/layout/activity_buy_now.xml (OK - compressed)
59689295 res/layout/nst_player.xml (OK - compressed)
59693348 res/layout/exo_simple_player_view.xml (OK - compressed)
59694033 res/layout/lb_guidedbuttonactions.xml (OK - compressed)
59694551 res/layout/activity_series_detail.xml (OK - compressed)
59698053 res/layout/ticket_list.xml (OK - compressed)
59699172 res/layout/select_dialog_item_folder_load_data_locally.xml (OK - compressed)
59699975 res/layout/honey_player_live.xml (OK - compressed)
59704761 res/layout/layout_subcateories_cihild_list_item.xml (OK - compressed)
59705903 res/layout/activity_pip.xml (OK - compressed)
59706596 res/layout/vod_linear_layout.xml (OK - compressed)
59707777 res/layout/lb_section_header.xml (OK - compressed)
59708154 res/layout/abc_search_dropdown_item_icons_2line.xml (OK - compressed)
59708900 res/layout/layout_section_child.xml (OK - compressed)
59709325 res/layout/epg_m3u_popup.xml (OK - compressed)
59710932 res/layout/preference_material.xml (OK - compressed)
59711900 res/layout/activity_series_activit_new_flow_sub_cat.xml (OK - compressed)
59713311 res/layout/cast_expanded_controller_activity.xml (OK - compressed)
59715536 res/layout/custom_browser_not_supported.xml (OK - compressed)
59716624 res/layout/custom_option_externalplayer_layout.xml (OK - compressed)
59717264 res/layout/activity_rate_us_tv.xml (OK - compressed)
59718842 res/layout/activity_account_info.xml (OK - compressed)
59720896 res/layout/sort_layout.xml (OK - compressed)
59722115 res/layout/activity_invoice_paid_detail.xml (OK - compressed)
59722716 res/layout/activity_player_settings_tv.xml (OK - compressed)
59725056 res/layout/subtitle_layout.xml (OK - compressed)
59726874 res/layout/activity_services_dashboard.xml (OK - compressed)
59729488 res/layout/layout_progress_bar.xml (OK - compressed)
59730022 res/layout/table_media_info_row1.xml (OK - compressed)
59730478 res/layout/exo_track_selection_dialog.xml (OK - compressed)
59730850 res/layout/add_epg_source_layout_tv.xml (OK - compressed)
59732046 res/layout/notification_template_media_custom.xml (OK - compressed)
59733026 res/layout/preference_dropdown.xml (OK - compressed)
59734022 res/layout/md_stub_progress_indeterminate_horizontal.xml (OK - compressed)
59734543 res/layout/activity_local_media_.xml (OK - compressed)
59735553 res/layout/lb_media_list_header.xml (OK - compressed)
59735922 res/layout/abc_list_menu_item_icon.xml (OK - compressed)
59736369 res/layout/lb_fullwidth_details_overview_logo.xml (OK - compressed)
59736728 res/layout/activity_cancelled_serivce.xml (OK - compressed)
59737590 res/layout/lb_image_card_view_themed_title.xml (OK - compressed)
59737873 res/layout/lb_guidedstep_fragment.xml (OK - compressed)
59738632 res/layout/md_dialog_basic.xml (OK - compressed)
59739282 res/layout/activity_added_external_player.xml (OK - compressed)
59740686 res/layout/cast_tracks_chooser_dialog_row_layout.xml (OK - compressed)
59741309 res/layout/abc_expanded_menu_layout.xml (OK - compressed)
59741631 res/layout/lb_fullwidth_details_overview.xml (OK - compressed)
59742476 res/layout/leanback_list_preference_item_single.xml (OK - compressed)
59743200 res/layout/md_preference_custom.xml (OK - compressed)
59744147 res/layout/lb_image_card_view.xml (OK - compressed)
59744561 res/layout/activity_recording.xml (OK - compressed)
59746161 res/layout/view_movie.xml (OK - compressed)
59746874 res/layout/honey_player_live_tv.xml (OK - compressed)
59751591 res/layout/view_password_verification.xml (OK - compressed)
59753045 res/layout/activity_stream_format_tv.xml (OK - compressed)
59755030 res/layout/rate_us_alert_box_tv.xml (OK - compressed)
59756176 res/layout/lb_guidance.xml (OK - compressed)
59756702 res/layout/activity_episode_detail.xml (OK - compressed)
59758182 res/layout/custom_externalplayer_layout_tv.xml (OK - compressed)
59758915 res/layout/leanback_list_preference_fragment.xml (OK - compressed)
59759702 res/layout/activity_settings_tv.xml (OK - compressed)
59763049 res/layout/new_dashboard_layout.xml (OK - compressed)
59766859 res/layout/layout_multiuser_list_item_p.xml (OK - compressed)
59768376 res/layout/table_media_info.xml (OK - compressed)
59768733 res/layout/auto_play_popup_layout.xml (OK - compressed)
59769966 res/layout/lb_image_card_view_themed_content.xml (OK - compressed)
59770255 res/layout/activity_epgchannel_update.xml (OK - compressed)
59772180 res/layout/player_live_all_data_left_channel_adapter.xml (OK - compressed)
59773408 res/layout/vw_activity_audio_pick.xml (OK - compressed)
59773929 res/layout/lb_row_media_item.xml (OK - compressed)
59774686 res/layout/activity_pending_service.xml (OK - compressed)
59775552 res/layout/abc_action_menu_item_layout.xml (OK - compressed)
59776049 res/layout/seasons_button_layout.xml (OK - compressed)
59776580 res/layout/log_silders.xml (OK - compressed)
59777168 res/layout/nst_vlc_player_vod.xml (OK - compressed)
59781877 res/layout/cast_help_text.xml (OK - compressed)
59782391 res/layout/activity_screen_type_settings.xml (OK - compressed)
59784373 res/layout/table_media_info_row2.xml (OK - compressed)
59784803 res/layout/epg_popup_layout.xml (OK - compressed)
59785740 res/layout/com_facebook_login_fragment.xml (OK - compressed)
59786158 res/layout/video_surface_fragment.xml (OK - compressed)
59786443 res/layout/custom_internet_not_working_layout_tv.xml (OK - compressed)
59787472 res/layout/design_navigation_item.xml (OK - compressed)
59787852 res/layout/nst_player_vod.xml (OK - compressed)
59791463 res/layout/start_download_dialog.xml (OK - compressed)
59791739 res/layout/youtubecustonui.xml (OK - compressed)
59792420 res/layout/select_dialog_item_material.xml (OK - compressed)
59792854 res/layout/md_listitem_multichoice.xml (OK - compressed)
59793530 res/layout/custom_screen_size_popup_layout.xml (OK - compressed)
59794844 res/layout/notification_template_custom_big.xml (OK - compressed)
59795901 res/layout/lb_video_surface.xml (OK - compressed)
59796240 res/layout/live_all_data_right_adapter_tv.xml (OK - compressed)
59797462 res/layout/live_streams_linear_layout.xml (OK - compressed)
59798945 res/layout/activity_series_layout.xml (OK - compressed)
59800290 res/layout/queue_row.xml (OK - compressed)
59801498 res/layout/right_side_programs_search_adapter_tv.xml (OK - compressed)
59802498 res/layout/fragment_invoice_data.xml (OK - compressed)
59803034 res/layout/cast_grid_layout_tv.xml (OK - compressed)
59803844 res/layout/activity_fraud_service.xml (OK - compressed)
59804686 res/layout/lb_picker_separator.xml (OK - compressed)
59805037 res/layout/activity_player_selection.xml (OK - compressed)
59807439 res/layout/custom_list_devices_layout.xml (OK - compressed)
59808393 res/layout/activity_search.xml (OK - compressed)
59810425 res/layout/expand_button.xml (OK - compressed)
59811264 res/layout/lb_row_container.xml (OK - compressed)
59811684 res/layout/activity_open_ticket.xml (OK - compressed)
59813418 res/layout/layout_movies_on_video.xml (OK - compressed)
59814698 res/layout/epg_edit_m3u_popup.xml (OK - compressed)
59816319 res/layout/leanback_preference_widget_seekbar.xml (OK - compressed)
59817361 res/layout/custom_alert_layout.xml (OK - compressed)
59818350 res/layout/new_dashboard_layout_tv.xml (OK - compressed)
59822497 res/layout/leanback_preference_category.xml (OK - compressed)
59822995 res/layout/mr_cast_group_volume_item.xml (OK - compressed)
59823674 res/layout/activity_you_tube_player.xml (OK - compressed)
59824634 res/layout/activity_recording_tv.xml (OK - compressed)
59826243 res/layout/nst_vlc_player_epg.xml (OK - compressed)
59830824 res/layout/design_layout_tab_text.xml (OK - compressed)
59831149 res/layout/default_player_ui.xml (OK - compressed)
59832490 res/layout/abc_tooltip.xml (OK - compressed)
59833073 res/layout/design_layout_snackbar.xml (OK - compressed)
59833465 res/layout/mr_controller_material_dialog_b.xml (OK - compressed)
59834633 res/layout/md_stub_colorchooser_custom.xml (OK - compressed)
59836014 res/layout/edit_m3u_user_prompt.xml (OK - compressed)
59837936 res/layout/notification_action_tombstone.xml (OK - compressed)
59838596 res/layout/md_dialog_input.xml (OK - compressed)
59839596 res/layout/activity_vod_layout.xml (OK - compressed)
59841153 res/layout/activity_epgtime_shift.xml (OK - compressed)
59843136 res/layout/mr_chooser_list_item.xml (OK - compressed)
59843740 res/layout/notification_template_media.xml (OK - compressed)
59844330 res/layout/activity_live_new_flow.xml (OK - compressed)
59846045 res/layout/mr_controller_volume_item.xml (OK - compressed)
59846785 res/layout/activity_routing_tv.xml (OK - compressed)
59848677 res/layout/vw_layout_folder_list.xml (OK - compressed)
59849224 res/layout/activity_vlcplayer_epg.xml (OK - compressed)
59853778 res/layout/activity_epg_settings.xml (OK - compressed)
59856622 res/layout/activity_my_serivces_activiy.xml (OK - compressed)
59859121 res/layout/layout_movie_trailer.xml (OK - compressed)
59860395 res/layout/activity_suspended_service.xml (OK - compressed)
59861254 res/layout/abc_select_dialog_material.xml (OK - compressed)
59861845 res/layout/lb_divider.xml (OK - compressed)
59862256 res/layout/nst_multi_player_3.xml (OK - compressed)
59866883 res/layout/permission_alertbox.xml (OK - compressed)
59868109 res/layout/activity_external_player.xml (OK - compressed)
59869292 res/drawable-ldpi-v4/icon_external_player_selection.png (OK)
59870748 res/drawable-ldpi-v4/ic_pause_36dp.png (OK)
59870936 res/drawable-ldpi-v4/tranparentdark.png (OK)
59871232 res/drawable-ldpi-v4/playerselection.png (OK)
59872296 res/drawable-ldpi-v4/logo_home.png (OK)
59883376 res/drawable-ldpi-v4/ic_menu_24dp.png (OK)
59883596 res/drawable-ldpi-v4/ic_setting_account.png (OK)
59884532 res/drawable-ldpi-v4/splash_new_background.jpg (OK)
59996572 res/drawable-ldpi-v4/logo.png (OK)
60001388 res/drawable-ldpi-v4/automation.png (OK)
60003248 res/drawable-ldpi-v4/exo_icon_pause.png (OK)
60003412 res/drawable-ldpi-v4/launcher_logo.png (OK)
60003612 res/drawable-ldpi-v4/exo_icon_previous.png (OK)
60003860 res/drawable-ldpi-v4/ic_play_36dp.png (OK)
60004110 res/drawable-ldpi-v4/selector_checkbox.xml (OK - compressed)
60004404 res/drawable-ldpi-v4/tv_archieve.png (OK)
60005484 res/drawable-ldpi-v4/general_settings.png (OK)
60008148 res/drawable-ldpi-v4/md_nav_back.png (OK)
60008375 res/drawable-ldpi-v4/shape_verify_password_fields.xml (OK - compressed)
60008824 res/drawable-ldpi-v4/recording.png (OK)
60009216 res/drawable-ldpi-v4/login_user.png (OK)
60010284 res/drawable-ldpi-v4/exo_icon_stop.png (OK)
60010448 res/drawable-ldpi-v4/speed_icon.png (OK)
60011176 res/drawable-ldpi-v4/main.png (OK)
60029836 res/drawable-ldpi-v4/ic_fullscreen_24dp.png (OK)
60030080 res/drawable-ldpi-v4/exo_icon_rewind.png (OK)
60030352 res/drawable-ldpi-v4/time_format.png (OK)
60031291 res/drawable-ldpi-v4/line_light_gray_small.xml (OK - compressed)
60031624 res/drawable-ldpi-v4/tv_guide_new.png (OK)
60032752 res/drawable-ldpi-v4/exo_controls_repeat_all.png (OK)
60032972 res/drawable-ldpi-v4/live_tv_icon.png (OK)
60034140 res/drawable-ldpi-v4/gear_white_dashboard.png (OK)
60034804 res/drawable-ldpi-v4/exo_controls_fullscreen_exit.png (OK)
60035044 res/drawable-ldpi-v4/manage_user.png (OK)
60036812 res/drawable-ldpi-v4/account_info.png (OK)
60037428 res/drawable-ldpi-v4/record.png (OK)
60037928 res/drawable-ldpi-v4/backspress.png (OK)
60038224 res/drawable-ldpi-v4/exo_edit_mode_logo.png (OK)
60038640 res/drawable-ldpi-v4/multiscreen_icon.png (OK)
60039032 res/drawable-ldpi-v4/logn_new_bg.jpg (OK)
60151076 res/drawable-ldpi-v4/reset_icon.png (OK)
60151849 res/drawable-ldpi-v4/line_services.xml (OK - compressed)
60152196 res/drawable-ldpi-v4/exo_controls_fullscreen_enter.png (OK)
60152432 res/drawable-ldpi-v4/movies_icon.png (OK)
60153684 res/drawable-ldpi-v4/parental.png (OK)
60155064 res/drawable-ldpi-v4/logo_white_long.png (OK)
60166140 res/drawable-ldpi-v4/guide_icon.png (OK)
60166748 res/drawable-ldpi-v4/exo_icon_fastforward.png (OK)
60167004 res/drawable-ldpi-v4/ic_playlistw.png (OK)
60167752 res/drawable-ldpi-v4/ic_youtube_24dp.png (OK)
60168028 res/drawable-ldpi-v4/ic_cart.png (OK)
60168564 res/drawable-ldpi-v4/rocket_logo2.png (OK)
60172280 res/drawable-ldpi-v4/exo_icon_play.png (OK)
60172532 res/drawable-ldpi-v4/delete_user.png (OK)
60174048 res/drawable-ldpi-v4/epg.png (OK)
60175272 res/drawable-ldpi-v4/menu_dots.png (OK)
60175564 res/drawable-ldpi-v4/exo_controls_repeat_one.png (OK)
60175823 res/drawable-ldpi-v4/selector_verify_password_fields.xml (OK - compressed)
60176136 res/drawable-ldpi-v4/gear_white.png (OK)
60177108 res/drawable-ldpi-v4/hplib_ic_settings.png (OK)
60177508 res/drawable-ldpi-v4/catch_up_icon.png (OK)
60178236 res/drawable-ldpi-v4/layout.png (OK)
60178828 res/drawable-ldpi-v4/exo_controls_shuffle.png (OK)
60179100 res/drawable-ldpi-v4/ic_arrow_down_24dp.png (OK)
60179344 res/drawable-ldpi-v4/ic_setting_account_focus.png (OK)
60180100 res/drawable-ldpi-v4/live_with_epg_icon.png (OK)
60180688 res/drawable-ldpi-v4/ic_fullscreen_exit_24dp.png (OK)
60180916 res/drawable-ldpi-v4/logout_user.png (OK)
60181668 res/drawable-ldpi-v4/switch_user.png (OK)
60183172 res/drawable-ldpi-v4/epg_icon.png (OK)
60183760 res/drawable-ldpi-v4/exo_controls_repeat_off.png (OK)
60184016 res/drawable-ldpi-v4/add_more_user.png (OK)
60184868 res/drawable-ldpi-v4/dashboard_background.jpg (OK)
60296916 res/drawable-ldpi-v4/playersettings.png (OK)
60298004 res/drawable-ldpi-v4/series_icon_icon.png (OK)
60299696 res/drawable-ldpi-v4/rokect_image.png (OK)
60307660 res/drawable-ldpi-v4/exo_notification_small_icon.png (OK)
60308244 res/drawable-ldpi-v4/recording_icon.png (OK)
60309104 res/drawable-ldpi-v4/bar.png (OK)
60311380 res/drawable-ldpi-v4/exo_icon_next.png (OK)
60311616 res/drawable-ldpi-v4/streamformat.png (OK)
60312332 res/drawable-ldpi-v4/black_background.jpg (OK)
60424384 res/drawable-ldpi-v4/aspect_ratio_new.png (OK)
60424911 res/interpolator-v21/mr_fast_out_slow_in.xml (OK - compressed)
60425219 res/interpolator-v21/mtrl_fast_out_linear_in.xml (OK - compressed)
60425523 res/interpolator-v21/mtrl_linear_out_slow_in.xml (OK - compressed)
60425826 res/interpolator-v21/mr_linear_out_slow_in.xml (OK - compressed)
60426129 res/interpolator-v21/mtrl_fast_out_slow_in.xml (OK - compressed)
60426436 res/layout-sw600dp-v21/honey_player_testing.xml (OK - compressed)
60430773 res/layout-sw600dp-v21/honey_player_epg.xml (OK - compressed)
60435509 res/layout-sw600dp-v21/activity_multi_setting_new.xml (OK - compressed)
60436766 res/layout-sw600dp-v21/activity_series_all_data_single.xml (OK - compressed)
60439024 res/layout-sw600dp-v21/honey_player_live.xml (OK - compressed)
60443850 res/layout-sw600dp-v21/honey_player_live_tv.xml (OK - compressed)
60448618 res/animator/lb_onboarding_start_button_fade_in.xml (OK - compressed)
60449030 res/animator/lb_onboarding_logo_exit.xml (OK - compressed)
60449397 res/animator/mtrl_fab_transformation_sheet_collapse_spec.xml (OK - compressed)
60449999 res/animator/lb_playback_rows_fade_out.xml (OK - compressed)
60450311 res/animator/lb_playback_description_fade_in.xml (OK - compressed)
60450617 res/animator/lb_playback_rows_fade_in.xml (OK - compressed)
60450944 res/animator/mtrl_chip_state_list_anim.xml (OK - compressed)
60451430 res/animator/lb_onboarding_page_indicator_fade_out.xml (OK - compressed)
60451805 res/animator/lb_guidedstep_slide_down.xml (OK - compressed)
60452166 res/animator/lb_onboarding_page_indicator_enter.xml (OK - compressed)
60452521 res/animator/lb_guidedactions_item_unpressed.xml (OK - compressed)
60452864 res/animator/lb_onboarding_start_button_fade_out.xml (OK - compressed)
60453281 res/animator/design_fab_hide_motion_spec.xml (OK - compressed)
60453703 res/animator/lb_playback_description_fade_out.xml (OK - compressed)
60454044 res/animator/lb_onboarding_page_indicator_fade_in.xml (OK - compressed)
60454417 res/animator/lb_playback_bg_fade_out.xml (OK - compressed)
60454753 res/animator/lb_playback_controls_fade_out.xml (OK - compressed)
60455055 res/animator/lb_guidedstep_slide_up.xml (OK - compressed)
60455406 res/animator/mtrl_btn_state_list_anim.xml (OK - compressed)
60456074 res/animator/lb_playback_controls_fade_in.xml (OK - compressed)
60456381 res/animator/lb_onboarding_title_enter.xml (OK - compressed)
60456807 res/animator/mtrl_btn_unelevated_state_list_anim.xml (OK - compressed)
60456966 res/animator/lb_onboarding_description_enter.xml (OK - compressed)
60457382 res/animator/mtrl_fab_hide_motion_spec.xml (OK - compressed)
60457804 res/animator/design_fab_show_motion_spec.xml (OK - compressed)
60458216 res/animator/mtrl_fab_show_motion_spec.xml (OK - compressed)
60458639 res/animator/lb_onboarding_logo_enter.xml (OK - compressed)
60458984 res/animator/lb_playback_bg_fade_in.xml (OK - compressed)
60459320 res/animator/lb_guidedactions_item_pressed.xml (OK - compressed)
60459672 res/animator/mtrl_fab_transformation_sheet_expand_spec.xml (OK - compressed)
60460264 res/mipmap-xxhdpi-v4/ic_launcher.png (OK)
60484808 res/mipmap-xxhdpi-v4/tv_banner.png (OK)
60536760 res/xml-v21/app_restrictions.xml (OK - compressed)
60537289 res/animator-v21/lb_onboarding_logo_exit.xml (OK - compressed)
60537677 res/animator-v21/lb_onboarding_page_indicator_enter.xml (OK - compressed)
60538063 res/animator-v21/lb_playback_description_fade_out.xml (OK - compressed)
60538395 res/animator-v21/lb_playback_bg_fade_out.xml (OK - compressed)
60538739 res/animator-v21/design_appbar_state_list_animator.xml (OK - compressed)
60539270 res/animator-v21/lb_onboarding_title_enter.xml (OK - compressed)
60539721 res/animator-v21/lb_onboarding_description_enter.xml (OK - compressed)
60540165 res/animator-v21/lb_onboarding_logo_enter.xml (OK - compressed)
60540540 res/animator-v21/lb_playback_bg_fade_in.xml (OK - compressed)
60540856 assets/nopie_openvpn.x86_64 (OK - compressed)
60542820 assets/demo.html (OK - compressed)
60543487 assets/nopie_openvpn.arm64-v8a (OK - compressed)
60545557 assets/pie_openvpn.arm64-v8a (OK - compressed)
60547621 assets/pie_openvpn.x86 (OK - compressed)
60549518 assets/nopie_openvpn.x86 (OK - compressed)
60551408 assets/terms.html (OK - compressed)
60552404 assets/audience_network.dex (OK - compressed)
62134065 assets/pie_openvpn.armeabi-v7a (OK - compressed)
62135908 assets/pie_openvpn.x86_64 (OK - compressed)
62137888 assets/nopie_openvpn.armeabi-v7a (OK - compressed)
62139740 assets/fonts/open_sans_regular.ttf (OK - compressed)
62253781 assets/fonts/open_sans.ttf (OK - compressed)
62370494 javax/annotation/CheckForNull.java (OK - compressed)
62370759 javax/annotation/CheckForSigned.java (OK - compressed)
62371165 javax/annotation/CheckReturnValue.java (OK - compressed)
62371474 javax/annotation/Detainted.java (OK - compressed)
62371737 javax/annotation/MatchesPattern.java (OK - compressed)
62372188 javax/annotation/Nonnegative.java (OK - compressed)
62372710 javax/annotation/Nonnull.java (OK - compressed)
62373086 javax/annotation/Nullable.java (OK - compressed)
62373366 javax/annotation/OverridingMethodsMustInvokeSuper.java (OK - compressed)
62373745 javax/annotation/ParametersAreNonnullByDefault.java (OK - compressed)
62374241 javax/annotation/ParametersAreNullableByDefault.java (OK - compressed)
62374811 javax/annotation/PropertyKey.java (OK - compressed)
62375066 javax/annotation/RegEx.java (OK - compressed)
62375580 javax/annotation/Signed.java (OK - compressed)
62375871 javax/annotation/Syntax.java (OK - compressed)
62376617 javax/annotation/Tainted.java (OK - compressed)
62376873 javax/annotation/Untainted.java (OK - compressed)
62377130 javax/annotation/WillClose.java (OK - compressed)
62377408 javax/annotation/WillCloseWhenClosed.java (OK - compressed)
62377708 javax/annotation/WillNotClose.java (OK - compressed)
62377990 javax/annotation/concurrent/GuardedBy.java (OK - compressed)
62378817 javax/annotation/concurrent/Immutable.java (OK - compressed)
62379549 javax/annotation/concurrent/NotThreadSafe.java (OK - compressed)
62380086 javax/annotation/concurrent/ThreadSafe.java (OK - compressed)
62380539 javax/annotation/meta/Exclusive.java (OK - compressed)
62380947 javax/annotation/meta/Exhaustive.java (OK - compressed)
62381517 javax/annotation/meta/TypeQualifier.java (OK - compressed)
62381992 javax/annotation/meta/TypeQualifierDefault.java (OK - compressed)
62382368 javax/annotation/meta/TypeQualifierNickname.java (OK - compressed)
62382870 javax/annotation/meta/TypeQualifierValidator.java (OK - compressed)
62383261 javax/annotation/meta/When.java (OK - compressed)
62383676 org/achartengine/image/zoom-1.png (OK)
62384880 org/achartengine/image/zoom_in.png (OK)
62386044 org/achartengine/image/zoom_out.png (OK)
62387188 org/joda/time/format/messages.properties (OK - compressed)
62387451 org/joda/time/format/messages_da.properties (OK - compressed)
62387727 org/joda/time/format/messages_de.properties (OK - compressed)
62388008 org/joda/time/format/messages_en.properties (OK)
62388081 org/joda/time/format/messages_es.properties (OK - compressed)
62388359 org/joda/time/format/messages_fr.properties (OK - compressed)
62388634 org/joda/time/format/messages_ja.properties (OK - compressed)
62388902 org/joda/time/format/messages_nl.properties (OK - compressed)
62389173 org/joda/time/format/messages_pl.properties (OK - compressed)
62389577 org/joda/time/format/messages_pt.properties (OK - compressed)
62389837 org/joda/time/tz/data/CET (OK - compressed)
62390205 org/joda/time/tz/data/CST6CDT (OK - compressed)
62390704 org/joda/time/tz/data/EET (OK - compressed)
62390996 org/joda/time/tz/data/EST (OK)
62391063 org/joda/time/tz/data/EST5EDT (OK - compressed)
62391564 org/joda/time/tz/data/HST (OK)
62391627 org/joda/time/tz/data/MET (OK - compressed)
62391992 org/joda/time/tz/data/MST (OK)
62392059 org/joda/time/tz/data/MST7MDT (OK - compressed)
62392561 org/joda/time/tz/data/PST8PDT (OK - compressed)
62393060 org/joda/time/tz/data/WET (OK - compressed)
62393355 org/joda/time/tz/data/ZoneInfoMap (OK - compressed)
62398794 org/joda/time/tz/data/Africa/Abidjan (OK - compressed)
62398914 org/joda/time/tz/data/Africa/Accra (OK - compressed)
62399256 org/joda/time/tz/data/Africa/Algiers (OK - compressed)
62399563 org/joda/time/tz/data/Africa/Bissau (OK - compressed)
62399694 org/joda/time/tz/data/Africa/Cairo (OK - compressed)
62400476 org/joda/time/tz/data/Africa/Casablanca (OK - compressed)
62401065 org/joda/time/tz/data/Africa/Ceuta (OK - compressed)
62401426 org/joda/time/tz/data/Africa/El_Aaiun (OK - compressed)
62401973 org/joda/time/tz/data/Africa/Johannesburg (OK - compressed)
62402135 org/joda/time/tz/data/Africa/Khartoum (OK - compressed)
62402410 org/joda/time/tz/data/Africa/Lagos (OK - compressed)
62402530 org/joda/time/tz/data/Africa/Maputo (OK - compressed)
62402652 org/joda/time/tz/data/Africa/Monrovia (OK - compressed)
62402798 org/joda/time/tz/data/Africa/Nairobi (OK - compressed)
62402954 org/joda/time/tz/data/Africa/Ndjamena (OK - compressed)
62403094 org/joda/time/tz/data/Africa/Tripoli (OK - compressed)
62403376 org/joda/time/tz/data/Africa/Tunis (OK - compressed)
62403678 org/joda/time/tz/data/Africa/Windhoek (OK - compressed)
62403873 org/joda/time/tz/data/America/Adak (OK - compressed)
62404430 org/joda/time/tz/data/America/Anchorage (OK - compressed)
62404990 org/joda/time/tz/data/America/Antigua (OK - compressed)
62405125 org/joda/time/tz/data/America/Araguaina (OK - compressed)
62405501 org/joda/time/tz/data/America/Asuncion (OK - compressed)
62406009 org/joda/time/tz/data/America/Atikokan (OK - compressed)
62406183 org/joda/time/tz/data/America/Bahia (OK - compressed)
62406607 org/joda/time/tz/data/America/Bahia_Banderas (OK - compressed)
62406950 org/joda/time/tz/data/America/Barbados (OK - compressed)
62407125 org/joda/time/tz/data/America/Belem (OK - compressed)
62407393 org/joda/time/tz/data/America/Belize (OK - compressed)
62407777 org/joda/time/tz/data/America/Blanc-Sablon (OK - compressed)
62407944 org/joda/time/tz/data/America/Boa_Vista (OK - compressed)
62408232 org/joda/time/tz/data/America/Bogota (OK - compressed)
62408384 org/joda/time/tz/data/America/Boise (OK - compressed)
62408939 org/joda/time/tz/data/America/Cambridge_Bay (OK - compressed)
62409399 org/joda/time/tz/data/America/Campo_Grande (OK - compressed)
62410095 org/joda/time/tz/data/America/Cancun (OK - compressed)
62410330 org/joda/time/tz/data/America/Caracas (OK - compressed)
62410479 org/joda/time/tz/data/America/Cayenne (OK - compressed)
62410609 org/joda/time/tz/data/America/Cayman (OK - compressed)
62410747 org/joda/time/tz/data/America/Chicago (OK - compressed)
62411584 org/joda/time/tz/data/America/Chihuahua (OK - compressed)
62411838 org/joda/time/tz/data/America/Costa_Rica (OK - compressed)
62412022 org/joda/time/tz/data/America/Creston (OK - compressed)
62412160 org/joda/time/tz/data/America/Cuiaba (OK - compressed)
62412848 org/joda/time/tz/data/America/Curacao (OK - compressed)
62412987 org/joda/time/tz/data/America/Danmarkshavn (OK - compressed)
62413266 org/joda/time/tz/data/America/Dawson (OK - compressed)
62413739 org/joda/time/tz/data/America/Dawson_Creek (OK - compressed)
62414138 org/joda/time/tz/data/America/Denver (OK - compressed)
62414702 org/joda/time/tz/data/America/Detroit (OK - compressed)
62415198 org/joda/time/tz/data/America/Edmonton (OK - compressed)
62415757 org/joda/time/tz/data/America/Eirunepe (OK - compressed)
62416052 org/joda/time/tz/data/America/El_Salvador (OK - compressed)
62416204 org/joda/time/tz/data/America/Fortaleza (OK - compressed)
62416524 org/joda/time/tz/data/America/Glace_Bay (OK - compressed)
62417018 org/joda/time/tz/data/America/Godthab (OK - compressed)
62417318 org/joda/time/tz/data/America/Goose_Bay (OK - compressed)
62418122 org/joda/time/tz/data/America/Grand_Turk (OK - compressed)
62418588 org/joda/time/tz/data/America/Guatemala (OK - compressed)
62418761 org/joda/time/tz/data/America/Guayaquil (OK - compressed)
62418897 org/joda/time/tz/data/America/Guyana (OK - compressed)
62419052 org/joda/time/tz/data/America/Halifax (OK - compressed)
62419874 org/joda/time/tz/data/America/Havana (OK - compressed)
62420494 org/joda/time/tz/data/America/Hermosillo (OK - compressed)
62420699 org/joda/time/tz/data/America/Inuvik (OK - compressed)
62421114 org/joda/time/tz/data/America/Iqaluit (OK - compressed)
62421555 org/joda/time/tz/data/America/Jamaica (OK - compressed)
62421784 org/joda/time/tz/data/America/Juneau (OK - compressed)
62422335 org/joda/time/tz/data/America/La_Paz (OK - compressed)
62422483 org/joda/time/tz/data/America/Lima (OK - compressed)
62422700 org/joda/time/tz/data/America/Los_Angeles (OK - compressed)
62423356 org/joda/time/tz/data/America/Maceio (OK - compressed)
62423685 org/joda/time/tz/data/America/Managua (OK - compressed)
62423901 org/joda/time/tz/data/America/Manaus (OK - compressed)
62424181 org/joda/time/tz/data/America/Martinique (OK - compressed)
62424336 org/joda/time/tz/data/America/Matamoros (OK - compressed)
62424628 org/joda/time/tz/data/America/Mazatlan (OK - compressed)
62424891 org/joda/time/tz/data/America/Menominee (OK - compressed)
62425406 org/joda/time/tz/data/America/Merida (OK - compressed)
62425634 org/joda/time/tz/data/America/Metlakatla (OK - compressed)
62425938 org/joda/time/tz/data/America/Mexico_City (OK - compressed)
62426227 org/joda/time/tz/data/America/Miquelon (OK - compressed)
62426576 org/joda/time/tz/data/America/Moncton (OK - compressed)
62427318 org/joda/time/tz/data/America/Monterrey (OK - compressed)
62427544 org/joda/time/tz/data/America/Montevideo (OK - compressed)
62428039 org/joda/time/tz/data/America/Montreal (OK - compressed)
62428862 org/joda/time/tz/data/America/Nassau (OK - compressed)
62429367 org/joda/time/tz/data/America/New_York (OK - compressed)
62430192 org/joda/time/tz/data/America/Nipigon (OK - compressed)
62430668 org/joda/time/tz/data/America/Nome (OK - compressed)
62431228 org/joda/time/tz/data/America/Noronha (OK - compressed)
62431548 org/joda/time/tz/data/America/Ojinaga (OK - compressed)
62431868 org/joda/time/tz/data/America/Panama (OK - compressed)
62432009 org/joda/time/tz/data/America/Pangnirtung (OK - compressed)
62432470 org/joda/time/tz/data/America/Paramaribo (OK - compressed)
62432637 org/joda/time/tz/data/America/Phoenix (OK - compressed)
62432828 org/joda/time/tz/data/America/Port-au-Prince (OK - compressed)
62433161 org/joda/time/tz/data/America/Port_of_Spain (OK - compressed)
62433289 org/joda/time/tz/data/America/Porto_Velho (OK - compressed)
62433561 org/joda/time/tz/data/America/Puerto_Rico (OK - compressed)
62433715 org/joda/time/tz/data/America/Rainy_River (OK - compressed)
62434197 org/joda/time/tz/data/America/Rankin_Inlet (OK - compressed)
62434606 org/joda/time/tz/data/America/Recife (OK - compressed)
62434925 org/joda/time/tz/data/America/Regina (OK - compressed)
62435308 org/joda/time/tz/data/America/Resolute (OK - compressed)
62435729 org/joda/time/tz/data/America/Rio_Branco (OK - compressed)
62436015 org/joda/time/tz/data/America/Santa_Isabel (OK - compressed)
62436519 org/joda/time/tz/data/America/Santarem (OK - compressed)
62436799 org/joda/time/tz/data/America/Santiago (OK - compressed)
62437445 org/joda/time/tz/data/America/Santo_Domingo (OK - compressed)
62437677 org/joda/time/tz/data/America/Sao_Paulo (OK - compressed)
62438379 org/joda/time/tz/data/America/Scoresbysund (OK - compressed)
62438686 org/joda/time/tz/data/America/Sitka (OK - compressed)
62439234 org/joda/time/tz/data/America/St_Johns (OK - compressed)
62440216 org/joda/time/tz/data/America/Swift_Current (OK - compressed)
62440467 org/joda/time/tz/data/America/Tegucigalpa (OK - compressed)
62440626 org/joda/time/tz/data/America/Thule (OK - compressed)
62440933 org/joda/time/tz/data/America/Thunder_Bay (OK - compressed)
62441422 org/joda/time/tz/data/America/Tijuana (OK - compressed)
62441990 org/joda/time/tz/data/America/Toronto (OK - compressed)
62442819 org/joda/time/tz/data/America/Vancouver (OK - compressed)
62443492 org/joda/time/tz/data/America/Whitehorse (OK - compressed)
62443958 org/joda/time/tz/data/America/Winnipeg (OK - compressed)
62444624 org/joda/time/tz/data/America/Yakutat (OK - compressed)
62445166 org/joda/time/tz/data/America/Yellowknife (OK - compressed)
62445611 org/joda/time/tz/data/America/Argentina/Buenos_Aires (OK - compressed)
62446060 org/joda/time/tz/data/America/Argentina/Catamarca (OK - compressed)
62446512 org/joda/time/tz/data/America/Argentina/Cordoba (OK - compressed)
62446958 org/joda/time/tz/data/America/Argentina/Jujuy (OK - compressed)
62447409 org/joda/time/tz/data/America/Argentina/La_Rioja (OK - compressed)
62447867 org/joda/time/tz/data/America/Argentina/Mendoza (OK - compressed)
62448332 org/joda/time/tz/data/America/Argentina/Rio_Gallegos (OK - compressed)
62448779 org/joda/time/tz/data/America/Argentina/Salta (OK - compressed)
62449221 org/joda/time/tz/data/America/Argentina/San_Juan (OK - compressed)
62449679 org/joda/time/tz/data/America/Argentina/San_Luis (OK - compressed)
62450144 org/joda/time/tz/data/America/Argentina/Tucuman (OK - compressed)
62450605 org/joda/time/tz/data/America/Argentina/Ushuaia (OK - compressed)
62451057 org/joda/time/tz/data/America/Indiana/Indianapolis (OK - compressed)
62451405 org/joda/time/tz/data/America/Indiana/Knox (OK - compressed)
62451978 org/joda/time/tz/data/America/Indiana/Marengo (OK - compressed)
62452357 org/joda/time/tz/data/America/Indiana/Petersburg (OK - compressed)
62452801 org/joda/time/tz/data/America/Indiana/Tell_City (OK - compressed)
62453166 org/joda/time/tz/data/America/Indiana/Vevay (OK - compressed)
62453443 org/joda/time/tz/data/America/Indiana/Vincennes (OK - compressed)
62453820 org/joda/time/tz/data/America/Indiana/Winamac (OK - compressed)
62454215 org/joda/time/tz/data/America/Kentucky/Louisville (OK - compressed)
62454876 org/joda/time/tz/data/America/Kentucky/Monticello (OK - compressed)
62455420 org/joda/time/tz/data/America/North_Dakota/Beulah (OK - compressed)
62456009 org/joda/time/tz/data/America/North_Dakota/Center (OK - compressed)
62456574 org/joda/time/tz/data/America/North_Dakota/New_Salem (OK - compressed)
62457111 org/joda/time/tz/data/Antarctica/Casey (OK - compressed)
62457256 org/joda/time/tz/data/Antarctica/Davis (OK - compressed)
62457415 org/joda/time/tz/data/Antarctica/DumontDUrville (OK - compressed)
62457552 org/joda/time/tz/data/Antarctica/Macquarie (OK - compressed)
62458069 org/joda/time/tz/data/Antarctica/Mawson (OK - compressed)
62458194 org/joda/time/tz/data/Antarctica/Palmer (OK - compressed)
62458680 org/joda/time/tz/data/Antarctica/Rothera (OK - compressed)
62458796 org/joda/time/tz/data/Antarctica/Syowa (OK - compressed)
62458913 org/joda/time/tz/data/Antarctica/Troll (OK - compressed)
62459065 org/joda/time/tz/data/Antarctica/Vostok (OK - compressed)
62459175 org/joda/time/tz/data/Asia/Aden (OK - compressed)
62459293 org/joda/time/tz/data/Asia/Almaty (OK - compressed)
62459633 org/joda/time/tz/data/Asia/Amman (OK - compressed)
62460096 org/joda/time/tz/data/Asia/Anadyr (OK - compressed)
62460526 org/joda/time/tz/data/Asia/Aqtau (OK - compressed)
62460911 org/joda/time/tz/data/Asia/Aqtobe (OK - compressed)
62461277 org/joda/time/tz/data/Asia/Ashgabat (OK - compressed)
62461533 org/joda/time/tz/data/Asia/Baghdad (OK - compressed)
62461911 org/joda/time/tz/data/Asia/Bahrain (OK - compressed)
62462036 org/joda/time/tz/data/Asia/Baku (OK - compressed)
62462344 org/joda/time/tz/data/Asia/Bangkok (OK - compressed)
62462472 org/joda/time/tz/data/Asia/Beirut (OK - compressed)
62462910 org/joda/time/tz/data/Asia/Bishkek (OK - compressed)
62463290 org/joda/time/tz/data/Asia/Brunei (OK - compressed)
62463414 org/joda/time/tz/data/Asia/Chita (OK - compressed)
62463852 org/joda/time/tz/data/Asia/Choibalsan (OK - compressed)
62464195 org/joda/time/tz/data/Asia/Colombo (OK - compressed)
62464375 org/joda/time/tz/data/Asia/Damascus (OK - compressed)
62464952 org/joda/time/tz/data/Asia/Dhaka (OK - compressed)
62465145 org/joda/time/tz/data/Asia/Dili (OK - compressed)
62465299 org/joda/time/tz/data/Asia/Dubai (OK - compressed)
62465419 org/joda/time/tz/data/Asia/Dushanbe (OK - compressed)
62465658 org/joda/time/tz/data/Asia/Gaza (OK - compressed)
62466247 org/joda/time/tz/data/Asia/Hebron (OK - compressed)
62466849 org/joda/time/tz/data/Asia/Ho_Chi_Minh (OK - compressed)
62467032 org/joda/time/tz/data/Asia/Hong_Kong (OK - compressed)
62467459 org/joda/time/tz/data/Asia/Hovd (OK - compressed)
62467789 org/joda/time/tz/data/Asia/Irkutsk (OK - compressed)
62468231 org/joda/time/tz/data/Asia/Jakarta (OK - compressed)
62468413 org/joda/time/tz/data/Asia/Jayapura (OK - compressed)
62468552 org/joda/time/tz/data/Asia/Jerusalem (OK - compressed)
62469144 org/joda/time/tz/data/Asia/Kabul (OK - compressed)
62469272 org/joda/time/tz/data/Asia/Kamchatka (OK - compressed)
62469699 org/joda/time/tz/data/Asia/Karachi (OK - compressed)
62469891 org/joda/time/tz/data/Asia/Kathmandu (OK - compressed)
62470025 org/joda/time/tz/data/Asia/Khandyga (OK - compressed)
62470480 org/joda/time/tz/data/Asia/Kolkata (OK - compressed)
62470640 org/joda/time/tz/data/Asia/Krasnoyarsk (OK - compressed)
62471074 org/joda/time/tz/data/Asia/Kuala_Lumpur (OK - compressed)
62471267 org/joda/time/tz/data/Asia/Kuching (OK - compressed)
62471502 org/joda/time/tz/data/Asia/Kuwait (OK - compressed)
62471619 org/joda/time/tz/data/Asia/Macau (OK - compressed)
62471944 org/joda/time/tz/data/Asia/Magadan (OK - compressed)
62472375 org/joda/time/tz/data/Asia/Makassar (OK - compressed)
62472523 org/joda/time/tz/data/Asia/Manila (OK - compressed)
62472708 org/joda/time/tz/data/Asia/Muscat (OK - compressed)
62472827 org/joda/time/tz/data/Asia/Nicosia (OK - compressed)
62473190 org/joda/time/tz/data/Asia/Novokuznetsk (OK - compressed)
62473637 org/joda/time/tz/data/Asia/Novosibirsk (OK - compressed)
62474066 org/joda/time/tz/data/Asia/Omsk (OK - compressed)
62474493 org/joda/time/tz/data/Asia/Oral (OK - compressed)
62474871 org/joda/time/tz/data/Asia/Pontianak (OK - compressed)
62475051 org/joda/time/tz/data/Asia/Pyongyang (OK - compressed)
62475195 org/joda/time/tz/data/Asia/Qatar (OK - compressed)
62475325 org/joda/time/tz/data/Asia/Qyzylorda (OK - compressed)
62475700 org/joda/time/tz/data/Asia/Rangoon (OK - compressed)
62475850 org/joda/time/tz/data/Asia/Riyadh (OK - compressed)
62475970 org/joda/time/tz/data/Asia/Sakhalin (OK - compressed)
62476416 org/joda/time/tz/data/Asia/Samarkand (OK - compressed)
62476672 org/joda/time/tz/data/Asia/Seoul (OK - compressed)
62476916 org/joda/time/tz/data/Asia/Shanghai (OK - compressed)
62477122 org/joda/time/tz/data/Asia/Singapore (OK - compressed)
62477323 org/joda/time/tz/data/Asia/Srednekolymsk (OK - compressed)
62477757 org/joda/time/tz/data/Asia/Taipei (OK - compressed)
62478079 org/joda/time/tz/data/Asia/Tashkent (OK - compressed)
62478334 org/joda/time/tz/data/Asia/Tbilisi (OK - compressed)
62478730 org/joda/time/tz/data/Asia/Tehran (OK - compressed)
62479290 org/joda/time/tz/data/Asia/Thimphu (OK - compressed)
62479418 org/joda/time/tz/data/Asia/Tokyo (OK - compressed)
62479599 org/joda/time/tz/data/Asia/Ulaanbaatar (OK - compressed)
62479927 org/joda/time/tz/data/Asia/Urumqi (OK - compressed)
62480047 org/joda/time/tz/data/Asia/Ust-Nera (OK - compressed)
62480499 org/joda/time/tz/data/Asia/Vladivostok (OK - compressed)
62480927 org/joda/time/tz/data/Asia/Yakutsk (OK - compressed)
62481363 org/joda/time/tz/data/Asia/Yekaterinburg (OK - compressed)
62481816 org/joda/time/tz/data/Asia/Yerevan (OK - compressed)
62482243 org/joda/time/tz/data/Atlantic/Azores (OK - compressed)
62482986 org/joda/time/tz/data/Atlantic/Bermuda (OK - compressed)
62483424 org/joda/time/tz/data/Atlantic/Canary (OK - compressed)
62483738 org/joda/time/tz/data/Atlantic/Cape_Verde (OK - compressed)
62483885 org/joda/time/tz/data/Atlantic/Faroe (OK - compressed)
62484174 org/joda/time/tz/data/Atlantic/Madeira (OK - compressed)
62484911 org/joda/time/tz/data/Atlantic/Reykjavik (OK - compressed)
62485342 org/joda/time/tz/data/Atlantic/South_Georgia (OK - compressed)
62485467 org/joda/time/tz/data/Atlantic/Stanley (OK - compressed)
62485926 org/joda/time/tz/data/Australia/Adelaide (OK - compressed)
62486439 org/joda/time/tz/data/Australia/Brisbane (OK - compressed)
62486652 org/joda/time/tz/data/Australia/Broken_Hill (OK - compressed)
62487172 org/joda/time/tz/data/Australia/Currie (OK - compressed)
62487670 org/joda/time/tz/data/Australia/Darwin (OK - compressed)
62487846 org/joda/time/tz/data/Australia/Eucla (OK - compressed)
62488080 org/joda/time/tz/data/Australia/Hobart (OK - compressed)
62488614 org/joda/time/tz/data/Australia/Lindeman (OK - compressed)
62488844 org/joda/time/tz/data/Australia/Lord_Howe (OK - compressed)
62489251 org/joda/time/tz/data/Australia/Melbourne (OK - compressed)
62489753 org/joda/time/tz/data/Australia/Perth (OK - compressed)
62489977 org/joda/time/tz/data/Australia/Sydney (OK - compressed)
62490472 org/joda/time/tz/data/Etc/GMT (OK)
62490544 org/joda/time/tz/data/Etc/GMT+1 (OK)
62490616 org/joda/time/tz/data/Etc/GMT+10 (OK)
62490692 org/joda/time/tz/data/Etc/GMT+11 (OK)
62490768 org/joda/time/tz/data/Etc/GMT+12 (OK)
62490840 org/joda/time/tz/data/Etc/GMT+2 (OK)
62490912 org/joda/time/tz/data/Etc/GMT+3 (OK)
62490984 org/joda/time/tz/data/Etc/GMT+4 (OK)
62491056 org/joda/time/tz/data/Etc/GMT+5 (OK)
62491128 org/joda/time/tz/data/Etc/GMT+6 (OK)
62491200 org/joda/time/tz/data/Etc/GMT+7 (OK)
62491272 org/joda/time/tz/data/Etc/GMT+8 (OK)
62491344 org/joda/time/tz/data/Etc/GMT+9 (OK)
62491416 org/joda/time/tz/data/Etc/GMT-1 (OK)
62491488 org/joda/time/tz/data/Etc/GMT-10 (OK)
62491564 org/joda/time/tz/data/Etc/GMT-11 (OK)
62491640 org/joda/time/tz/data/Etc/GMT-12 (OK)
62491716 org/joda/time/tz/data/Etc/GMT-13 (OK)
62491792 org/joda/time/tz/data/Etc/GMT-14 (OK)
62491864 org/joda/time/tz/data/Etc/GMT-2 (OK)
62491936 org/joda/time/tz/data/Etc/GMT-3 (OK)
62492008 org/joda/time/tz/data/Etc/GMT-4 (OK)
62492080 org/joda/time/tz/data/Etc/GMT-5 (OK)
62492152 org/joda/time/tz/data/Etc/GMT-6 (OK)
62492224 org/joda/time/tz/data/Etc/GMT-7 (OK)
62492296 org/joda/time/tz/data/Etc/GMT-8 (OK)
62492368 org/joda/time/tz/data/Etc/GMT-9 (OK)
62492440 org/joda/time/tz/data/Etc/UCT (OK)
62492508 org/joda/time/tz/data/Etc/UTC (OK)
62492584 org/joda/time/tz/data/Europe/Amsterdam (OK - compressed)
62493228 org/joda/time/tz/data/Europe/Andorra (OK - compressed)
62493488 org/joda/time/tz/data/Europe/Athens (OK - compressed)
62493903 org/joda/time/tz/data/Europe/Belgrade (OK - compressed)
62494208 org/joda/time/tz/data/Europe/Berlin (OK - compressed)
62494632 org/joda/time/tz/data/Europe/Brussels (OK - compressed)
62495240 org/joda/time/tz/data/Europe/Bucharest (OK - compressed)
62495646 org/joda/time/tz/data/Europe/Budapest (OK - compressed)
62496097 org/joda/time/tz/data/Europe/Chisinau (OK - compressed)
62496557 org/joda/time/tz/data/Europe/Copenhagen (OK - compressed)
62496940 org/joda/time/tz/data/Europe/Dublin (OK - compressed)
62497695 org/joda/time/tz/data/Europe/Gibraltar (OK - compressed)
62498346 org/joda/time/tz/data/Europe/Helsinki (OK - compressed)
62498658 org/joda/time/tz/data/Europe/Istanbul (OK - compressed)
62499366 org/joda/time/tz/data/Europe/Kaliningrad (OK - compressed)
62499874 org/joda/time/tz/data/Europe/Kiev (OK - compressed)
62500225 org/joda/time/tz/data/Europe/Lisbon (OK - compressed)
62500964 org/joda/time/tz/data/Europe/London (OK - compressed)
62501762 org/joda/time/tz/data/Europe/Luxembourg (OK - compressed)
62502353 org/joda/time/tz/data/Europe/Madrid (OK - compressed)
62502865 org/joda/time/tz/data/Europe/Malta (OK - compressed)
62503395 org/joda/time/tz/data/Europe/Minsk (OK - compressed)
62503866 org/joda/time/tz/data/Europe/Monaco (OK - compressed)
62504466 org/joda/time/tz/data/Europe/Moscow (OK - compressed)
62505004 org/joda/time/tz/data/Europe/Oslo (OK - compressed)
62505402 org/joda/time/tz/data/Europe/Paris (OK - compressed)
62505998 org/joda/time/tz/data/Europe/Prague (OK - compressed)
62506415 org/joda/time/tz/data/Europe/Riga (OK - compressed)
62506846 org/joda/time/tz/data/Europe/Rome (OK - compressed)
62507391 org/joda/time/tz/data/Europe/Samara (OK - compressed)
62507854 org/joda/time/tz/data/Europe/Simferopol (OK - compressed)
62508348 org/joda/time/tz/data/Europe/Sofia (OK - compressed)
62508721 org/joda/time/tz/data/Europe/Stockholm (OK - compressed)
62509041 org/joda/time/tz/data/Europe/Tallinn (OK - compressed)
62509462 org/joda/time/tz/data/Europe/Tirane (OK - compressed)
62509835 org/joda/time/tz/data/Europe/Uzhgorod (OK - compressed)
62510176 org/joda/time/tz/data/Europe/Vienna (OK - compressed)
62510574 org/joda/time/tz/data/Europe/Vilnius (OK - compressed)
62511007 org/joda/time/tz/data/Europe/Volgograd (OK - compressed)
62511459 org/joda/time/tz/data/Europe/Warsaw (OK - compressed)
62511986 org/joda/time/tz/data/Europe/Zaporozhye (OK - compressed)
62512344 org/joda/time/tz/data/Europe/Zurich (OK - compressed)
62512664 org/joda/time/tz/data/Indian/Chagos (OK - compressed)
62512794 org/joda/time/tz/data/Indian/Christmas (OK - compressed)
62512913 org/joda/time/tz/data/Indian/Cocos (OK - compressed)
62513036 org/joda/time/tz/data/Indian/Kerguelen (OK - compressed)
62513146 org/joda/time/tz/data/Indian/Mahe (OK - compressed)
62513268 org/joda/time/tz/data/Indian/Maldives (OK - compressed)
62513399 org/joda/time/tz/data/Indian/Mauritius (OK - compressed)
62513550 org/joda/time/tz/data/Indian/Reunion (OK - compressed)
62513668 org/joda/time/tz/data/Pacific/Apia (OK - compressed)
62513876 org/joda/time/tz/data/Pacific/Auckland (OK - compressed)
62514436 org/joda/time/tz/data/Pacific/Bougainville (OK - compressed)
62514601 org/joda/time/tz/data/Pacific/Chatham (OK - compressed)
62515078 org/joda/time/tz/data/Pacific/Chuuk (OK - compressed)
62515200 org/joda/time/tz/data/Pacific/Easter (OK - compressed)
62515773 org/joda/time/tz/data/Pacific/Efate (OK - compressed)
62515994 org/joda/time/tz/data/Pacific/Enderbury (OK - compressed)
62516133 org/joda/time/tz/data/Pacific/Fakaofo (OK - compressed)
62516261 org/joda/time/tz/data/Pacific/Fiji (OK - compressed)
62516490 org/joda/time/tz/data/Pacific/Funafuti (OK - compressed)
62516614 org/joda/time/tz/data/Pacific/Galapagos (OK - compressed)
62516750 org/joda/time/tz/data/Pacific/Gambier (OK - compressed)
62516877 org/joda/time/tz/data/Pacific/Guadalcanal (OK - compressed)
62516996 org/joda/time/tz/data/Pacific/Guam (OK - compressed)
62517140 org/joda/time/tz/data/Pacific/Honolulu (OK - compressed)
62517301 org/joda/time/tz/data/Pacific/Kiritimati (OK - compressed)
62517441 org/joda/time/tz/data/Pacific/Kosrae (OK - compressed)
62517579 org/joda/time/tz/data/Pacific/Kwajalein (OK - compressed)
62517721 org/joda/time/tz/data/Pacific/Majuro (OK - compressed)
62517852 org/joda/time/tz/data/Pacific/Marquesas (OK - compressed)
62517973 org/joda/time/tz/data/Pacific/Midway (OK - compressed)
62518128 org/joda/time/tz/data/Pacific/Nauru (OK - compressed)
62518271 org/joda/time/tz/data/Pacific/Niue (OK - compressed)
62518412 org/joda/time/tz/data/Pacific/Norfolk (OK - compressed)
62518545 org/joda/time/tz/data/Pacific/Noumea (OK - compressed)
62518708 org/joda/time/tz/data/Pacific/Pago_Pago (OK - compressed)
62518861 org/joda/time/tz/data/Pacific/Palau (OK - compressed)
62518984 org/joda/time/tz/data/Pacific/Pitcairn (OK - compressed)
62519117 org/joda/time/tz/data/Pacific/Pohnpei (OK - compressed)
62519245 org/joda/time/tz/data/Pacific/Port_Moresby (OK - compressed)
62519385 org/joda/time/tz/data/Pacific/Rarotonga (OK - compressed)
62519637 org/joda/time/tz/data/Pacific/Saipan (OK - compressed)
62519787 org/joda/time/tz/data/Pacific/Tahiti (OK - compressed)
62519911 org/joda/time/tz/data/Pacific/Tarawa (OK - compressed)
62520036 org/joda/time/tz/data/Pacific/Tongatapu (OK - compressed)
62520205 org/joda/time/tz/data/Pacific/Wake (OK - compressed)
62520327 org/joda/time/tz/data/Pacific/Wallis (OK - compressed)
62520452 org/jsoup/nodes/entities-base.properties (OK - compressed)
62521090 org/jsoup/nodes/entities-full.properties (OK - compressed)
Verification successful
Verifying alignment of /tmp/makrotv-patch.GPDcLW/makrotv-patched-aligned.apk (4)...
      42 classes2.dex (OK - compressed)
  534975 lib/armeabi/libyuv.so (OK - compressed)
  595169 lib/armeabi/libijkplayer.so (OK - compressed)
  737980 lib/armeabi/libijkffmpeg.so (OK - compressed)
 6545196 lib/armeabi/libvpxJNI.so (OK - compressed)
 6634110 lib/armeabi/libijksdl.so (OK - compressed)
 6724339 lib/armeabi/libvpx.so (OK - compressed)
 6855593 lib/armeabi-v7a/libyuv.so (OK - compressed)
 6911149 lib/armeabi-v7a/libjbcrypto.so (OK - compressed)
 6918254 lib/armeabi-v7a/librealm-jni.so (OK - compressed)
 7710028 lib/armeabi-v7a/libovpn3.so (OK - compressed)
 9451617 lib/armeabi-v7a/libavutil.so (OK - compressed)
 9661305 lib/armeabi-v7a/libijkplayer.so (OK - compressed)
 9800266 lib/armeabi-v7a/libpl_droidsonroids_gif.so (OK - compressed)
 9822484 lib/armeabi-v7a/libovpnexec.so (OK - compressed)
 9823944 lib/armeabi-v7a/libavcodec.so (OK - compressed)
10530391 lib/armeabi-v7a/libijkffmpeg.so (OK - compressed)
15753044 lib/armeabi-v7a/libffmpeg.so (OK - compressed)
15760819 lib/armeabi-v7a/libavresample.so (OK - compressed)
15793676 lib/armeabi-v7a/libvpxJNI.so (OK - compressed)
15878966 lib/armeabi-v7a/libijksdl.so (OK - compressed)
15977099 lib/armeabi-v7a/libopvpnutil.so (OK - compressed)
15984442 lib/armeabi-v7a/libosslspeedtest.so (OK - compressed)
16857643 lib/armeabi-v7a/libvpx.so (OK - compressed)
17013381 lib/armeabi-v7a/libopenvpn.so (OK - compressed)
18360737 lib/mips/libyuv.so (OK - compressed)
18429366 lib/mips/librealm-jni.so (OK - compressed)
19565304 lib/mips/libvpxJNI.so (OK - compressed)
19675004 lib/mips/libvpx.so (OK - compressed)
19821332 lib/arm64-v8a/libyuv.so (OK - compressed)
19921222 lib/arm64-v8a/libjbcrypto.so (OK - compressed)
19923846 lib/arm64-v8a/librealm-jni.so (OK - compressed)
20897637 lib/arm64-v8a/libovpn3.so (OK - compressed)
22981030 lib/arm64-v8a/libavutil.so (OK - compressed)
23155866 lib/arm64-v8a/libijkplayer.so (OK - compressed)
23307777 lib/arm64-v8a/libpl_droidsonroids_gif.so (OK - compressed)
23326626 lib/arm64-v8a/libovpnexec.so (OK - compressed)
23328130 lib/arm64-v8a/libavcodec.so (OK - compressed)
23998329 lib/arm64-v8a/libijkffmpeg.so (OK - compressed)
29555240 lib/arm64-v8a/libffmpeg.so (OK - compressed)
29560006 lib/arm64-v8a/libavresample.so (OK - compressed)
29587683 lib/arm64-v8a/libvpxJNI.so (OK - compressed)
29724708 lib/arm64-v8a/libijksdl.so (OK - compressed)
29917105 lib/arm64-v8a/libopvpnutil.so (OK - compressed)
29919935 lib/arm64-v8a/libosslspeedtest.so (OK - compressed)
30941312 lib/arm64-v8a/libvpx.so (OK - compressed)
31102574 lib/arm64-v8a/libopenvpn.so (OK - compressed)
32700260 AndroidManifest.xml (OK - compressed)
32709164 resources.arsc (OK)
36127117 classes.dex (OK - compressed)
39638604 assets.dex (OK - compressed)
41220247 kotlin/kotlin.kotlin_builtins (OK - compressed)
41224357 kotlin/ranges/ranges.kotlin_builtins (OK - compressed)
41225405 kotlin/collections/collections.kotlin_builtins (OK - compressed)
41227016 kotlin/coroutines/coroutines.kotlin_builtins (OK - compressed)
41227257 kotlin/reflect/reflect.kotlin_builtins (OK - compressed)
41229611 kotlin/annotation/annotation.kotlin_builtins (OK - compressed)
41230256 kotlin/internal/internal.kotlin_builtins (OK - compressed)
41230820 res/drawable-ldrtl-xhdpi-v4/abc_spinner_mtrl_am_alpha.9.png (OK)
41231332 res/drawable-ldrtl-xhdpi-v4/abc_ic_menu_copy_mtrl_am_alpha.png (OK)
41231652 res/drawable-ldrtl-xhdpi-v4/abc_ic_menu_cut_mtrl_alpha.png (OK)
41232238 res/layout-large-land-v21/honey_player_testing.xml (OK - compressed)
41236688 res/layout-large-land-v21/honey_player_epg.xml (OK - compressed)
41241625 res/layout-large-land-v21/activity_series_all_data_single.xml (OK - compressed)
41243644 res/layout-large-land-v21/honey_player_live.xml (OK - compressed)
41248473 res/layout-large-land-v21/honey_player_live_tv.xml (OK - compressed)
41253234 res/transition-v19/lb_browse_headers_out.xml (OK - compressed)
41253711 res/transition-v19/lb_browse_headers_in.xml (OK - compressed)
41254192 res/layout-sw720dp-land-v13/activity_profile.xml (OK - compressed)
41255709 res/layout-sw720dp-land-v13/activity_view_details.xml (OK - compressed)
41258957 res/layout-sw720dp-land-v13/nst_multi_player_1.xml (OK - compressed)
41263604 res/layout-sw720dp-land-v13/activity_seasons_activitiy.xml (OK - compressed)
41265141 res/layout-sw720dp-land-v13/fragment_live_streams.xml (OK - compressed)
41266037 res/layout-sw720dp-land-v13/playera_add_alert_box.xml (OK - compressed)
41267254 res/layout-sw720dp-land-v13/activity_import_epg_new.xml (OK - compressed)
41268821 res/layout-sw720dp-land-v13/activity_parental_control_activitity.xml (OK - compressed)
41270207 res/layout-sw720dp-land-v13/series_all_data_right_adapter.xml (OK - compressed)
41271567 res/layout-sw720dp-land-v13/activity_settings.xml (OK - compressed)
41274756 res/layout-sw720dp-land-v13/episode_grid_layout.xml (OK - compressed)
41276893 res/layout-sw720dp-land-v13/activity_cancel_invoice.xml (OK - compressed)
41278130 res/layout-sw720dp-land-v13/activity_vod_new_flow_subcategories.xml (OK - compressed)
41279619 res/layout-sw720dp-land-v13/vod_grid_layout.xml (OK - compressed)
41280839 res/layout-sw720dp-land-v13/activity_view_ticket.xml (OK - compressed)
41282228 res/layout-sw720dp-land-v13/directory_listview.xml (OK - compressed)
41282847 res/layout-sw720dp-land-v13/activity_view_details_m3u.xml (OK - compressed)
41285881 res/layout-sw720dp-land-v13/fragment_new_epg_streams.xml (OK - compressed)
41287738 res/layout-sw720dp-land-v13/nst_player_epg.xml (OK - compressed)
41291119 res/layout-sw720dp-land-v13/custom_permission_layout.xml (OK - compressed)
41292120 res/layout-sw720dp-land-v13/single_stream_pop_up_window.xml (OK - compressed)
41293191 res/layout-sw720dp-land-v13/layout_genre_details.xml (OK - compressed)
41294473 res/layout-sw720dp-land-v13/categories_popup.xml (OK - compressed)
41296069 res/layout-sw720dp-land-v13/nst_player_archive.xml (OK - compressed)
41298623 res/layout-sw720dp-land-v13/new_dashboard_layout_without_freetrail.xml (OK - compressed)
41302974 res/layout-sw720dp-land-v13/activity_stream_format.xml (OK - compressed)
41304913 res/layout-sw720dp-land-v13/progress_dialog.xml (OK - compressed)
41305345 res/layout-sw720dp-land-v13/activity_series_detail_m3u.xml (OK - compressed)
41308307 res/layout-sw720dp-land-v13/activity_view_cast_details.xml (OK - compressed)
41310689 res/layout-sw720dp-land-v13/nst_exo_player_vod.xml (OK - compressed)
41312202 res/layout-sw720dp-land-v13/custom_dashboard_unlock_features.xml (OK - compressed)
41313204 res/layout-sw720dp-land-v13/live_streams_epg_layout.xml (OK - compressed)
41314177 res/layout-sw720dp-land-v13/nst_exo_player_sky.xml (OK - compressed)
41317640 res/layout-sw720dp-land-v13/layout_live_new_flow_list_item.xml (OK - compressed)
41318675 res/layout-sw720dp-land-v13/activity_player_settings.xml (OK - compressed)
41320992 res/layout-sw720dp-land-v13/live_all_data_right_adapter_search.xml (OK - compressed)
41322216 res/layout-sw720dp-land-v13/select_dialog_item_folder_load_data_locally2.xml (OK - compressed)
41323040 res/layout-sw720dp-land-v13/honey_player_testing.xml (OK - compressed)
41327321 res/layout-sw720dp-land-v13/activity_search_lower_sdk.xml (OK - compressed)
41329390 res/layout-sw720dp-land-v13/activity_vlcplayer_sky_tv.xml (OK - compressed)
41332783 res/layout-sw720dp-land-v13/person_loading_view.xml (OK - compressed)
41333126 res/layout-sw720dp-land-v13/lb_search_fragment.xml (OK - compressed)
41333524 res/layout-sw720dp-land-v13/activity_app_in_purchase.xml (OK - compressed)
41337334 res/layout-sw720dp-land-v13/fragment_new_epg_exo.xml (OK - compressed)
41339262 res/layout-sw720dp-land-v13/inbuilt_player_float_box.xml (OK - compressed)
41339560 res/layout-sw720dp-land-v13/activity_login_m3u.xml (OK - compressed)
41341696 res/layout-sw720dp-land-v13/screen_selector_popup.xml (OK - compressed)
41342539 res/layout-sw720dp-land-v13/custom_vpn_profile_layout.xml (OK - compressed)
41343673 res/layout-sw720dp-land-v13/nst_vlc_player_archive.xml (OK - compressed)
41347841 res/layout-sw720dp-land-v13/ad_unified_fb.xml (OK - compressed)
41349068 res/layout-sw720dp-land-v13/activity_terminated_service.xml (OK - compressed)
41349940 res/layout-sw720dp-land-v13/nst_multi_player_2.xml (OK - compressed)
41354594 res/layout-sw720dp-land-v13/activity_vlcplayer_multiplayer.xml (OK - compressed)
41355911 res/layout-sw720dp-land-v13/player_live_all_data_left_cat_adapter.xml (OK - compressed)
41356637 res/layout-sw720dp-land-v13/recording_list.xml (OK - compressed)
41357935 res/layout-sw720dp-land-v13/honey_player_epg.xml (OK - compressed)
41362621 res/layout-sw720dp-land-v13/activity_epg_categories_new_flow.xml (OK - compressed)
41364325 res/layout-sw720dp-land-v13/edit_epg_source_layout.xml (OK - compressed)
41366000 res/layout-sw720dp-land-v13/nst_vlc_player_vod_for_device_data.xml (OK - compressed)
41370765 res/layout-sw720dp-land-v13/activity_vlcplayer_multiplayer1.xml (OK - compressed)
41372171 res/layout-sw720dp-land-v13/activity_exoplayer_sky.xml (OK - compressed)
41375585 res/layout-sw720dp-land-v13/demo_pop_up.xml (OK - compressed)
41376984 res/layout-sw720dp-land-v13/activity_automation.xml (OK - compressed)
41379124 res/layout-sw720dp-land-v13/activity_speed_test.xml (OK - compressed)
41380570 res/layout-sw720dp-land-v13/channel_list.xml (OK - compressed)
41381918 res/layout-sw720dp-land-v13/activity_series_activty_new_flow.xml (OK - compressed)
41383468 res/layout-sw720dp-land-v13/season_selector_popup.xml (OK - compressed)
41384552 res/layout-sw720dp-land-v13/activity_my_invoice.xml (OK - compressed)
41386635 res/layout-sw720dp-land-v13/activity_multi_user.xml (OK - compressed)
41388559 res/layout-sw720dp-land-v13/ticket_message_custom_layout.xml (OK - compressed)
41389606 res/layout-sw720dp-land-v13/nst_multi_player_4.xml (OK - compressed)
41394245 res/layout-sw720dp-land-v13/activity_new_epg.xml (OK - compressed)
41396119 res/layout-sw720dp-land-v13/activity_refounded.xml (OK - compressed)
41397341 res/layout-sw720dp-land-v13/activity_vlcplayer_multiplayer3.xml (OK - compressed)
41398804 res/layout-sw720dp-land-v13/right_side_programs_search_adapter.xml (OK - compressed)
41399789 res/layout-sw720dp-land-v13/nst_player_activity.xml (OK - compressed)
41400818 res/layout-sw720dp-land-v13/download_running_popup.xml (OK - compressed)
41402055 res/layout-sw720dp-land-v13/activity_general_settings.xml (OK - compressed)
41404770 res/layout-sw720dp-land-v13/activity_announcements.xml (OK - compressed)
41406024 res/layout-sw720dp-land-v13/activity_vlcplayer_multiplayer5.xml (OK - compressed)
41407341 res/layout-sw720dp-land-v13/activity_routing.xml (OK - compressed)
41409271 res/layout-sw720dp-land-v13/vpn_disconnect_layout.xml (OK - compressed)
41410250 res/layout-sw720dp-land-v13/activity_free_trail.xml (OK - compressed)
41411152 res/layout-sw720dp-land-v13/custom_dashboard_not_downloaded_layout.xml (OK - compressed)
41412148 res/layout-sw720dp-land-v13/activity_vlcplayer_sky.xml (OK - compressed)
41415849 res/layout-sw720dp-land-v13/series_all_data_right_adapter_con_wat.xml (OK - compressed)
41417480 res/layout-sw720dp-land-v13/paid_list_layout.xml (OK - compressed)
41419013 res/layout-sw720dp-land-v13/activity_live_layout.xml (OK - compressed)
41420321 res/layout-sw720dp-land-v13/activity_tv_archive_new_flow_layout.xml (OK - compressed)
41422037 res/layout-sw720dp-land-v13/activity_vlcplayer_multiplayer2.xml (OK - compressed)
41423459 res/layout-sw720dp-land-v13/activity_vpnlogin.xml (OK - compressed)
41425332 res/layout-sw720dp-land-v13/layout_channels_on_video.xml (OK - compressed)
41426640 res/layout-sw720dp-land-v13/activity_active_service.xml (OK - compressed)
41427522 res/layout-sw720dp-land-v13/activity_tv_archive_new_flow.xml (OK - compressed)
41429260 res/layout-sw720dp-land-v13/subtitle_popup_layout.xml (OK - compressed)
41430208 res/layout-sw720dp-land-v13/layout_resume_player.xml (OK - compressed)
41431586 res/layout-sw720dp-land-v13/activity_front_view.xml (OK - compressed)
41432758 res/layout-sw720dp-land-v13/layout_vod_new_flow_list_item.xml (OK - compressed)
41433788 res/layout-sw720dp-land-v13/activity_terms_condition_page.xml (OK - compressed)
41435076 res/layout-sw720dp-land-v13/activity_vlcplayer_multiplayer4.xml (OK - compressed)
41436479 res/layout-sw720dp-land-v13/inbuiltsmartersplayer_activity.xml (OK - compressed)
41436899 res/layout-sw720dp-land-v13/activity_showservice_information.xml (OK - compressed)
41438654 res/layout-sw720dp-land-v13/queue_activity.xml (OK - compressed)
41439304 res/layout-sw720dp-land-v13/appbar_common.xml (OK - compressed)
41440086 res/layout-sw720dp-land-v13/view_password_prompt.xml (OK - compressed)
41441574 res/layout-sw720dp-land-v13/activity_sub_archive.xml (OK - compressed)
41443440 res/layout-sw720dp-land-v13/edit_user_detail_confirmation_alert.xml (OK - compressed)
41444819 res/layout-sw720dp-land-v13/activity_time_format.xml (OK - compressed)
41446728 res/layout-sw720dp-land-v13/fragment_parental_control_setting.xml (OK - compressed)
41448286 res/layout-sw720dp-land-v13/all_services_adapter_custom_list_layout.xml (OK - compressed)
41449365 res/layout-sw720dp-land-v13/layout_announcements.xml (OK - compressed)
41450556 res/layout-sw720dp-land-v13/dissconnect_vpn_alert.xml (OK - compressed)
41451781 res/layout-sw720dp-land-v13/activity_vpn_conntected.xml (OK - compressed)
41453704 res/layout-sw720dp-land-v13/activity_paid_invoice2.xml (OK - compressed)
41454953 res/layout-sw720dp-land-v13/new_dashboard_layout_without_freetrail_xc106.xml (OK - compressed)
41457942 res/layout-sw720dp-land-v13/live_streams_grid_layout.xml (OK - compressed)
41459405 res/layout-sw720dp-land-v13/fragment_vod_subcategories.xml (OK - compressed)
41460346 res/layout-sw720dp-land-v13/activity_multi_setting_new.xml (OK - compressed)
41461573 res/layout-sw720dp-land-v13/delete_recording_popup.xml (OK - compressed)
41462822 res/layout-sw720dp-land-v13/custom_internet_not_working_layout.xml (OK - compressed)
41463856 res/layout-sw720dp-land-v13/custom_externalplayer_layout.xml (OK - compressed)
41464501 res/layout-sw720dp-land-v13/activity_settings_m3u.xml (OK - compressed)
41467699 res/layout-sw720dp-land-v13/launchvpn.xml (OK - compressed)
41468767 res/layout-sw720dp-land-v13/fragment_vod_streams.xml (OK - compressed)
41469527 res/layout-sw720dp-land-v13/activity_series_all_data_single.xml (OK - compressed)
41471760 res/layout-sw720dp-land-v13/activity_import_m3u.xml (OK - compressed)
41473156 res/layout-sw720dp-land-v13/ad_unified.xml (OK - compressed)
41474840 res/layout-sw720dp-land-v13/hp_subtitle_layout.xml (OK - compressed)
41476179 res/layout-sw720dp-land-v13/activity_splash.xml (OK - compressed)
41477213 res/layout-sw720dp-land-v13/edit_user_prompt.xml (OK - compressed)
41478607 res/layout-sw720dp-land-v13/fragment_recycler_list_view.xml (OK - compressed)
41478984 res/layout-sw720dp-land-v13/fragment_parental_cotrol.xml (OK - compressed)
41480228 res/layout-sw720dp-land-v13/layout_cast_details.xml (OK - compressed)
41481516 res/layout-sw720dp-land-v13/activity_import_vpn.xml (OK - compressed)
41483652 res/layout-sw720dp-land-v13/activity_my_favourite.xml (OK - compressed)
41485423 res/layout-sw720dp-land-v13/activity_routing_p.xml (OK - compressed)
41487246 res/layout-sw720dp-land-v13/replay_alertbox.xml (OK - compressed)
41488406 res/layout-sw720dp-land-v13/player_live_all_data_left_cat_adapter_player.xml (OK - compressed)
41489142 res/layout-sw720dp-land-v13/layout_authenticate_vpn.xml (OK - compressed)
41490691 res/layout-sw720dp-land-v13/live_all_data_channels_search_adapter.xml (OK - compressed)
41491890 res/layout-sw720dp-land-v13/list_devices_adapter.xml (OK - compressed)
41492705 res/layout-sw720dp-land-v13/activity_unpiad_invoice.xml (OK - compressed)
41493918 res/layout-sw720dp-land-v13/rate_us_alert_box.xml (OK - compressed)
41495146 res/layout-sw720dp-land-v13/nst_player_sky.xml (OK - compressed)
41499236 res/layout-sw720dp-land-v13/custom_forgot_password.xml (OK - compressed)
41500284 res/layout-sw720dp-land-v13/activity_tvarchive.xml (OK - compressed)
41501410 res/layout-sw720dp-land-v13/activity_my_ticket.xml (OK - compressed)
41502681 res/layout-sw720dp-land-v13/epg_sources_layout.xml (OK - compressed)
41504061 res/layout-sw720dp-land-v13/activity_rate_us.xml (OK - compressed)
41505563 res/layout-sw720dp-land-v13/activity_check_appupdate.xml (OK - compressed)
41507132 res/layout-sw720dp-land-v13/add_epg_source_layout.xml (OK - compressed)
41508304 res/layout-sw720dp-land-v13/nst_vlc_player.xml (OK - compressed)
41512929 res/layout-sw720dp-land-v13/activity_vod_new_flow.xml (OK - compressed)
41514766 res/layout-sw720dp-land-v13/usernam_password_worng_alert.xml (OK - compressed)
41516054 res/layout-sw720dp-land-v13/login_new.xml (OK - compressed)
41518017 res/layout-sw720dp-land-v13/fragment_search_field.xml (OK - compressed)
41518709 res/layout-sw720dp-land-v13/layout_multiuser_list_item.xml (OK - compressed)
41520245 res/layout-sw720dp-land-v13/layout_list_player.xml (OK - compressed)
41520753 res/layout-sw720dp-land-v13/series_all_data_left_adapter.xml (OK - compressed)
41521483 res/layout-sw720dp-land-v13/cast_grid_layout.xml (OK - compressed)
41522289 res/layout-sw720dp-land-v13/recording_popup.xml (OK - compressed)
41523786 res/layout-sw720dp-land-v13/activity_announcement_alert.xml (OK - compressed)
41524899 res/layout-sw720dp-land-v13/live_all_data_right_adapter.xml (OK - compressed)
41526099 res/layout-sw720dp-land-v13/live_sorting_layout.xml (OK - compressed)
41527389 res/layout-sw720dp-land-v13/activity_buy_now.xml (OK - compressed)
41527862 res/layout-sw720dp-land-v13/nst_player.xml (OK - compressed)
41531932 res/layout-sw720dp-land-v13/activity_series_detail.xml (OK - compressed)
41535403 res/layout-sw720dp-land-v13/ticket_list.xml (OK - compressed)
41536539 res/layout-sw720dp-land-v13/select_dialog_item_folder_load_data_locally.xml (OK - compressed)
41537359 res/layout-sw720dp-land-v13/honey_player_live.xml (OK - compressed)
41542162 res/layout-sw720dp-land-v13/layout_subcateories_cihild_list_item.xml (OK - compressed)
41543326 res/layout-sw720dp-land-v13/vod_linear_layout.xml (OK - compressed)
41544520 res/layout-sw720dp-land-v13/epg_m3u_popup.xml (OK - compressed)
41546165 res/layout-sw720dp-land-v13/activity_series_activit_new_flow_sub_cat.xml (OK - compressed)
41547588 res/layout-sw720dp-land-v13/custom_browser_not_supported.xml (OK - compressed)
41548679 res/layout-sw720dp-land-v13/activity_account_info.xml (OK - compressed)
41550750 res/layout-sw720dp-land-v13/sort_layout.xml (OK - compressed)
41551986 res/layout-sw720dp-land-v13/activity_invoice_paid_detail.xml (OK - compressed)
41552592 res/layout-sw720dp-land-v13/subtitle_layout.xml (OK - compressed)
41554427 res/layout-sw720dp-land-v13/activity_services_dashboard.xml (OK - compressed)
41557058 res/layout-sw720dp-land-v13/layout_progress_bar.xml (OK - compressed)
41557614 res/layout-sw720dp-land-v13/activity_cancelled_serivce.xml (OK - compressed)
41558492 res/layout-sw720dp-land-v13/activity_added_external_player.xml (OK - compressed)
41559894 res/layout-sw720dp-land-v13/activity_recording.xml (OK - compressed)
41561511 res/layout-sw720dp-land-v13/view_movie.xml (OK - compressed)
41562241 res/layout-sw720dp-land-v13/honey_player_live_tv.xml (OK - compressed)
41566975 res/layout-sw720dp-land-v13/view_password_verification.xml (OK - compressed)
41568444 res/layout-sw720dp-land-v13/activity_episode_detail.xml (OK - compressed)
41569930 res/layout-sw720dp-land-v13/new_dashboard_layout.xml (OK - compressed)
41573894 res/layout-sw720dp-land-v13/layout_multiuser_list_item_p.xml (OK - compressed)
41575434 res/layout-sw720dp-land-v13/auto_play_popup_layout.xml (OK - compressed)
41576677 res/layout-sw720dp-land-v13/activity_epgchannel_update.xml (OK - compressed)
41578619 res/layout-sw720dp-land-v13/player_live_all_data_left_channel_adapter.xml (OK - compressed)
41579876 res/layout-sw720dp-land-v13/activity_pending_service.xml (OK - compressed)
41580753 res/layout-sw720dp-land-v13/seasons_button_layout.xml (OK - compressed)
41581325 res/layout-sw720dp-land-v13/nst_vlc_player_vod.xml (OK - compressed)
41586066 res/layout-sw720dp-land-v13/activity_screen_type_settings.xml (OK - compressed)
41588058 res/layout-sw720dp-land-v13/nst_player_vod.xml (OK - compressed)
41591686 res/layout-sw720dp-land-v13/start_download_dialog.xml (OK - compressed)
41591995 res/layout-sw720dp-land-v13/custom_screen_size_popup_layout.xml (OK - compressed)
41593350 res/layout-sw720dp-land-v13/live_streams_linear_layout.xml (OK - compressed)
41594850 res/layout-sw720dp-land-v13/activity_series_layout.xml (OK - compressed)
41596212 res/layout-sw720dp-land-v13/queue_row.xml (OK - compressed)
41597422 res/layout-sw720dp-land-v13/activity_fraud_service.xml (OK - compressed)
41598287 res/layout-sw720dp-land-v13/activity_player_selection.xml (OK - compressed)
41600706 res/layout-sw720dp-land-v13/custom_list_devices_layout.xml (OK - compressed)
41601677 res/layout-sw720dp-land-v13/activity_search.xml (OK - compressed)
41603658 res/layout-sw720dp-land-v13/activity_open_ticket.xml (OK - compressed)
41605409 res/layout-sw720dp-land-v13/layout_movies_on_video.xml (OK - compressed)
41606706 res/layout-sw720dp-land-v13/epg_edit_m3u_popup.xml (OK - compressed)
41608329 res/layout-sw720dp-land-v13/custom_alert_layout.xml (OK - compressed)
41609330 res/layout-sw720dp-land-v13/nst_vlc_player_epg.xml (OK - compressed)
41613926 res/layout-sw720dp-land-v13/edit_m3u_user_prompt.xml (OK - compressed)
41615855 res/layout-sw720dp-land-v13/activity_vod_layout.xml (OK - compressed)
41617429 res/layout-sw720dp-land-v13/activity_epgtime_shift.xml (OK - compressed)
41619431 res/layout-sw720dp-land-v13/activity_live_new_flow.xml (OK - compressed)
41621160 res/layout-sw720dp-land-v13/activity_vlcplayer_epg.xml (OK - compressed)
41625731 res/layout-sw720dp-land-v13/activity_epg_settings.xml (OK - compressed)
41628592 res/layout-sw720dp-land-v13/activity_my_serivces_activiy.xml (OK - compressed)
41631108 res/layout-sw720dp-land-v13/layout_movie_trailer.xml (OK - compressed)
41632399 res/layout-sw720dp-land-v13/activity_suspended_service.xml (OK - compressed)
41633267 res/layout-sw720dp-land-v13/nst_multi_player_3.xml (OK - compressed)
41637911 res/layout-sw720dp-land-v13/permission_alertbox.xml (OK - compressed)
41639154 res/layout-sw720dp-land-v13/activity_external_player.xml (OK - compressed)
41640331 res/transition-v21/lb_browse_entrance_transition.xml (OK - compressed)
41640691 res/transition-v21/lb_browse_headers_out.xml (OK - compressed)
41641178 res/transition-v21/lb_enter_transition.xml (OK - compressed)
41641522 res/transition-v21/lb_shared_element_enter_transition.xml (OK - compressed)
41641920 res/transition-v21/lb_browse_return_transition.xml (OK - compressed)
41642421 res/transition-v21/lb_details_enter_transition.xml (OK - compressed)
41643022 res/transition-v21/lb_return_transition.xml (OK - compressed)
41643366 res/transition-v21/lb_vertical_grid_return_transition.xml (OK - compressed)
41643806 res/transition-v21/lb_browse_enter_transition.xml (OK - compressed)
41644116 res/transition-v21/lb_details_return_transition.xml (OK - compressed)
41644729 res/transition-v21/lb_vertical_grid_entrance_transition.xml (OK - compressed)
41645053 res/transition-v21/lb_browse_headers_in.xml (OK - compressed)
41645551 res/transition-v21/lb_guidedstep_activity_enter.xml (OK - compressed)
41646132 res/transition-v21/lb_guidedstep_activity_enter_bottom.xml (OK - compressed)
41646527 res/transition-v21/lb_shared_element_return_transition.xml (OK - compressed)
41646896 res/transition-v21/lb_title_out.xml (OK - compressed)
41647314 res/transition-v21/lb_title_in.xml (OK - compressed)
41647754 res/transition-v21/lb_vertical_grid_enter_transition.xml (OK - compressed)
41648056 res/layout-sw720dp-v13/activity_profile.xml (OK - compressed)
41649568 res/layout-sw720dp-v13/activity_view_details.xml (OK - compressed)
41652811 res/layout-sw720dp-v13/nst_multi_player_1.xml (OK - compressed)
41657453 res/layout-sw720dp-v13/activity_seasons_activitiy.xml (OK - compressed)
41658985 res/layout-sw720dp-v13/fragment_live_streams.xml (OK - compressed)
41659876 res/layout-sw720dp-v13/playera_add_alert_box.xml (OK - compressed)
41661088 res/layout-sw720dp-v13/activity_import_epg_new.xml (OK - compressed)
41662650 res/layout-sw720dp-v13/activity_parental_control_activitity.xml (OK - compressed)
41664031 res/layout-sw720dp-v13/series_all_data_right_adapter.xml (OK - compressed)
41665386 res/layout-sw720dp-v13/activity_settings.xml (OK - compressed)
41668570 res/layout-sw720dp-v13/episode_grid_layout.xml (OK - compressed)
41670702 res/layout-sw720dp-v13/activity_cancel_invoice.xml (OK - compressed)
41671934 res/layout-sw720dp-v13/activity_vod_new_flow_subcategories.xml (OK - compressed)
41673418 res/layout-sw720dp-v13/vod_grid_layout.xml (OK - compressed)
41674633 res/layout-sw720dp-v13/activity_view_ticket.xml (OK - compressed)
41676017 res/layout-sw720dp-v13/directory_listview.xml (OK - compressed)
41676631 res/layout-sw720dp-v13/activity_view_details_m3u.xml (OK - compressed)
41679660 res/layout-sw720dp-v13/fragment_new_epg_streams.xml (OK - compressed)
41681512 res/layout-sw720dp-v13/nst_player_epg.xml (OK - compressed)
41684888 res/layout-sw720dp-v13/custom_permission_layout.xml (OK - compressed)
41685884 res/layout-sw720dp-v13/single_stream_pop_up_window.xml (OK - compressed)
41686950 res/layout-sw720dp-v13/layout_genre_details.xml (OK - compressed)
41688227 res/layout-sw720dp-v13/categories_popup.xml (OK - compressed)
41689818 res/layout-sw720dp-v13/nst_player_archive.xml (OK - compressed)
41692367 res/layout-sw720dp-v13/new_dashboard_layout_without_freetrail.xml (OK - compressed)
41696713 res/layout-sw720dp-v13/activity_stream_format.xml (OK - compressed)
41698647 res/layout-sw720dp-v13/progress_dialog.xml (OK - compressed)
41699074 res/layout-sw720dp-v13/activity_series_detail_m3u.xml (OK - compressed)
41702031 res/layout-sw720dp-v13/activity_view_cast_details.xml (OK - compressed)
41704408 res/layout-sw720dp-v13/nst_exo_player_vod.xml (OK - compressed)
41705916 res/layout-sw720dp-v13/custom_dashboard_unlock_features.xml (OK - compressed)
41706913 res/layout-sw720dp-v13/live_streams_epg_layout.xml (OK - compressed)
41707881 res/layout-sw720dp-v13/nst_exo_player_sky.xml (OK - compressed)
41711339 res/layout-sw720dp-v13/layout_live_new_flow_list_item.xml (OK - compressed)
41712369 res/layout-sw720dp-v13/activity_player_settings.xml (OK - compressed)
41714681 res/layout-sw720dp-v13/live_all_data_right_adapter_search.xml (OK - compressed)
41715900 res/layout-sw720dp-v13/select_dialog_item_folder_load_data_locally2.xml (OK - compressed)
41716719 res/layout-sw720dp-v13/honey_player_testing.xml (OK - compressed)
41720995 res/layout-sw720dp-v13/activity_search_lower_sdk.xml (OK - compressed)
41723059 res/layout-sw720dp-v13/activity_vlcplayer_sky_tv.xml (OK - compressed)
41726447 res/layout-sw720dp-v13/person_loading_view.xml (OK - compressed)
41726785 res/layout-sw720dp-v13/lb_search_fragment.xml (OK - compressed)
41727178 res/layout-sw720dp-v13/activity_app_in_purchase.xml (OK - compressed)
41730983 res/layout-sw720dp-v13/fragment_new_epg_exo.xml (OK - compressed)
41732906 res/layout-sw720dp-v13/inbuilt_player_float_box.xml (OK - compressed)
41733199 res/layout-sw720dp-v13/activity_login_m3u.xml (OK - compressed)
41735330 res/layout-sw720dp-v13/screen_selector_popup.xml (OK - compressed)
41736168 res/layout-sw720dp-v13/custom_vpn_profile_layout.xml (OK - compressed)
41737297 res/layout-sw720dp-v13/nst_vlc_player_archive.xml (OK - compressed)
41741460 res/layout-sw720dp-v13/ad_unified_fb.xml (OK - compressed)
41742682 res/layout-sw720dp-v13/activity_terminated_service.xml (OK - compressed)
41743549 res/layout-sw720dp-v13/nst_multi_player_2.xml (OK - compressed)
41748198 res/layout-sw720dp-v13/activity_vlcplayer_multiplayer.xml (OK - compressed)
41749510 res/layout-sw720dp-v13/player_live_all_data_left_cat_adapter.xml (OK - compressed)
41750231 res/layout-sw720dp-v13/recording_list.xml (OK - compressed)
41751524 res/layout-sw720dp-v13/honey_player_epg.xml (OK - compressed)
41756205 res/layout-sw720dp-v13/activity_epg_categories_new_flow.xml (OK - compressed)
41757904 res/layout-sw720dp-v13/edit_epg_source_layout.xml (OK - compressed)
41759574 res/layout-sw720dp-v13/nst_vlc_player_vod_for_device_data.xml (OK - compressed)
41764334 res/layout-sw720dp-v13/activity_vlcplayer_multiplayer1.xml (OK - compressed)
41765735 res/layout-sw720dp-v13/activity_exoplayer_sky.xml (OK - compressed)
41769144 res/layout-sw720dp-v13/demo_pop_up.xml (OK - compressed)
41770538 res/layout-sw720dp-v13/activity_automation.xml (OK - compressed)
41772673 res/layout-sw720dp-v13/activity_speed_test.xml (OK - compressed)
41774114 res/layout-sw720dp-v13/channel_list.xml (OK - compressed)
41775457 res/layout-sw720dp-v13/activity_series_activty_new_flow.xml (OK - compressed)
41777002 res/layout-sw720dp-v13/season_selector_popup.xml (OK - compressed)
41778081 res/layout-sw720dp-v13/activity_my_invoice.xml (OK - compressed)
41780159 res/layout-sw720dp-v13/activity_multi_user.xml (OK - compressed)
41782078 res/layout-sw720dp-v13/ticket_message_custom_layout.xml (OK - compressed)
41783120 res/layout-sw720dp-v13/nst_multi_player_4.xml (OK - compressed)
41787754 res/layout-sw720dp-v13/activity_new_epg.xml (OK - compressed)
41789620 res/layout-sw720dp-v13/activity_refounded.xml (OK - compressed)
41790837 res/layout-sw720dp-v13/activity_vlcplayer_multiplayer3.xml (OK - compressed)
41792295 res/layout-sw720dp-v13/right_side_programs_search_adapter.xml (OK - compressed)
41793275 res/layout-sw720dp-v13/nst_player_activity.xml (OK - compressed)
41794299 res/layout-sw720dp-v13/download_running_popup.xml (OK - compressed)
41795531 res/layout-sw720dp-v13/activity_general_settings.xml (OK - compressed)
41798241 res/layout-sw720dp-v13/activity_announcements.xml (OK - compressed)
41799490 res/layout-sw720dp-v13/activity_vlcplayer_multiplayer5.xml (OK - compressed)
41800802 res/layout-sw720dp-v13/activity_routing.xml (OK - compressed)
41802727 res/layout-sw720dp-v13/vpn_disconnect_layout.xml (OK - compressed)
41803701 res/layout-sw720dp-v13/activity_free_trail.xml (OK - compressed)
41804598 res/layout-sw720dp-v13/custom_dashboard_not_downloaded_layout.xml (OK - compressed)
41805589 res/layout-sw720dp-v13/activity_vlcplayer_sky.xml (OK - compressed)
41809285 res/layout-sw720dp-v13/series_all_data_right_adapter_con_wat.xml (OK - compressed)
41810911 res/layout-sw720dp-v13/paid_list_layout.xml (OK - compressed)
41812439 res/layout-sw720dp-v13/activity_live_layout.xml (OK - compressed)
41813742 res/layout-sw720dp-v13/activity_tv_archive_new_flow_layout.xml (OK - compressed)
41815453 res/layout-sw720dp-v13/activity_vlcplayer_multiplayer2.xml (OK - compressed)
41816870 res/layout-sw720dp-v13/activity_vpnlogin.xml (OK - compressed)
41818738 res/layout-sw720dp-v13/layout_channels_on_video.xml (OK - compressed)
41820041 res/layout-sw720dp-v13/activity_active_service.xml (OK - compressed)
41820918 res/layout-sw720dp-v13/activity_tv_archive_new_flow.xml (OK - compressed)
41822651 res/layout-sw720dp-v13/subtitle_popup_layout.xml (OK - compressed)
41823594 res/layout-sw720dp-v13/layout_resume_player.xml (OK - compressed)
41824967 res/layout-sw720dp-v13/activity_front_view.xml (OK - compressed)
41826134 res/layout-sw720dp-v13/layout_vod_new_flow_list_item.xml (OK - compressed)
41827159 res/layout-sw720dp-v13/activity_terms_condition_page.xml (OK - compressed)
41828442 res/layout-sw720dp-v13/activity_vlcplayer_multiplayer4.xml (OK - compressed)
41829840 res/layout-sw720dp-v13/inbuiltsmartersplayer_activity.xml (OK - compressed)
41830255 res/layout-sw720dp-v13/activity_showservice_information.xml (OK - compressed)
41832005 res/layout-sw720dp-v13/queue_activity.xml (OK - compressed)
41832650 res/layout-sw720dp-v13/appbar_common.xml (OK - compressed)
41833427 res/layout-sw720dp-v13/view_password_prompt.xml (OK - compressed)
41834910 res/layout-sw720dp-v13/activity_sub_archive.xml (OK - compressed)
41836771 res/layout-sw720dp-v13/edit_user_detail_confirmation_alert.xml (OK - compressed)
41838145 res/layout-sw720dp-v13/activity_time_format.xml (OK - compressed)
41840049 res/layout-sw720dp-v13/fragment_parental_control_setting.xml (OK - compressed)
41841602 res/layout-sw720dp-v13/all_services_adapter_custom_list_layout.xml (OK - compressed)
41842676 res/layout-sw720dp-v13/layout_announcements.xml (OK - compressed)
41843862 res/layout-sw720dp-v13/dissconnect_vpn_alert.xml (OK - compressed)
41845082 res/layout-sw720dp-v13/activity_vpn_conntected.xml (OK - compressed)
41847000 res/layout-sw720dp-v13/activity_paid_invoice2.xml (OK - compressed)
41848244 res/layout-sw720dp-v13/new_dashboard_layout_without_freetrail_xc106.xml (OK - compressed)
41851228 res/layout-sw720dp-v13/live_streams_grid_layout.xml (OK - compressed)
41852686 res/layout-sw720dp-v13/fragment_vod_subcategories.xml (OK - compressed)
41853622 res/layout-sw720dp-v13/activity_multi_setting_new.xml (OK - compressed)
41854844 res/layout-sw720dp-v13/delete_recording_popup.xml (OK - compressed)
41856088 res/layout-sw720dp-v13/custom_internet_not_working_layout.xml (OK - compressed)
41857117 res/layout-sw720dp-v13/custom_externalplayer_layout.xml (OK - compressed)
41857757 res/layout-sw720dp-v13/activity_settings_m3u.xml (OK - compressed)
41860950 res/layout-sw720dp-v13/launchvpn.xml (OK - compressed)
41862013 res/layout-sw720dp-v13/fragment_vod_streams.xml (OK - compressed)
41862750 res/layout-sw720dp-v13/activity_quit.xml (OK - compressed)
41863876 res/layout-sw720dp-v13/activity_series_all_data_single.xml (OK - compressed)
41866104 res/layout-sw720dp-v13/activity_import_m3u.xml (OK - compressed)
41867495 res/layout-sw720dp-v13/ad_unified.xml (OK - compressed)
41869174 res/layout-sw720dp-v13/hp_subtitle_layout.xml (OK - compressed)
41870508 res/layout-sw720dp-v13/activity_splash.xml (OK - compressed)
41871537 res/layout-sw720dp-v13/edit_user_prompt.xml (OK - compressed)
41872926 res/layout-sw720dp-v13/fragment_recycler_list_view.xml (OK - compressed)
41873298 res/layout-sw720dp-v13/fragment_parental_cotrol.xml (OK - compressed)
41874537 res/layout-sw720dp-v13/layout_cast_details.xml (OK - compressed)
41875820 res/layout-sw720dp-v13/activity_import_vpn.xml (OK - compressed)
41877951 res/layout-sw720dp-v13/activity_my_favourite.xml (OK - compressed)
41879717 res/layout-sw720dp-v13/activity_routing_p.xml (OK - compressed)
41881535 res/layout-sw720dp-v13/replay_alertbox.xml (OK - compressed)
41882690 res/layout-sw720dp-v13/player_live_all_data_left_cat_adapter_player.xml (OK - compressed)
41883421 res/layout-sw720dp-v13/layout_authenticate_vpn.xml (OK - compressed)
41884965 res/layout-sw720dp-v13/live_all_data_channels_search_adapter.xml (OK - compressed)
41886159 res/layout-sw720dp-v13/list_devices_adapter.xml (OK - compressed)
41886969 res/layout-sw720dp-v13/activity_unpiad_invoice.xml (OK - compressed)
41888177 res/layout-sw720dp-v13/rate_us_alert_box.xml (OK - compressed)
41889400 res/layout-sw720dp-v13/nst_player_sky.xml (OK - compressed)
41893485 res/layout-sw720dp-v13/custom_forgot_password.xml (OK - compressed)
41894528 res/layout-sw720dp-v13/activity_tvarchive.xml (OK - compressed)
41895649 res/layout-sw720dp-v13/activity_my_ticket.xml (OK - compressed)
41896915 res/layout-sw720dp-v13/epg_sources_layout.xml (OK - compressed)
41898290 res/layout-sw720dp-v13/activity_rate_us.xml (OK - compressed)
41899787 res/layout-sw720dp-v13/activity_check_appupdate.xml (OK - compressed)
41901351 res/layout-sw720dp-v13/add_epg_source_layout.xml (OK - compressed)
41902518 res/layout-sw720dp-v13/nst_vlc_player.xml (OK - compressed)
41907138 res/layout-sw720dp-v13/activity_vod_new_flow.xml (OK - compressed)
41908970 res/layout-sw720dp-v13/usernam_password_worng_alert.xml (OK - compressed)
41910253 res/layout-sw720dp-v13/login_new.xml (OK - compressed)
41912211 res/layout-sw720dp-v13/fragment_search_field.xml (OK - compressed)
41912898 res/layout-sw720dp-v13/layout_multiuser_list_item.xml (OK - compressed)
41914429 res/layout-sw720dp-v13/layout_list_player.xml (OK - compressed)
41914932 res/layout-sw720dp-v13/series_all_data_left_adapter.xml (OK - compressed)
41915657 res/layout-sw720dp-v13/cast_grid_layout.xml (OK - compressed)
41916458 res/layout-sw720dp-v13/recording_popup.xml (OK - compressed)
41917950 res/layout-sw720dp-v13/activity_announcement_alert.xml (OK - compressed)
41919058 res/layout-sw720dp-v13/live_all_data_right_adapter.xml (OK - compressed)
41920253 res/layout-sw720dp-v13/live_sorting_layout.xml (OK - compressed)
41921538 res/layout-sw720dp-v13/activity_buy_now.xml (OK - compressed)
41922006 res/layout-sw720dp-v13/nst_player.xml (OK - compressed)
41926071 res/layout-sw720dp-v13/activity_series_detail.xml (OK - compressed)
41929537 res/layout-sw720dp-v13/ticket_list.xml (OK - compressed)
41930668 res/layout-sw720dp-v13/select_dialog_item_folder_load_data_locally.xml (OK - compressed)
41931483 res/layout-sw720dp-v13/honey_player_live.xml (OK - compressed)
41936281 res/layout-sw720dp-v13/layout_subcateories_cihild_list_item.xml (OK - compressed)
41937440 res/layout-sw720dp-v13/vod_linear_layout.xml (OK - compressed)
41938629 res/layout-sw720dp-v13/epg_m3u_popup.xml (OK - compressed)
41940269 res/layout-sw720dp-v13/activity_series_activit_new_flow_sub_cat.xml (OK - compressed)
41941687 res/layout-sw720dp-v13/custom_browser_not_supported.xml (OK - compressed)
41942773 res/layout-sw720dp-v13/activity_account_info.xml (OK - compressed)
41944839 res/layout-sw720dp-v13/sort_layout.xml (OK - compressed)
41946070 res/layout-sw720dp-v13/activity_invoice_paid_detail.xml (OK - compressed)
41946671 res/layout-sw720dp-v13/subtitle_layout.xml (OK - compressed)
41948501 res/layout-sw720dp-v13/activity_services_dashboard.xml (OK - compressed)
41951127 res/layout-sw720dp-v13/layout_progress_bar.xml (OK - compressed)
41951678 res/layout-sw720dp-v13/activity_cancelled_serivce.xml (OK - compressed)
41952551 res/layout-sw720dp-v13/activity_added_external_player.xml (OK - compressed)
41953948 res/layout-sw720dp-v13/activity_recording.xml (OK - compressed)
41955560 res/layout-sw720dp-v13/view_movie.xml (OK - compressed)
41956285 res/layout-sw720dp-v13/honey_player_live_tv.xml (OK - compressed)
41961014 res/layout-sw720dp-v13/view_password_verification.xml (OK - compressed)
41962478 res/layout-sw720dp-v13/activity_episode_detail.xml (OK - compressed)
41963959 res/layout-sw720dp-v13/new_dashboard_layout.xml (OK - compressed)
41967918 res/layout-sw720dp-v13/layout_multiuser_list_item_p.xml (OK - compressed)
41969453 res/layout-sw720dp-v13/auto_play_popup_layout.xml (OK - compressed)
41970691 res/layout-sw720dp-v13/activity_epgchannel_update.xml (OK - compressed)
41972628 res/layout-sw720dp-v13/player_live_all_data_left_channel_adapter.xml (OK - compressed)
41973880 res/layout-sw720dp-v13/activity_pending_service.xml (OK - compressed)
41974752 res/layout-sw720dp-v13/seasons_button_layout.xml (OK - compressed)
41975319 res/layout-sw720dp-v13/nst_vlc_player_vod.xml (OK - compressed)
41980055 res/layout-sw720dp-v13/activity_screen_type_settings.xml (OK - compressed)
41982042 res/layout-sw720dp-v13/nst_player_vod.xml (OK - compressed)
41985665 res/layout-sw720dp-v13/start_download_dialog.xml (OK - compressed)
41985969 res/layout-sw720dp-v13/custom_screen_size_popup_layout.xml (OK - compressed)
41987319 res/layout-sw720dp-v13/live_streams_linear_layout.xml (OK - compressed)
41988814 res/layout-sw720dp-v13/activity_series_layout.xml (OK - compressed)
41990171 res/layout-sw720dp-v13/queue_row.xml (OK - compressed)
41991376 res/layout-sw720dp-v13/activity_fraud_service.xml (OK - compressed)
41992236 res/layout-sw720dp-v13/activity_player_selection.xml (OK - compressed)
41994650 res/layout-sw720dp-v13/custom_list_devices_layout.xml (OK - compressed)
41995616 res/layout-sw720dp-v13/activity_search.xml (OK - compressed)
41997592 res/layout-sw720dp-v13/activity_open_ticket.xml (OK - compressed)
41999338 res/layout-sw720dp-v13/layout_movies_on_video.xml (OK - compressed)
42000630 res/layout-sw720dp-v13/epg_edit_m3u_popup.xml (OK - compressed)
42002248 res/layout-sw720dp-v13/custom_alert_layout.xml (OK - compressed)
42003244 res/layout-sw720dp-v13/nst_vlc_player_epg.xml (OK - compressed)
42007835 res/layout-sw720dp-v13/edit_m3u_user_prompt.xml (OK - compressed)
42009759 res/layout-sw720dp-v13/activity_vod_layout.xml (OK - compressed)
42011328 res/layout-sw720dp-v13/activity_epgtime_shift.xml (OK - compressed)
42013325 res/layout-sw720dp-v13/activity_live_new_flow.xml (OK - compressed)
42015049 res/layout-sw720dp-v13/activity_vlcplayer_epg.xml (OK - compressed)
42019615 res/layout-sw720dp-v13/activity_epg_settings.xml (OK - compressed)
42022471 res/layout-sw720dp-v13/activity_my_serivces_activiy.xml (OK - compressed)
42024982 res/layout-sw720dp-v13/layout_movie_trailer.xml (OK - compressed)
42026268 res/layout-sw720dp-v13/activity_suspended_service.xml (OK - compressed)
42027131 res/layout-sw720dp-v13/nst_multi_player_3.xml (OK - compressed)
42031770 res/layout-sw720dp-v13/permission_alertbox.xml (OK - compressed)
42033008 res/layout-sw720dp-v13/activity_external_player.xml (OK - compressed)
42034170 res/layout-v26/abc_screen_toolbar.xml (OK - compressed)
42034944 res/layout-land/activity_profile.xml (OK - compressed)
42036449 res/layout-land/activity_view_details.xml (OK - compressed)
42039715 res/layout-land/nst_multi_player_1.xml (OK - compressed)
42044350 res/layout-land/activity_seasons_activitiy.xml (OK - compressed)
42045875 res/layout-land/fragment_live_streams.xml (OK - compressed)
42046759 res/layout-land/playera_add_alert_box.xml (OK - compressed)
42047964 res/layout-land/activity_import_epg_new.xml (OK - compressed)
42049519 res/layout-land/activity_parental_control_activitity.xml (OK - compressed)
42050893 res/layout-land/series_all_data_right_adapter.xml (OK - compressed)
42052222 res/layout-land/activity_settings.xml (OK - compressed)
42055399 res/layout-land/episode_grid_layout.xml (OK - compressed)
42057520 res/layout-land/activity_cancel_invoice.xml (OK - compressed)
42058745 res/layout-land/activity_vod_new_flow_subcategories.xml (OK - compressed)
42060222 res/layout-land/vod_grid_layout.xml (OK - compressed)
42061430 res/layout-land/activity_view_ticket.xml (OK - compressed)
42062807 res/layout-land/directory_listview.xml (OK - compressed)
42063414 res/layout-land/activity_view_details_m3u.xml (OK - compressed)
42066436 res/layout-land/fragment_new_epg_streams.xml (OK - compressed)
42068281 res/layout-land/nst_player_epg.xml (OK - compressed)
42071650 res/layout-land/custom_permission_layout.xml (OK - compressed)
42072639 res/layout-land/single_stream_pop_up_window.xml (OK - compressed)
42073698 res/layout-land/layout_genre_details.xml (OK - compressed)
42074968 res/layout-land/categories_popup.xml (OK - compressed)
42076552 res/layout-land/nst_player_archive.xml (OK - compressed)
42079094 res/layout-land/new_dashboard_layout_without_freetrail.xml (OK - compressed)
42083430 res/layout-land/activity_stream_format.xml (OK - compressed)
42085357 res/layout-land/progress_dialog.xml (OK - compressed)
42085777 res/layout-land/activity_series_detail_m3u.xml (OK - compressed)
42088727 res/layout-land/activity_view_cast_details.xml (OK - compressed)
42091092 res/layout-land/nst_exo_player_vod.xml (OK - compressed)
42092593 res/layout-land/custom_dashboard_unlock_features.xml (OK - compressed)
42093583 res/layout-land/live_streams_epg_layout.xml (OK - compressed)
42094544 res/layout-land/nst_exo_player_sky.xml (OK - compressed)
42097995 res/layout-land/layout_live_new_flow_list_item.xml (OK - compressed)
42099018 res/layout-land/activity_player_settings.xml (OK - compressed)
42101323 res/layout-land/live_all_data_right_adapter_search.xml (OK - compressed)
42102535 res/layout-land/select_dialog_item_folder_load_data_locally2.xml (OK - compressed)
42103346 res/layout-land/honey_player_testing.xml (OK - compressed)
42107615 res/layout-land/activity_search_lower_sdk.xml (OK - compressed)
42109672 res/layout-land/activity_vlcplayer_sky_tv.xml (OK - compressed)
42113053 res/layout-land/person_loading_view.xml (OK - compressed)
42113384 res/layout-land/lb_search_fragment.xml (OK - compressed)
42113770 res/layout-land/activity_app_in_purchase.xml (OK - compressed)
42117568 res/layout-land/fragment_new_epg_exo.xml (OK - compressed)
42119484 res/layout-land/inbuilt_player_float_box.xml (OK - compressed)
42119770 res/layout-land/activity_login_m3u.xml (OK - compressed)
42121894 res/layout-land/screen_selector_popup.xml (OK - compressed)
42122725 res/layout-land/custom_vpn_profile_layout.xml (OK - compressed)
42123847 res/layout-land/nst_vlc_player_archive.xml (OK - compressed)
42128003 res/layout-land/ad_unified_fb.xml (OK - compressed)
42129218 res/layout-land/activity_terminated_service.xml (OK - compressed)
42130078 res/layout-land/nst_multi_player_2.xml (OK - compressed)
42134720 res/layout-land/activity_vlcplayer_multiplayer.xml (OK - compressed)
42136025 res/layout-land/player_live_all_data_left_cat_adapter.xml (OK - compressed)
42136739 res/layout-land/recording_list.xml (OK - compressed)
42138025 res/layout-land/honey_player_epg.xml (OK - compressed)
42142709 res/layout-land/activity_epg_categories_new_flow.xml (OK - compressed)
42144409 res/layout-land/edit_epg_source_layout.xml (OK - compressed)
42146072 res/layout-land/nst_vlc_player_vod_for_device_data.xml (OK - compressed)
42150825 res/layout-land/activity_vlcplayer_multiplayer1.xml (OK - compressed)
42152219 res/layout-land/activity_exoplayer_sky.xml (OK - compressed)
42155621 res/layout-land/demo_pop_up.xml (OK - compressed)
42157008 res/layout-land/activity_automation.xml (OK - compressed)
42159136 res/layout-land/activity_speed_test.xml (OK - compressed)
42160570 res/layout-land/channel_list.xml (OK - compressed)
42161897 res/layout-land/activity_series_activty_new_flow.xml (OK - compressed)
42163435 res/layout-land/season_selector_popup.xml (OK - compressed)
42164507 res/layout-land/activity_my_invoice.xml (OK - compressed)
42166578 res/layout-land/activity_multi_user.xml (OK - compressed)
42168485 res/layout-land/ticket_message_custom_layout.xml (OK - compressed)
42169520 res/layout-land/nst_multi_player_4.xml (OK - compressed)
42174147 res/layout-land/activity_new_epg.xml (OK - compressed)
42176009 res/layout-land/activity_refounded.xml (OK - compressed)
42177219 res/layout-land/activity_vlcplayer_multiplayer3.xml (OK - compressed)
42178670 res/layout-land/right_side_programs_search_adapter.xml (OK - compressed)
42179652 res/layout-land/nst_player_activity.xml (OK - compressed)
42180669 res/layout-land/download_running_popup.xml (OK - compressed)
42181894 res/layout-land/activity_general_settings.xml (OK - compressed)
42184597 res/layout-land/activity_announcements.xml (OK - compressed)
42185839 res/layout-land/activity_vlcplayer_multiplayer5.xml (OK - compressed)
42187144 res/layout-land/activity_routing.xml (OK - compressed)
42189050 res/layout-land/vpn_disconnect_layout.xml (OK - compressed)
42190017 res/layout-land/activity_free_trail.xml (OK - compressed)
42190907 res/layout-land/custom_dashboard_not_downloaded_layout.xml (OK - compressed)
42191891 res/layout-land/activity_vlcplayer_sky.xml (OK - compressed)
42195580 res/layout-land/series_all_data_right_adapter_con_wat.xml (OK - compressed)
42197157 res/layout-land/paid_list_layout.xml (OK - compressed)
42198678 res/layout-land/activity_live_layout.xml (OK - compressed)
42199974 res/layout-land/activity_tv_archive_new_flow_layout.xml (OK - compressed)
42201678 res/layout-land/activity_vlcplayer_multiplayer2.xml (OK - compressed)
42203088 res/layout-land/activity_vpnlogin.xml (OK - compressed)
42204949 res/layout-land/layout_channels_on_video.xml (OK - compressed)
42206245 res/layout-land/activity_active_service.xml (OK - compressed)
42207115 res/layout-land/activity_tv_archive_new_flow.xml (OK - compressed)
42208850 res/layout-land/subtitle_popup_layout.xml (OK - compressed)
42209786 res/layout-land/layout_resume_player.xml (OK - compressed)
42211152 res/layout-land/activity_front_view.xml (OK - compressed)
42212312 res/layout-land/layout_vod_new_flow_list_item.xml (OK - compressed)
42213330 res/layout-land/activity_terms_condition_page.xml (OK - compressed)
42214606 res/layout-land/activity_vlcplayer_multiplayer4.xml (OK - compressed)
42215997 res/layout-land/inbuiltsmartersplayer_activity.xml (OK - compressed)
42216405 res/layout-land/activity_showservice_information.xml (OK - compressed)
42218148 res/layout-land/queue_activity.xml (OK - compressed)
42218786 res/layout-land/appbar_common.xml (OK - compressed)
42219556 res/layout-land/view_password_prompt.xml (OK - compressed)
42221032 res/layout-land/activity_sub_archive.xml (OK - compressed)
42222886 res/layout-land/edit_user_detail_confirmation_alert.xml (OK - compressed)
42224253 res/layout-land/activity_time_format.xml (OK - compressed)
42226150 res/layout-land/fragment_parental_control_setting.xml (OK - compressed)
42227696 res/layout-land/all_services_adapter_custom_list_layout.xml (OK - compressed)
42228763 res/layout-land/layout_announcements.xml (OK - compressed)
42229942 res/layout-land/dissconnect_vpn_alert.xml (OK - compressed)
42231155 res/layout-land/activity_vpn_conntected.xml (OK - compressed)
42233066 res/layout-land/activity_paid_invoice2.xml (OK - compressed)
42234303 res/layout-land/new_dashboard_layout_without_freetrail_xc106.xml (OK - compressed)
42237280 res/layout-land/live_streams_grid_layout.xml (OK - compressed)
42238731 res/layout-land/fragment_vod_subcategories.xml (OK - compressed)
42239660 res/layout-land/activity_multi_setting_new.xml (OK - compressed)
42240875 res/layout-land/delete_recording_popup.xml (OK - compressed)
42242112 res/layout-land/custom_internet_not_working_layout.xml (OK - compressed)
42243134 res/layout-land/custom_externalplayer_layout.xml (OK - compressed)
42243767 res/layout-land/activity_settings_m3u.xml (OK - compressed)
42246953 res/layout-land/launchvpn.xml (OK - compressed)
42248009 res/layout-land/fragment_vod_streams.xml (OK - compressed)
42248739 res/layout-land/activity_quit.xml (OK - compressed)
42249858 res/layout-land/activity_series_all_data_single.xml (OK - compressed)
42252042 res/layout-land/activity_import_m3u.xml (OK - compressed)
42253426 res/layout-land/ad_unified.xml (OK - compressed)
42255098 res/layout-land/hp_subtitle_layout.xml (OK - compressed)
42256384 res/layout-land/activity_splash.xml (OK - compressed)
42257406 res/layout-land/edit_user_prompt.xml (OK - compressed)
42258788 res/layout-land/fragment_recycler_list_view.xml (OK - compressed)
42259153 res/layout-land/fragment_parental_cotrol.xml (OK - compressed)
42260385 res/layout-land/layout_cast_details.xml (OK - compressed)
42261661 res/layout-land/activity_import_vpn.xml (OK - compressed)
42263785 res/layout-land/activity_my_favourite.xml (OK - compressed)
42265544 res/layout-land/activity_routing_p.xml (OK - compressed)
42267355 res/layout-land/replay_alertbox.xml (OK - compressed)
42268503 res/layout-land/player_live_all_data_left_cat_adapter_player.xml (OK - compressed)
42269227 res/layout-land/layout_authenticate_vpn.xml (OK - compressed)
42270764 res/layout-land/live_all_data_channels_search_adapter.xml (OK - compressed)
42271951 res/layout-land/list_devices_adapter.xml (OK - compressed)
42272754 res/layout-land/activity_unpiad_invoice.xml (OK - compressed)
42273955 res/layout-land/rate_us_alert_box.xml (OK - compressed)
42275171 res/layout-land/nst_player_sky.xml (OK - compressed)
42279249 res/layout-land/custom_forgot_password.xml (OK - compressed)
42280285 res/layout-land/activity_tvarchive.xml (OK - compressed)
42281399 res/layout-land/activity_my_ticket.xml (OK - compressed)
42282658 res/layout-land/epg_sources_layout.xml (OK - compressed)
42284026 res/layout-land/activity_rate_us.xml (OK - compressed)
42285516 res/layout-land/activity_check_appupdate.xml (OK - compressed)
42287073 res/layout-land/add_epg_source_layout.xml (OK - compressed)
42288233 res/layout-land/nst_vlc_player.xml (OK - compressed)
42292846 res/layout-land/activity_vod_new_flow.xml (OK - compressed)
42294671 res/layout-land/usernam_password_worng_alert.xml (OK - compressed)
42295947 res/layout-land/login_new.xml (OK - compressed)
42297898 res/layout-land/fragment_search_field.xml (OK - compressed)
42298578 res/layout-land/layout_multiuser_list_item.xml (OK - compressed)
42300102 res/layout-land/layout_list_player.xml (OK - compressed)
42300598 res/layout-land/series_all_data_left_adapter.xml (OK - compressed)
42301298 res/layout-land/cast_grid_layout.xml (OK - compressed)
42302091 res/layout-land/recording_popup.xml (OK - compressed)
42303668 res/layout-land/activity_announcement_alert.xml (OK - compressed)
42304769 res/layout-land/live_all_data_right_adapter.xml (OK - compressed)
42305957 res/layout-land/live_sorting_layout.xml (OK - compressed)
42307204 res/layout-land/activity_buy_now.xml (OK - compressed)
42307665 res/layout-land/nst_player.xml (OK - compressed)
42311723 res/layout-land/activity_series_detail.xml (OK - compressed)
42315230 res/layout-land/ticket_list.xml (OK - compressed)
42316354 res/layout-land/select_dialog_item_folder_load_data_locally.xml (OK - compressed)
42317162 res/layout-land/honey_player_live.xml (OK - compressed)
42321966 res/layout-land/layout_subcateories_cihild_list_item.xml (OK - compressed)
42323118 res/layout-land/vod_linear_layout.xml (OK - compressed)
42324300 res/layout-land/epg_m3u_popup.xml (OK - compressed)
42325933 res/layout-land/activity_series_activit_new_flow_sub_cat.xml (OK - compressed)
42327344 res/layout-land/custom_browser_not_supported.xml (OK - compressed)
42328423 res/layout-land/activity_account_info.xml (OK - compressed)
42330482 res/layout-land/sort_layout.xml (OK - compressed)
42331706 res/layout-land/activity_invoice_paid_detail.xml (OK - compressed)
42332300 res/layout-land/subtitle_layout.xml (OK - compressed)
42334123 res/layout-land/activity_services_dashboard.xml (OK - compressed)
42336742 res/layout-land/layout_progress_bar.xml (OK - compressed)
42337286 res/layout-land/activity_cancelled_serivce.xml (OK - compressed)
42338152 res/layout-land/activity_added_external_player.xml (OK - compressed)
42339542 res/layout-land/activity_recording.xml (OK - compressed)
42341147 res/layout-land/view_movie.xml (OK - compressed)
42341865 res/layout-land/honey_player_live_tv.xml (OK - compressed)
42346587 res/layout-land/view_password_verification.xml (OK - compressed)
42348044 res/layout-land/activity_episode_detail.xml (OK - compressed)
42349518 res/layout-land/new_dashboard_layout.xml (OK - compressed)
42353332 res/layout-land/layout_multiuser_list_item_p.xml (OK - compressed)
42354860 res/layout-land/auto_play_popup_layout.xml (OK - compressed)
42356091 res/layout-land/activity_epgchannel_update.xml (OK - compressed)
42358021 res/layout-land/player_live_all_data_left_channel_adapter.xml (OK - compressed)
42359256 res/layout-land/activity_pending_service.xml (OK - compressed)
42360121 res/layout-land/seasons_button_layout.xml (OK - compressed)
42360664 res/layout-land/nst_vlc_player_vod.xml (OK - compressed)
42365393 res/layout-land/activity_screen_type_settings.xml (OK - compressed)
42367373 res/layout-land/nst_player_vod.xml (OK - compressed)
42370989 res/layout-land/start_download_dialog.xml (OK - compressed)
42371286 res/layout-land/custom_screen_size_popup_layout.xml (OK - compressed)
42372599 res/layout-land/live_streams_linear_layout.xml (OK - compressed)
42374087 res/layout-land/activity_series_layout.xml (OK - compressed)
42375437 res/layout-land/queue_row.xml (OK - compressed)
42376635 res/layout-land/activity_fraud_service.xml (OK - compressed)
42377488 res/layout-land/activity_player_selection.xml (OK - compressed)
42379895 res/layout-land/custom_list_devices_layout.xml (OK - compressed)
42380854 res/layout-land/activity_search.xml (OK - compressed)
42382898 res/layout-land/activity_open_ticket.xml (OK - compressed)
42384637 res/layout-land/layout_movies_on_video.xml (OK - compressed)
42385922 res/layout-land/epg_edit_m3u_popup.xml (OK - compressed)
42387533 res/layout-land/custom_alert_layout.xml (OK - compressed)
42388522 res/layout-land/nst_vlc_player_epg.xml (OK - compressed)
42393106 res/layout-land/edit_m3u_user_prompt.xml (OK - compressed)
42395023 res/layout-land/activity_vod_layout.xml (OK - compressed)
42396585 res/layout-land/activity_epgtime_shift.xml (OK - compressed)
42398575 res/layout-land/activity_live_new_flow.xml (OK - compressed)
42400292 res/layout-land/activity_vlcplayer_epg.xml (OK - compressed)
42404851 res/layout-land/activity_epg_settings.xml (OK - compressed)
42407700 res/layout-land/activity_my_serivces_activiy.xml (OK - compressed)
42410204 res/layout-land/layout_movie_trailer.xml (OK - compressed)
42411483 res/layout-land/activity_suspended_service.xml (OK - compressed)
42412339 res/layout-land/nst_multi_player_3.xml (OK - compressed)
42416971 res/layout-land/permission_alertbox.xml (OK - compressed)
42418202 res/layout-land/activity_external_player.xml (OK - compressed)
42419354 res/anim/trans_left_out.xml (OK - compressed)
42419676 res/anim/abc_tooltip_enter.xml (OK - compressed)
42419971 res/anim/design_snackbar_in.xml (OK - compressed)
42420230 res/anim/rotate_anticlockwise.xml (OK - compressed)
42420585 res/anim/fade_in_new_2.xml (OK - compressed)
42420880 res/anim/cat_left_out.xml (OK - compressed)
42421231 res/anim/abc_slide_out_bottom.xml (OK - compressed)
42421528 res/anim/popup_enter.xml (OK - compressed)
42421869 res/anim/player_fade_out_animation.xml (OK - compressed)
42422248 res/anim/trans_top_out.xml (OK - compressed)
42422550 res/anim/rotate_clockwise.xml (OK - compressed)
42422899 res/anim/abc_shrink_fade_out_from_bottom.xml (OK - compressed)
42423347 res/anim/trans_right_out.xml (OK - compressed)
42423646 res/anim/abc_slide_in_top.xml (OK - compressed)
42423951 res/anim/abc_slide_out_top.xml (OK - compressed)
42424263 res/anim/player_live_left_side_out.xml (OK - compressed)
42424600 res/anim/bounce.xml (OK - compressed)
42424991 res/anim/scale_down.xml (OK - compressed)
42425369 res/anim/subtitle_slide_out_right.xml (OK - compressed)
42425654 res/anim/fade_in.xml (OK - compressed)
42426036 res/anim/abc_popup_enter.xml (OK - compressed)
42426364 res/anim/abc_fade_out.xml (OK - compressed)
42426664 res/anim/subtitle_slide_in_right.xml (OK - compressed)
42426949 res/anim/zoom_in.xml (OK - compressed)
42427306 res/anim/lb_decelerator_4.xml (OK - compressed)
42427561 res/anim/abc_grow_fade_in_from_bottom.xml (OK - compressed)
42428006 res/anim/trans_top_in.xml (OK - compressed)
42428318 res/anim/player_fade_in_animation.xml (OK - compressed)
42428621 res/anim/scale_up.xml (OK - compressed)
42428987 res/anim/abc_popup_exit.xml (OK - compressed)
42429321 res/anim/lb_decelerator_2.xml (OK - compressed)
42429558 res/anim/cat_left_in.xml (OK - compressed)
42429901 res/anim/trans_left_in.xml (OK - compressed)
42430224 res/anim/design_snackbar_out.xml (OK - compressed)
42430489 res/anim/design_bottom_sheet_slide_out.xml (OK - compressed)
42430874 res/anim/design_bottom_sheet_slide_in.xml (OK - compressed)
42431248 res/anim/abc_tooltip_exit.xml (OK - compressed)
42431536 res/anim/popup_exit.xml (OK - compressed)
42431873 res/anim/abc_slide_in_bottom.xml (OK - compressed)
42432184 res/anim/player_live_left_side_in.xml (OK - compressed)
42432529 res/anim/trans_right_in.xml (OK - compressed)
42432823 res/anim/fade_out_new.xml (OK - compressed)
42433143 res/anim/trans_bottom_in.xml (OK - compressed)
42433436 res/anim/fade_out.xml (OK - compressed)
42433748 res/anim/decelerate_cubic.xml (OK - compressed)
42433988 res/anim/fade_in_new.xml (OK - compressed)
42434363 res/anim/zoom_out.xml (OK - compressed)
42434726 res/anim/abc_fade_in.xml (OK - compressed)
42435024 res/mipmap-hdpi-v4/ic_launcher.png (OK)
42441196 res/mipmap-hdpi-v4/ic.png (OK)
42448324 res/mipmap-hdpi-v4/tv_banner.png (OK)
42500284 res/mipmap-xxxhdpi-v4/ic_launcher.png (OK)
42538616 res/mipmap-xxxhdpi-v4/tv_banner.png (OK)
42590588 res/drawable-mdpi-v4/messenger_bubble_large_blue.png (OK)
42591264 res/drawable-mdpi-v4/quantum_ic_volume_up_white_36.png (OK)
42591744 res/drawable-mdpi-v4/quantum_ic_pause_grey600_36.png (OK)
42591940 res/drawable-mdpi-v4/com_facebook_close.png (OK)
42593776 res/drawable-mdpi-v4/abc_ic_commit_search_api_mtrl_alpha.png (OK)
42594048 res/drawable-mdpi-v4/gridview_menu.png (OK)
42594532 res/drawable-mdpi-v4/abc_btn_radio_to_on_mtrl_000.png (OK)
42594980 res/drawable-mdpi-v4/ic_arrow.png (OK)
42595240 res/drawable-mdpi-v4/abc_text_select_handle_right_mtrl_dark.png (OK)
42595548 res/drawable-mdpi-v4/icon_external_player_selection.png (OK)
42597488 res/drawable-mdpi-v4/sort.png (OK)
42597920 res/drawable-mdpi-v4/home_icon_black.png (OK)
42598408 res/drawable-mdpi-v4/lb_action_bg_focused.9.png (OK)
42598756 res/drawable-mdpi-v4/ic_pause_36dp.png (OK)
42598968 res/drawable-mdpi-v4/quantum_ic_closed_caption_grey600_36.png (OK)
42599432 res/drawable-mdpi-v4/abc_list_pressed_holo_light.9.png (OK)
42599728 res/drawable-mdpi-v4/cast_ic_stop_circle_filled_grey600.png (OK)
42600184 res/drawable-mdpi-v4/abc_btn_switch_to_on_mtrl_00001.9.png (OK)
42600988 res/drawable-mdpi-v4/abc_ic_star_black_48dp.png (OK)
42601600 res/drawable-mdpi-v4/cast_abc_scrubber_primary_mtrl_alpha.9.png (OK)
42601868 res/drawable-mdpi-v4/tv_arch.png (OK)
42602700 res/drawable-mdpi-v4/ic_vpn_connecting.png (OK)
42619732 res/drawable-mdpi-v4/close.png (OK)
42620112 res/drawable-mdpi-v4/abc_textfield_default_mtrl_alpha.9.png (OK)
42620368 res/drawable-mdpi-v4/ic_dialog_close_light.png (OK)
42620632 res/drawable-mdpi-v4/quantum_ic_replay_30_white_24.png (OK)
42621056 res/drawable-mdpi-v4/quantum_ic_stop_white_24.png (OK)
42621212 res/drawable-mdpi-v4/screen5.png (OK)
42622808 res/drawable-mdpi-v4/tranparentdark.png (OK)
42623128 res/drawable-mdpi-v4/abc_text_select_handle_right_mtrl_light.png (OK)
42623424 res/drawable-mdpi-v4/playerselection.png (OK)
42624848 res/drawable-mdpi-v4/com_facebook_tooltip_black_xout.png (OK)
42625112 res/drawable-mdpi-v4/catch_background.png (OK)
42675664 res/drawable-mdpi-v4/favourite_yellow.png (OK)
42676212 res/drawable-mdpi-v4/lb_ic_search_mic_out.png (OK)
42676628 res/drawable-mdpi-v4/cast_ic_notification_1.png (OK)
42676972 res/drawable-mdpi-v4/quantum_ic_skip_next_white_36.png (OK)
42677232 res/drawable-mdpi-v4/logo_home.png (OK)
42743600 res/drawable-mdpi-v4/ic_menu_24dp.png (OK)
42743784 res/drawable-mdpi-v4/ic_setting_account.png (OK)
42744988 res/drawable-mdpi-v4/ic_draft.png (OK)
42745776 res/drawable-mdpi-v4/splash_new_background.jpg (OK)
42857816 res/drawable-mdpi-v4/logo.png (OK)
42865948 res/drawable-mdpi-v4/screen3.png (OK)
42867548 res/drawable-mdpi-v4/automation.png (OK)
42869324 res/drawable-mdpi-v4/quantum_ic_refresh_white_24.png (OK)
42869688 res/drawable-mdpi-v4/quantum_ic_forward_30_white_24.png (OK)
42870112 res/drawable-mdpi-v4/parental_control_icon.png (OK)
42871040 res/drawable-mdpi-v4/quantum_ic_skip_next_grey600_36.png (OK)
42871368 res/drawable-mdpi-v4/ic_launcher1.png (OK)
42875948 res/drawable-mdpi-v4/exo_icon_pause.png (OK)
42876148 res/drawable-mdpi-v4/launcher_logo.png (OK)
42876360 res/drawable-mdpi-v4/exo_icon_previous.png (OK)
42876672 res/drawable-mdpi-v4/logout_icon.png (OK)
42877216 res/drawable-mdpi-v4/ic_vol_type_speaker_light.png (OK)
42877628 res/drawable-mdpi-v4/abc_tab_indicator_mtrl_alpha.9.png (OK)
42877896 res/drawable-mdpi-v4/quantum_ic_pause_white_24.png (OK)
42878060 res/drawable-mdpi-v4/ic_play_36dp.png (OK)
42878352 res/drawable-mdpi-v4/abc_btn_check_to_on_mtrl_015.png (OK)
42878824 res/drawable-mdpi-v4/ic_vpn_connected.png (OK)
42893823 res/drawable-mdpi-v4/selector_checkbox.xml (OK - compressed)
42894132 res/drawable-mdpi-v4/spinner_focused_holo_light.9.png (OK)
42894596 res/drawable-mdpi-v4/tv_archieve.png (OK)
42896032 res/drawable-mdpi-v4/edit_icon.png (OK)
42896460 res/drawable-mdpi-v4/general_settings.png (OK)
42900284 res/drawable-mdpi-v4/quantum_ic_stop_grey600_48.png (OK)
42900480 res/drawable-mdpi-v4/quantum_ic_stop_grey600_36.png (OK)
42900668 res/drawable-mdpi-v4/abc_ic_star_half_black_16dp.png (OK)
42900920 res/drawable-mdpi-v4/cast_ic_stop_circle_filled_white.png (OK)
42901356 res/drawable-mdpi-v4/ondemand_focused.png (OK)
42949904 res/drawable-mdpi-v4/epg_stop.png (OK)
42950660 res/drawable-mdpi-v4/quantum_ic_closed_caption_white_36.png (OK)
42951084 res/drawable-mdpi-v4/md_nav_back.png (OK)
42951292 res/drawable-mdpi-v4/hide_icon_menu.png (OK)
42951936 res/drawable-mdpi-v4/recording.png (OK)
42952408 res/drawable-mdpi-v4/abc_ab_share_pack_mtrl_alpha.9.png (OK)
42952764 res/drawable-mdpi-v4/quantum_ic_skip_previous_white_36.png (OK)
42953048 res/drawable-mdpi-v4/view_detail.png (OK)
42953500 res/drawable-mdpi-v4/login_user.png (OK)
42954888 res/drawable-mdpi-v4/spinner_default_holo_light.9.png (OK)
42955308 res/drawable-mdpi-v4/abc_cab_background_top_mtrl_alpha.9.png (OK)
42955592 res/drawable-mdpi-v4/exo_icon_stop.png (OK)
42955780 res/drawable-mdpi-v4/abc_btn_check_to_on_mtrl_000.png (OK)
42956140 res/drawable-mdpi-v4/right_icon_cat.png (OK)
42956464 res/drawable-mdpi-v4/speed_icon.png (OK)
42957492 res/drawable-mdpi-v4/ic_cancelation.png (OK)
42958136 res/drawable-mdpi-v4/ic_active.png (OK)
42959284 res/drawable-mdpi-v4/abc_list_divider_mtrl_alpha.9.png (OK)
42959540 res/drawable-mdpi-v4/abc_menu_hardkey_panel_mtrl_mult.9.png (OK)
42960112 res/drawable-mdpi-v4/main.png (OK)
42978792 res/drawable-mdpi-v4/com_facebook_button_like_icon_selected.png (OK)
42979044 res/drawable-mdpi-v4/cast_abc_scrubber_control_off_mtrl_alpha.png (OK)
42979300 res/drawable-mdpi-v4/messenger_bubble_large_white.png (OK)
42979752 res/drawable-mdpi-v4/left_icon_cat.png (OK)
42980112 res/drawable-mdpi-v4/quantum_ic_pause_circle_filled_grey600_36.png (OK)
42980636 res/drawable-mdpi-v4/ic_media_pause_dark.png (OK)
42980824 res/drawable-mdpi-v4/ic_mr_button_grey.png (OK)
42981240 res/drawable-mdpi-v4/lb_in_app_search_bg.9.png (OK)
42981580 res/drawable-mdpi-v4/ic_home.png (OK)
42982144 res/drawable-mdpi-v4/abc_ic_star_half_black_48dp.png (OK)
42982588 res/drawable-mdpi-v4/ic_mr_button_disconnected_light.png (OK)
42983148 res/drawable-mdpi-v4/abc_textfield_search_activated_mtrl_alpha.9.png (OK)
42983388 res/drawable-mdpi-v4/tv_icon.png (OK)
42984332 res/drawable-mdpi-v4/abc_list_selector_disabled_holo_light.9.png (OK)
42984624 res/drawable-mdpi-v4/ic_media_play_dark.png (OK)
42984924 res/drawable-mdpi-v4/ic_media_play_light.png (OK)
42985220 res/drawable-mdpi-v4/ic_billing.png (OK)
42985792 res/drawable-mdpi-v4/messenger_bubble_small_white.png (OK)
42986216 res/drawable-mdpi-v4/googleg_standard_color_18.png (OK)
42986956 res/drawable-mdpi-v4/quantum_ic_forward_30_grey600_36.png (OK)
42987664 res/drawable-mdpi-v4/ic_fullscreen_24dp.png (OK)
42987860 res/drawable-mdpi-v4/ic_vol_type_tv_light.png (OK)
42988104 res/drawable-mdpi-v4/ic_mr_button_disabled_dark.png (OK)
42988588 res/drawable-mdpi-v4/quantum_ic_keyboard_arrow_down_white_36.png (OK)
42988824 res/drawable-mdpi-v4/abc_btn_switch_to_on_mtrl_00012.9.png (OK)
42989692 res/drawable-mdpi-v4/exo_icon_rewind.png (OK)
42990072 res/drawable-mdpi-v4/abc_btn_radio_to_on_mtrl_015.png (OK)
42990568 res/drawable-mdpi-v4/folder_icon.png (OK)
42990932 res/drawable-mdpi-v4/time_format.png (OK)
42992144 res/drawable-mdpi-v4/addfolder_icon.png (OK)
42993228 res/drawable-mdpi-v4/show_icon_menu.png (OK)
42993740 res/drawable-mdpi-v4/quantum_ic_skip_next_white_24.png (OK)
42993980 res/drawable-mdpi-v4/quantum_ic_replay_white_24.png (OK)
42994308 res/drawable-mdpi-v4/tv_guide_new.png (OK)
42995856 res/drawable-mdpi-v4/abc_spinner_mtrl_am_alpha.9.png (OK)
42996248 res/drawable-mdpi-v4/exo_controls_repeat_all.png (OK)
42996584 res/drawable-mdpi-v4/movies.png (OK)
43183112 res/drawable-mdpi-v4/lb_ic_actions_right_arrow.png (OK)
43183396 res/drawable-mdpi-v4/ic_dash_catchup.png (OK)
43222604 res/drawable-mdpi-v4/lb_ic_search_mic.png (OK)
43222988 res/drawable-mdpi-v4/live_tv_icon.png (OK)
43224548 res/drawable-mdpi-v4/gear_orange.png (OK)
43225200 res/drawable-mdpi-v4/gear_white_dashboard.png (OK)
43225940 res/drawable-mdpi-v4/parental_password_lock.png (OK)
43226400 res/drawable-mdpi-v4/cast_abc_scrubber_control_to_pressed_mtrl_000.png (OK)
43226656 res/drawable-mdpi-v4/exo_controls_fullscreen_exit.png (OK)
43226852 res/drawable-mdpi-v4/ic_cencel.png (OK)
43227792 res/drawable-mdpi-v4/ic_dialog_close_dark.png (OK)
43228056 res/drawable-mdpi-v4/ic_vol_type_speaker_group_light.png (OK)
43228468 res/drawable-mdpi-v4/list_longpressed_holo.9.png (OK)
43228744 res/drawable-mdpi-v4/manage_user.png (OK)
43231196 res/drawable-mdpi-v4/login_icon.png (OK)
43231640 res/drawable-mdpi-v4/abc_scrubber_control_to_pressed_mtrl_005.png (OK)
43231928 res/drawable-mdpi-v4/account_info.png (OK)
43232696 res/drawable-mdpi-v4/ic_myservice.png (OK)
43233544 res/drawable-mdpi-v4/abc_ic_menu_share_mtrl_alpha.png (OK)
43233928 res/drawable-mdpi-v4/support_agent.png (OK)
43234744 res/drawable-mdpi-v4/ic_audiotrack_light.png (OK)
43235000 res/drawable-mdpi-v4/quantum_ic_forward_30_white_36.png (OK)
43235624 res/drawable-mdpi-v4/record.png (OK)
43236320 res/drawable-mdpi-v4/abc_ic_star_half_black_36dp.png (OK)
43236680 res/drawable-mdpi-v4/on_demand_background.png (OK)
43285272 res/drawable-mdpi-v4/common_google_signin_btn_text_light_normal_background.9.png (OK)
43285808 res/drawable-mdpi-v4/green_focused.png (OK)
43306428 res/drawable-mdpi-v4/user_placeholder.png (OK)
43307156 res/drawable-mdpi-v4/common_google_signin_btn_icon_light_normal_background.9.png (OK)
43307732 res/drawable-mdpi-v4/exo_edit_mode_logo.png (OK)
43308272 res/drawable-mdpi-v4/abc_text_select_handle_middle_mtrl_dark.png (OK)
43308784 res/drawable-mdpi-v4/abc_list_selector_disabled_holo_dark.9.png (OK)
43309072 res/drawable-mdpi-v4/livetv_focused.png (OK)
43356032 res/drawable-mdpi-v4/abc_scrubber_control_off_mtrl_alpha.png (OK)
43356292 res/drawable-mdpi-v4/abc_ic_menu_copy_mtrl_am_alpha.png (OK)
43356524 res/drawable-mdpi-v4/green_background.png (OK)
43377144 res/drawable-mdpi-v4/audio_track_icon.png (OK)
43377560 res/drawable-mdpi-v4/fab_bg_mini.png (OK)
43379288 res/drawable-mdpi-v4/multiscreen_icon.png (OK)
43379908 res/drawable-mdpi-v4/com_facebook_tooltip_blue_bottomnub.png (OK)
43380508 res/drawable-mdpi-v4/list_activated_holo.9.png (OK)
43380776 res/drawable-mdpi-v4/ic_up.png (OK)
43381092 res/drawable-mdpi-v4/logn_new_bg.jpg (OK)
43493160 res/drawable-mdpi-v4/lb_in_app_search_shadow_focused.9.png (OK)
43494216 res/drawable-mdpi-v4/list_focused_holo.9.png (OK)
43494504 res/drawable-mdpi-v4/reset_icon.png (OK)
43495552 res/drawable-mdpi-v4/player_play_newflow.png (OK)
43496172 res/drawable-mdpi-v4/com_facebook_tooltip_black_topnub.png (OK)
43496596 res/drawable-mdpi-v4/com_facebook_tooltip_blue_background.9.png (OK)
43498232 res/drawable-mdpi-v4/design_ic_visibility.png (OK)
43498664 res/drawable-mdpi-v4/quantum_ic_pause_circle_filled_white_36.png (OK)
43499112 res/drawable-mdpi-v4/exo_controls_fullscreen_enter.png (OK)
43499340 res/drawable-mdpi-v4/abc_textfield_search_default_mtrl_alpha.9.png (OK)
43499596 res/drawable-mdpi-v4/cast_ic_notification_0.png (OK)
43499916 res/drawable-mdpi-v4/search_view.png (OK)
43500392 res/drawable-mdpi-v4/movies_icon.png (OK)
43502136 res/drawable-mdpi-v4/cast_ic_notification_on.png (OK)
43502504 res/drawable-mdpi-v4/abc_text_select_handle_left_mtrl_light.png (OK)
43502828 res/drawable-mdpi-v4/quantum_ic_volume_off_grey600_36.png (OK)
43503560 res/drawable-mdpi-v4/notification_bg_normal_pressed.9.png (OK)
43503880 res/drawable-mdpi-v4/com_facebook_tooltip_black_background.9.png (OK)
43505300 res/drawable-mdpi-v4/lb_in_app_search_shadow_normal.9.png (OK)
43505816 res/drawable-mdpi-v4/player_pause.png (OK)
43506092 res/drawable-mdpi-v4/parental.png (OK)
43508024 res/drawable-mdpi-v4/abc_scrubber_primary_mtrl_alpha.9.png (OK)
43508296 res/drawable-mdpi-v4/ic_vpn_grey.png (OK)
43509520 res/drawable-mdpi-v4/quantum_ic_cast_connected_white_24.png (OK)
43509892 res/drawable-mdpi-v4/play.png (OK)
43510636 res/drawable-mdpi-v4/logo_white_long.png (OK)
43577012 res/drawable-mdpi-v4/settings_icon_black.png (OK)
43577600 res/drawable-mdpi-v4/guide_icon.png (OK)
43578344 res/drawable-mdpi-v4/messenger_button_send_round_shadow.png (OK)
43579284 res/drawable-mdpi-v4/spinner_disabled_holo_light.9.png (OK)
43579652 res/drawable-mdpi-v4/exo_icon_fastforward.png (OK)
43579956 res/drawable-mdpi-v4/screen4.png (OK)
43581560 res/drawable-mdpi-v4/ic_paid.png (OK)
43582748 res/drawable-mdpi-v4/ic_dash_epg.png (OK)
43622716 res/drawable-mdpi-v4/ic_playlistw.png (OK)
43623452 res/drawable-mdpi-v4/ic_youtube_24dp.png (OK)
43623808 res/drawable-mdpi-v4/abc_ic_star_black_36dp.png (OK)
43624272 res/drawable-mdpi-v4/ic_cart.png (OK)
43624900 res/drawable-mdpi-v4/rocket_logo2.png (OK)
43630228 res/drawable-mdpi-v4/exo_icon_play.png (OK)
43630564 res/drawable-mdpi-v4/quantum_ic_play_arrow_grey600_48.png (OK)
43630936 res/drawable-mdpi-v4/list_pressed_holo_light.9.png (OK)
43631224 res/drawable-mdpi-v4/notification_bg_normal.9.png (OK)
43631508 res/drawable-mdpi-v4/delete_user.png (OK)
43633484 res/drawable-mdpi-v4/epg.png (OK)
43635092 res/drawable-mdpi-v4/screen2.png (OK)
43636720 res/drawable-mdpi-v4/quantum_ic_skip_previous_white_24.png (OK)
43636948 res/drawable-mdpi-v4/menu_dots.png (OK)
43637296 res/drawable-mdpi-v4/reply_on.png (OK)
43637716 res/drawable-mdpi-v4/abc_ic_star_black_16dp.png (OK)
43638008 res/drawable-mdpi-v4/quantum_ic_replay_30_white_36.png (OK)
43638628 res/drawable-mdpi-v4/subtitle_track_icon.png (OK)
43639696 res/drawable-mdpi-v4/exo_controls_repeat_one.png (OK)
43640068 res/drawable-mdpi-v4/lb_ic_sad_cloud.png (OK)
43641740 res/drawable-mdpi-v4/list_white.png (OK)
43641972 res/drawable-mdpi-v4/favouraites.png (OK)
43679700 res/drawable-mdpi-v4/ic_download.png (OK)
43680144 res/drawable-mdpi-v4/ic_fab_complete.png (OK)
43680468 res/drawable-mdpi-v4/abc_textfield_activated_mtrl_alpha.9.png (OK)
43680736 res/drawable-mdpi-v4/ic_mr_button_disconnected_dark.png (OK)
43681284 res/drawable-mdpi-v4/att_to_fav.png (OK)
43681952 res/drawable-mdpi-v4/common_google_signin_btn_text_dark_normal_background.9.png (OK)
43682640 res/drawable-mdpi-v4/catch_up_focused.png (OK)
43733212 res/drawable-mdpi-v4/abc_text_select_handle_left_mtrl_dark.png (OK)
43733544 res/drawable-mdpi-v4/quantum_ic_play_circle_filled_white_36.png (OK)
43734028 res/drawable-mdpi-v4/lock_open.png (OK)
43734488 res/drawable-mdpi-v4/quantum_ic_volume_up_grey600_36.png (OK)
43735060 res/drawable-mdpi-v4/listview_menu.png (OK)
43735364 res/drawable-mdpi-v4/quantum_ic_art_track_grey600_48.png (OK)
43735772 res/drawable-mdpi-v4/gear_white.png (OK)
43736976 res/drawable-mdpi-v4/cast_genre.png (OK)
43737628 res/drawable-mdpi-v4/abc_switch_track_mtrl_alpha.9.png (OK)
43738116 res/drawable-mdpi-v4/com_facebook_tooltip_black_bottomnub.png (OK)
43738648 res/drawable-mdpi-v4/parental_security_key.png (OK)
43739304 res/drawable-mdpi-v4/hplib_ic_settings.png (OK)
43739772 res/drawable-mdpi-v4/series.png (OK)
43980352 res/drawable-mdpi-v4/quantum_ic_forward_10_white_24.png (OK)
43980760 res/drawable-mdpi-v4/com_facebook_button_send_icon_white.png (OK)
43981108 res/drawable-mdpi-v4/notify_panel_notification_icon_bg.png (OK)
43981272 res/drawable-mdpi-v4/catch_up_icon.png (OK)
43982232 res/drawable-mdpi-v4/ic_vol_type_speaker_dark.png (OK)
43982588 res/drawable-mdpi-v4/ic_audiotrack_dark.png (OK)
43982824 res/drawable-mdpi-v4/epg_play.png (OK)
43983528 res/drawable-mdpi-v4/layout.png (OK)
43984076 res/drawable-mdpi-v4/logout_icon_menu.png (OK)
43984656 res/drawable-mdpi-v4/quantum_ic_play_arrow_grey600_36.png (OK)
43984992 res/drawable-mdpi-v4/ic_playlist.png (OK)
43985712 res/drawable-mdpi-v4/exo_controls_shuffle.png (OK)
43986052 res/drawable-mdpi-v4/ic_fraud.png (OK)
43986932 res/drawable-mdpi-v4/ic_myinvoice.png (OK)
43987816 res/drawable-mdpi-v4/quantum_ic_play_arrow_white_24.png (OK)
43988056 res/drawable-mdpi-v4/ic_arrow_down_24dp.png (OK)
43988328 res/drawable-mdpi-v4/abc_list_pressed_holo_dark.9.png (OK)
43988600 res/drawable-mdpi-v4/ic_unpaid.png (OK)
43989796 res/drawable-mdpi-v4/ic_setting_account_focus.png (OK)
43990772 res/drawable-mdpi-v4/livetv_icon_menu.png (OK)
43991400 res/drawable-mdpi-v4/reset.png (OK)
43991932 res/drawable-mdpi-v4/questionmark.png (OK)
43992688 res/drawable-mdpi-v4/live_with_epg_icon.png (OK)
43993424 res/drawable-mdpi-v4/com_facebook_profile_picture_blank_square.png (OK)
43995160 res/drawable-mdpi-v4/common_google_signin_btn_icon_dark_normal_background.9.png (OK)
43995836 res/drawable-mdpi-v4/ic_suspended.png (OK)
43996872 res/drawable-mdpi-v4/quantum_ic_replay_30_grey600_36.png (OK)
43997584 res/drawable-mdpi-v4/reply_off.png (OK)
43998048 res/drawable-mdpi-v4/com_facebook_tooltip_blue_topnub.png (OK)
43998516 res/drawable-mdpi-v4/quantum_ic_volume_off_white_36.png (OK)
43999100 res/drawable-mdpi-v4/ic_fullscreen_exit_24dp.png (OK)
43999292 res/drawable-mdpi-v4/logout_user.png (OK)
44000256 res/drawable-mdpi-v4/quantum_ic_play_circle_filled_grey600_36.png (OK)
44000832 res/drawable-mdpi-v4/switch_user.png (OK)
44003044 res/drawable-mdpi-v4/com_facebook_profile_picture_blank_portrait.png (OK)
44004836 res/drawable-mdpi-v4/ic_media_pause_light.png (OK)
44005024 res/drawable-mdpi-v4/live_tv_background.png (OK)
44051960 res/drawable-mdpi-v4/ic_collections.png (OK)
44052868 res/drawable-mdpi-v4/quantum_ic_pause_grey600_48.png (OK)
44053072 res/drawable-mdpi-v4/ic_vol_type_speaker_group_dark.png (OK)
44053472 res/drawable-mdpi-v4/abc_text_select_handle_middle_mtrl_light.png (OK)
44053984 res/drawable-mdpi-v4/ic_mr_button_disabled_light.png (OK)
44054424 res/drawable-mdpi-v4/epg_icon.png (OK)
44055140 res/drawable-mdpi-v4/exo_controls_repeat_off.png (OK)
44055512 res/drawable-mdpi-v4/add_more_user.png (OK)
44056960 res/drawable-mdpi-v4/ic_billing_left_arrow.png (OK)
44057200 res/drawable-mdpi-v4/quantum_ic_cast_white_36.png (OK)
44057764 res/drawable-mdpi-v4/alert_icon.png (OK)
44058288 res/drawable-mdpi-v4/lb_ic_in_app_search.png (OK)
44058796 res/drawable-mdpi-v4/dashboard_background.jpg (OK)
44170876 res/drawable-mdpi-v4/cast_abc_scrubber_control_to_pressed_mtrl_005.png (OK)
44171180 res/drawable-mdpi-v4/spinner_pressed_holo_light.9.png (OK)
44171596 res/drawable-mdpi-v4/ic_pending.png (OK)
44172752 res/drawable-mdpi-v4/ic_down.png (OK)
44173104 res/drawable-mdpi-v4/com_facebook_tooltip_blue_xout.png (OK)
44173380 res/drawable-mdpi-v4/cast_ic_notification_2.png (OK)
44173708 res/drawable-mdpi-v4/ic_media_stop_light.png (OK)
44173884 res/drawable-mdpi-v4/playersettings.png (OK)
44175504 res/drawable-mdpi-v4/com_facebook_button_send_icon_blue.png (OK)
44176084 res/drawable-mdpi-v4/abc_scrubber_control_to_pressed_mtrl_000.png (OK)
44176328 res/drawable-mdpi-v4/series_icon_icon.png (OK)
44178908 res/drawable-mdpi-v4/abc_list_focused_holo.9.png (OK)
44179212 res/drawable-mdpi-v4/epg_selection_icon.png (OK)
44180368 res/drawable-mdpi-v4/quantum_ic_skip_previous_grey600_36.png (OK)
44180720 res/drawable-mdpi-v4/quantum_ic_clear_white_24.png (OK)
44180960 res/drawable-mdpi-v4/live_tv.png (OK)
44451604 res/drawable-mdpi-v4/abc_popup_background_mtrl_mult.9.png (OK)
44452416 res/drawable-mdpi-v4/rokect_image.png (OK)
44464264 res/drawable-mdpi-v4/ic_cancelled.png (OK)
44465216 res/drawable-mdpi-v4/refresh_icon.png (OK)
44465692 res/drawable-mdpi-v4/exo_notification_small_icon.png (OK)
44466536 res/drawable-mdpi-v4/ic_tickets.png (OK)
44467524 res/drawable-mdpi-v4/lock.png (OK)
44468056 res/drawable-mdpi-v4/abc_ic_menu_selectall_mtrl_alpha.png (OK)
44468300 res/drawable-mdpi-v4/ic_media_stop_dark.png (OK)
44468476 res/drawable-mdpi-v4/stop_icon.png (OK)
44469092 res/drawable-mdpi-v4/recording_icon.png (OK)
44470264 res/drawable-mdpi-v4/fab_bg_normal.png (OK)
44473932 res/drawable-mdpi-v4/messenger_bubble_small_blue.png (OK)
44474524 res/drawable-mdpi-v4/delete_icon.png (OK)
44474836 res/drawable-mdpi-v4/quantum_ic_bigtop_updates_white_24.png (OK)
44475368 res/drawable-mdpi-v4/abc_list_longpressed_holo.9.png (OK)
44475648 res/drawable-mdpi-v4/navigae_next.png (OK)
44475832 res/drawable-mdpi-v4/bar.png (OK)
44478104 res/drawable-mdpi-v4/arrow_f.png (OK)
44478480 res/drawable-mdpi-v4/googleg_disabled_color_18.png (OK)
44478932 res/drawable-mdpi-v4/screen1.png (OK)
44481632 res/drawable-mdpi-v4/exo_icon_next.png (OK)
44481908 res/drawable-mdpi-v4/ic_vpn_not_connect.png (OK)
44498264 res/drawable-mdpi-v4/abc_ic_menu_paste_mtrl_am_alpha.png (OK)
44498528 res/drawable-mdpi-v4/abc_ic_menu_cut_mtrl_alpha.png (OK)
44498856 res/drawable-mdpi-v4/ic_refund.png (OK)
44499800 res/drawable-mdpi-v4/player_retry.png (OK)
44500316 res/drawable-mdpi-v4/ic_vol_type_tv_dark.png (OK)
44500532 res/drawable-mdpi-v4/streamformat.png (OK)
44501436 res/drawable-mdpi-v4/notification_bg_low_pressed.9.png (OK)
44501740 res/drawable-mdpi-v4/design_ic_visibility_off.png (OK)
44502200 res/drawable-mdpi-v4/ic_terminated.png (OK)
44502916 res/drawable-mdpi-v4/abc_scrubber_track_mtrl_alpha.9.png (OK)
44503180 res/drawable-mdpi-v4/ic_playlistwg.png (OK)
44504120 res/drawable-mdpi-v4/quantum_ic_replay_10_white_24.png (OK)
44504504 res/drawable-mdpi-v4/black_background.jpg (OK)
44616556 res/drawable-mdpi-v4/guide_icon_menu.png (OK)
44617084 res/drawable-mdpi-v4/notification_bg_low_normal.9.png (OK)
44617372 res/drawable-mdpi-v4/aspect_ratio_new.png (OK)
44617924 res/drawable-v21/hplib_ic_previous_archive.xml (OK - compressed)
44618321 res/drawable-v21/ic_menu_slideshow.xml (OK - compressed)
44618804 res/drawable-v21/preference_list_divider_material.xml (OK - compressed)
44619138 res/drawable-v21/selector_list_multidns.xml (OK - compressed)
44619498 res/drawable-v21/ic_warning_black_24dp.xml (OK - compressed)
44619930 res/drawable-v21/ic_fullscreen_black_24dp.xml (OK - compressed)
44620389 res/drawable-v21/ripple_episode.xml (OK - compressed)
44620740 res/drawable-v21/hplib_ic_pause.xml (OK - compressed)
44621159 res/drawable-v21/ic_mtrl_chip_checked_black.xml (OK - compressed)
44621559 res/drawable-v21/riple_green.xml (OK - compressed)
44621949 res/drawable-v21/abc_ic_menu_overflow_material.xml (OK - compressed)
44622420 res/drawable-v21/tranparentdark.png (OK)
44622717 res/drawable-v21/hplib_ic_next_archive.xml (OK - compressed)
44623112 res/drawable-v21/hplib_ic_lock.xml (OK - compressed)
44623613 res/drawable-v21/ic_menu_camera.xml (OK - compressed)
44624153 res/drawable-v21/abc_ic_voice_search_api_material.xml (OK - compressed)
44624698 res/drawable-v21/selector_list_categories.xml (OK - compressed)
44625021 res/drawable-v21/ic_open_with_black_24dp.xml (OK - compressed)
44625504 res/drawable-v21/com_facebook_button_icon.xml (OK - compressed)
44626183 res/drawable-v21/selector_sky_list.xml (OK - compressed)
44626494 res/drawable-v21/icon_favorite_add.xml (OK - compressed)
44627109 res/drawable-v21/selector_list_multidns_userimage.xml (OK - compressed)
44627464 res/drawable-v21/ic_favorite.xml (OK - compressed)
44627961 res/drawable-v21/ic_delete_black.xml (OK - compressed)
44628733 res/drawable-v21/ic_insert_drive_file_black_24dp.xml (OK - compressed)
44629207 res/drawable-v21/lb_control_button_secondary.xml (OK - compressed)
44629662 res/drawable-v21/ic_menu_share.xml (OK - compressed)
44630272 res/drawable-v21/abc_ic_go_search_api_material.xml (OK - compressed)
44630706 res/drawable-v21/md_btn_selector_ripple_dark.xml (OK - compressed)
44631012 res/drawable-v21/hplib_ic_forward_vod.xml (OK - compressed)
44631448 res/drawable-v21/lb_action_bg.xml (OK - compressed)
44631818 res/drawable-v21/avd_hide_password__0.xml (OK - compressed)
44632425 res/drawable-v21/avd_hide_password__1.xml (OK - compressed)
44632823 res/drawable-v21/ripple_effect.xml (OK - compressed)
44633199 res/drawable-v21/hplib_ic_rewind.xml (OK - compressed)
44633627 res/drawable-v21/ic_audiotrack_black_24dp.xml (OK - compressed)
44634107 res/drawable-v21/avd_show_password__0.xml (OK - compressed)
44634689 res/drawable-v21/arrow_forward.xml (OK - compressed)
44635111 res/drawable-v21/hplib_ic_unlock.xml (OK - compressed)
44635614 res/drawable-v21/ic_mtrl_chip_close_circle.xml (OK - compressed)
44636110 res/drawable-v21/hidepassword_edit_details.xml (OK - compressed)
44636932 res/drawable-v21/img_edit_user.xml (OK - compressed)
44637421 res/drawable-v21/ic_favorite_normal.xml (OK - compressed)
44638033 res/drawable-v21/abc_list_divider_material.xml (OK - compressed)
44638360 res/drawable-v21/ic_menu_gallery.xml (OK - compressed)
44638826 res/drawable-v21/ic_thumb.xml (OK - compressed)
44640208 res/drawable-v21/avd_show_password.xml (OK - compressed)
44640587 res/drawable-v21/ripple_login.xml (OK - compressed)
44640976 res/drawable-v21/ic_library_music_black_24dp.xml (OK - compressed)
44641515 res/drawable-v21/ic_menu_send.xml (OK - compressed)
44641920 res/drawable-v21/avd_show_password__1.xml (OK - compressed)
44642319 res/drawable-v21/hplib_ic_grid.xml (OK - compressed)
44642952 res/drawable-v21/design_bottom_navigation_item_background.xml (OK - compressed)
44643198 res/drawable-v21/ic_zoom_out_map_black_24dp.xml (OK - compressed)
44643713 res/drawable-v21/ripple_left_sidebar.xml (OK - compressed)
44644118 res/drawable-v21/ripple_white.xml (OK - compressed)
44644508 res/drawable-v21/lb_control_button_primary.xml (OK - compressed)
44644982 res/drawable-v21/abc_ratingbar_indicator_material.xml (OK - compressed)
44645372 res/drawable-v21/abc_ic_search_api_material.xml (OK - compressed)
44645921 res/drawable-v21/ic_play_circle_outline_black_24dp.xml (OK - compressed)
44646440 res/drawable-v21/ripple_left_sidebar_live_cat_for_mobile.xml (OK - compressed)
44646787 res/drawable-v21/hplib_ic_settings.xml (OK - compressed)
44647508 res/drawable-v21/hplib_ic_rewind_vod.xml (OK - compressed)
44647938 res/drawable-v21/ic_video_library_black_24dp.xml (OK - compressed)
44648442 res/drawable-v21/abc_ratingbar_small_material.xml (OK - compressed)
44648818 res/drawable-v21/hidepassword.xml (OK - compressed)
44649649 res/drawable-v21/notification_action_background.xml (OK - compressed)
44650215 res/drawable-v21/abc_dialog_material_background.xml (OK - compressed)
44650622 res/drawable-v21/hplib_ic_previous.xml (OK - compressed)
44651024 res/drawable-v21/background_item_selected.xml (OK - compressed)
44651256 res/drawable-v21/md_btn_shape.xml (OK - compressed)
44651731 res/drawable-v21/ic_cancel.xml (OK - compressed)
44652279 res/drawable-v21/abc_action_bar_item_background_material.xml (OK - compressed)
44652519 res/drawable-v21/abc_edit_text_material.xml (OK - compressed)
44653068 res/drawable-v21/md_btn_selector_ripple.xml (OK - compressed)
44653362 res/drawable-v21/add_user.xml (OK - compressed)
44654484 res/drawable-v21/ripple_effect_ondemand.xml (OK - compressed)
44654859 res/drawable-v21/hplib_ic_next.xml (OK - compressed)
44655257 res/drawable-v21/hplib_ic_subtitle.xml (OK - compressed)
44655753 res/drawable-v21/ic_bell.xml (OK - compressed)
44656757 res/drawable-v21/abc_ic_clear_material.xml (OK - compressed)
44657196 res/drawable-v21/ic_microphone.xml (OK - compressed)
44658432 res/drawable-v21/paid_box.xml (OK - compressed)
44658843 res/drawable-v21/ripple_cathcup.xml (OK - compressed)
44659226 res/drawable-v21/ic_videocam_black_24dp.xml (OK - compressed)
44659704 res/drawable-v21/abc_ic_arrow_drop_right_black_24dp.xml (OK - compressed)
44660289 res/drawable-v21/ic_mtrl_chip_checked_circle.xml (OK - compressed)
44660823 res/drawable-v21/avd_hide_password__2.xml (OK - compressed)
44661210 res/drawable-v21/abc_ic_ab_back_material.xml (OK - compressed)
44661670 res/drawable-v21/showpassword.xml (OK - compressed)
44662177 res/drawable-v21/abc_btn_colored_material.xml (OK - compressed)
44662817 res/drawable-v21/com_facebook_favicon_blue.xml (OK - compressed)
44663378 res/drawable-v21/showpassword_edit_detail.xml (OK - compressed)
44663881 res/drawable-v21/ripple_effect_vpn.xml (OK - compressed)
44664237 res/drawable-v21/design_password_eye.xml (OK - compressed)
44664667 res/drawable-v21/collection_box_focus.xml (OK - compressed)
44665122 res/drawable-v21/new_user_img_active.xml (OK - compressed)
44665718 res/drawable-v21/ic_ratingbar.xml (OK - compressed)
44666456 res/drawable-v21/ripple_episode_rounded.xml (OK - compressed)
44666866 res/drawable-v21/lb_selectable_item_rounded_rect.xml (OK - compressed)
44667227 res/drawable-v21/ic_menu_manage.xml (OK - compressed)
44667733 res/drawable-v21/ic_music_note_black_44dp.xml (OK - compressed)
44668203 res/drawable-v21/ic_slow_motion_video_black_24dp.xml (OK - compressed)
44668910 res/drawable-v21/icon_favorite_remove.xml (OK - compressed)
44669539 res/drawable-v21/avd_show_password__2.xml (OK - compressed)
44669926 res/drawable-v21/abc_ratingbar_material.xml (OK - compressed)
44670308 res/drawable-v21/ripple_devices_list.xml (OK - compressed)
44670712 res/drawable-v21/ic_arrow_down_24dp.xml (OK - compressed)
44671144 res/drawable-v21/lb_card_foreground.xml (OK - compressed)
44671384 res/drawable-v21/hplib_ic_play_download.xml (OK - compressed)
44671888 res/drawable-v21/ic_music_note_black_24dp.xml (OK - compressed)
44672338 res/drawable-v21/hplib_ic_back.xml (OK - compressed)
44672757 res/drawable-v21/abc_vector_test.xml (OK - compressed)
44673174 res/drawable-v21/hplib_ic_forward.xml (OK - compressed)
44673617 res/drawable-v21/avd_hide_password.xml (OK - compressed)
44673995 res/drawable-v21/new_user_img.xml (OK - compressed)
44674590 res/drawable-v21/ic_restore_white.xml (OK - compressed)
44675193 res/layout-sw720dp-land-v21/honey_player_testing.xml (OK - compressed)
44679535 res/layout-sw720dp-land-v21/honey_player_epg.xml (OK - compressed)
44684276 res/layout-sw720dp-land-v21/activity_multi_setting_new.xml (OK - compressed)
44685538 res/layout-sw720dp-land-v21/activity_series_all_data_single.xml (OK - compressed)
44687802 res/layout-sw720dp-land-v21/honey_player_live.xml (OK - compressed)
44692633 res/layout-sw720dp-land-v21/honey_player_live_tv.xml (OK - compressed)
44697380 res/drawable/default_video.png (OK)
44700365 res/drawable/shape_checkbox_focused_blank.xml (OK - compressed)
44700640 res/drawable/login_icon2_focused.png (OK)
44701787 res/drawable/bg_item_swiping_active_state.xml (OK - compressed)
44702072 res/drawable/login_icon1_focused.png (OK)
44702928 res/drawable/series_icon.png (OK)
44706800 res/drawable/info_icon.png (OK)
44707870 res/drawable/hplib_ic_previous_archive.xml (OK - compressed)
44708147 res/drawable/player_header_gradient.xml (OK - compressed)
44708464 res/drawable/add_user_white.png (OK)
44709462 res/drawable/shape_live_layout_without_focused_search.xml (OK - compressed)
44709864 res/drawable/shape_vod_layout_new_flow.xml (OK - compressed)
44710236 res/drawable/icon_external_player_selection.png (OK)
44712265 res/drawable/shape_tv_guide.xml (OK - compressed)
44712710 res/drawable/shape_focused_accept.xml (OK - compressed)
44713148 res/drawable/vod_icon.png (OK)
44717342 res/drawable/shape_line_login_fields2.xml (OK - compressed)
44717717 res/drawable/edit_text_rounded_background.xml (OK - compressed)
44718032 res/drawable/settings_switch.png (OK)
44720347 res/drawable/vw_bg_folder_list.xml (OK - compressed)
44720688 res/drawable/mr_dialog_close_dark.xml (OK - compressed)
44720952 res/drawable/icon4_unfocused.png (OK)
44721720 res/drawable/sound_mute.png (OK)
44721975 res/drawable/selector_live_focuscolor.xml (OK - compressed)
44722346 res/drawable/preference_list_divider_material.xml (OK - compressed)
44722655 res/drawable/line_multi.xml (OK - compressed)
44722932 res/drawable/home_icon_black.png (OK)
44723350 res/drawable/shape_vod.xml (OK - compressed)
44723797 res/drawable/selector_list_multidns.xml (OK - compressed)
44724124 res/drawable/ic_warning_black_24dp.xml (OK - compressed)
44724409 res/drawable/shape_tv_archive.xml (OK - compressed)
44724858 res/drawable/ic_fullscreen_black_24dp.xml (OK - compressed)
44725124 res/drawable/icon_shadow.xml (OK - compressed)
44725508 res/drawable/abc_btn_check_material.xml (OK - compressed)
44725832 res/drawable/abc_cab_background_top_material.xml (OK - compressed)
44726106 res/drawable/shape_verify_password_fields_focused.xml (OK - compressed)
44726552 res/drawable/hp_sync_2.png (OK)
44727596 res/drawable/hp_audio_subtitle_track.png (OK)
44728390 res/drawable/cast_mini_controller_progress_drawable.xml (OK - compressed)
44728757 res/drawable/ripple_episode.xml (OK - compressed)
44729111 res/drawable/selected_indicator.xml (OK - compressed)
44729505 res/drawable/shape_categories_sidebar_layout_focused.xml (OK - compressed)
44729896 res/drawable/dis_con.xml (OK - compressed)
44730285 res/drawable/bg_item_swiping_state.xml (OK - compressed)
44730566 res/drawable/drop_shadow_top.xml (OK - compressed)
44730876 res/drawable/close.png (OK)
44731364 res/drawable/icon3_focused.png (OK)
44732236 res/drawable/sound.gif (OK)
44751355 res/drawable/live_without_focus.xml (OK - compressed)
44751708 res/drawable/hplib_ic_pause.xml (OK - compressed)
44751992 res/drawable/cast_ic_notification_rewind10.xml (OK - compressed)
44752228 res/drawable/ic_drag_updown_grey_24dp.png (OK)
44752514 res/drawable/draft_box_focus.xml (OK - compressed)
44752971 res/drawable/ic_mtrl_chip_checked_black.xml (OK - compressed)
44753237 res/drawable/riple_green.xml (OK - compressed)
44753588 res/drawable/episode_cast_tab_background.png (OK)
44753884 res/drawable/hp_unlocked.png (OK)
44755803 res/drawable/abc_ic_menu_overflow_material.xml (OK - compressed)
44756084 res/drawable/logout_btn.png (OK)
44756812 res/drawable/hp_volume_3.png (OK)
44757988 res/drawable/screen5.png (OK)
44759576 res/drawable/tranparentdark.png (OK)
44759852 res/drawable/tmdb.png (OK)
44762980 res/drawable/settings_switch_focus.png (OK)
44764800 res/drawable/catch_background.png (OK)
44815344 res/drawable/favourite_yellow.png (OK)
44816183 res/drawable/hplib_ic_next_archive.xml (OK - compressed)
44816451 res/drawable/hplib_ic_lock.xml (OK - compressed)
44816719 res/drawable/selector_menu.xml (OK - compressed)
44817028 res/drawable/settings_automation.png (OK)
44820712 res/drawable/hp_icon_key.png (OK)
44821423 res/drawable/btn_click1.xml (OK - compressed)
44821738 res/drawable/menu_close_selector.xml (OK - compressed)
44822061 res/drawable/selector_line_login_fieldss.xml (OK - compressed)
44822400 res/drawable/cast_ic_expanded_controller_forward30.xml (OK - compressed)
44822724 res/drawable/ic_setting_account.png (OK)
44823972 res/drawable/cast_expanded_controller_bg_gradient_light.xml (OK - compressed)
44824300 res/drawable/splash_new_background.jpg (OK)
44936336 res/drawable/screen3.png (OK)
44937940 res/drawable/settings_stream_format.png (OK)
44939972 res/drawable/scrollbar_list_view.xml (OK - compressed)
44940279 res/drawable/shape_button_focused1.xml (OK - compressed)
44940743 res/drawable/layer_list_live_category_focus_tv.xml (OK - compressed)
44941056 res/drawable/bg_item_normal_state.xml (OK - compressed)
44941376 res/drawable/mr_media_play_light.xml (OK - compressed)
44941701 res/drawable/cast_ic_expanded_controller_skip_next.xml (OK - compressed)
44942038 res/drawable/abc_ic_voice_search_api_material.xml (OK - compressed)
44942330 res/drawable/shape_list_categories.xml (OK - compressed)
44942592 res/drawable/item10.webp (OK)
44961548 res/drawable/logout_icon.png (OK)
44962661 res/drawable/shape_search_icon.xml (OK - compressed)
44963092 res/drawable/selector_list_categories.xml (OK - compressed)
44963422 res/drawable/mr_button_connecting_dark.xml (OK - compressed)
44963980 res/drawable/shade.xml (OK - compressed)
44964304 res/drawable/fab_vpn.png (OK)
44981367 res/drawable/selector_checkbox.xml (OK - compressed)
44981668 res/drawable/settings_parental_control.png (OK)
44984506 res/drawable/rounded_edge_2.xml (OK - compressed)
44984904 res/drawable/settings_vpn.png (OK)
44987716 res/drawable/fav_heart_white.png (OK)
44988408 res/drawable/white_check.png (OK)
44989548 res/drawable/selector_master_search_field.xml (OK - compressed)
44989870 res/drawable/bg_swipe_item_right.xml (OK - compressed)
44990253 res/drawable/mr_dialog_material_background_dark.xml (OK - compressed)
44990556 res/drawable/ondemand_focused.png (OK)
45039115 res/drawable/cast_ic_notification_skip_prev.xml (OK - compressed)
45039336 res/drawable/blur_lens.png (OK)
45041832 res/drawable/suspended_focus_dashboard_drawable.xml (OK - compressed)
45042256 res/drawable/recording.png (OK)
45042731 res/drawable/ic_open_with_black_24dp.xml (OK - compressed)
45043000 res/drawable/settings_icon.png (OK)
45043552 res/drawable/black_arrow_right.png (OK)
45044008 res/drawable/shape_round_button_white.xml (OK - compressed)
45044436 res/drawable/minus_icon.png (OK)
45045164 res/drawable/login_user.png (OK)
45048241 res/drawable/drop_shadow_bottom.xml (OK - compressed)
45048568 res/drawable/list_selector_holo_light.xml (OK - compressed)
45048994 res/drawable/shape_master_search_field.xml (OK - compressed)
45049454 res/drawable/cast_ic_mini_controller_mute.xml (OK - compressed)
45049772 res/drawable/hp_bright_1.png (OK)
45051345 res/drawable/shape_focused_nonaccept.xml (OK - compressed)
45051802 res/drawable/com_facebook_button_icon.xml (OK - compressed)
45052108 res/drawable/cast_ic_mini_controller_skip_next.xml (OK - compressed)
45052336 res/drawable/icon2_unfocused.png (OK)
45053112 res/drawable/btn_click.xml (OK - compressed)
45053420 res/drawable/speed_icon.png (OK)
45054492 res/drawable/show_password_selector.xml (OK - compressed)
45054804 res/drawable/selector_sky_list.xml (OK - compressed)
45055128 res/drawable/btn_cab_done_focused_democast.9.png (OK)
45055422 res/drawable/invoice_dashboard_drawable.xml (OK - compressed)
45055849 res/drawable/bg_item_dragging_active_state.xml (OK - compressed)
45056135 res/drawable/notification_tile_bg.xml (OK - compressed)
45056376 res/drawable/main.png (OK)
45075027 res/drawable/icon_favorite_add.xml (OK - compressed)
45075309 res/drawable/shape_search_fields_focused.xml (OK - compressed)
45075750 res/drawable/selector_ads.xml (OK - compressed)
45076013 res/drawable/selector_live_arrow.xml (OK - compressed)
45076319 res/drawable/gray_circle.xml (OK - compressed)
45076661 res/drawable/cast_ic_notification_disconnect.xml (OK - compressed)
45076897 res/drawable/left_recycler_sidebar_tv.xml (OK - compressed)
45077284 res/drawable/btn_cab_done_democast.xml (OK - compressed)
45077632 res/drawable/setting_box_focus.xml (OK - compressed)
45077969 res/drawable/layout_radius.xml (OK - compressed)
45078390 res/drawable/md_item_selected.xml (OK - compressed)
45078655 res/drawable/indicator_selector.xml (OK - compressed)
45078975 res/drawable/buy_now_box_focus_drawable.xml (OK - compressed)
45079400 res/drawable/shape_button1.xml (OK - compressed)
45079848 res/drawable/settings_multiscreen.png (OK)
45081640 res/drawable/item1.webp (OK)
45119258 res/drawable/custom_track_switch.xml (OK - compressed)
45119824 res/drawable/settings_epg.png (OK)
45122199 res/drawable/selector_favourite_vod.xml (OK - compressed)
45122685 res/drawable/ic_favorite.xml (OK - compressed)
45122957 res/drawable/selector_tv_guide.xml (OK - compressed)
45123284 res/drawable/vw_ic_arrow_down.png (OK)
45123587 res/drawable/ic_delete_black.xml (OK - compressed)
45123892 res/drawable/icon1_unfocused.png (OK)
45124302 res/drawable/ic_insert_drive_file_black_24dp.xml (OK - compressed)
45124580 res/drawable/tv_icon.png (OK)
45125498 res/drawable/mr_button_connected_dark.xml (OK - compressed)
45126081 res/drawable/cast_ic_expanded_controller_rewind30.xml (OK - compressed)
45126415 res/drawable/com_facebook_send_button_icon.xml (OK - compressed)
45126754 res/drawable/selector_dashboard_boxes_layout.xml (OK - compressed)
45127064 res/drawable/no_image_available.png (OK)
45132495 res/drawable/lb_control_button_secondary.xml (OK - compressed)
45132896 res/drawable/logo_dark.png (OK)
45133307 res/drawable/rounded_edge_3.xml (OK - compressed)
45133719 res/drawable/cast_ic_notification_play.xml (OK - compressed)
45133952 res/drawable/login_icon1_unfocused.png (OK)
45134798 res/drawable/list_item_bg_pressed.xml (OK - compressed)
45135153 res/drawable/terminated_focus_dashboard_drawable.xml (OK - compressed)
45135598 res/drawable/cast_ic_expanded_controller_pause.xml (OK - compressed)
45135931 res/drawable/abc_ic_go_search_api_material.xml (OK - compressed)
45136224 res/drawable/refresh_button_focused.xml (OK - compressed)
45136667 res/drawable/messenger_button_white_bg_selector.xml (OK - compressed)
45137077 res/drawable/selector_login_fields.xml (OK - compressed)
45137396 res/drawable/settings_settings.png (OK)
45140449 res/drawable/recent_watch_progress.xml (OK - compressed)
45140847 res/drawable/ticket_focus_dashboard_drawable.xml (OK - compressed)
45141312 res/drawable/cast_ic_mini_controller_stop.xml (OK - compressed)
45141544 res/drawable/hplib_ic_forward_vod.xml (OK - compressed)
45141831 res/drawable/shape_small_boxes_layout_focused.xml (OK - compressed)
45142272 res/drawable/vertical_divider.xml (OK - compressed)
45142576 res/drawable/fav_heart_red.png (OK)
45143575 res/drawable/common_google_signin_btn_text_disabled.xml (OK - compressed)
45144104 res/drawable/login_btn_focused.png (OK)
45145409 res/drawable/abc_item_background_holo_light.xml (OK - compressed)
45145828 res/drawable/layer_list_live_category_un_focus_tv.xml (OK - compressed)
45146198 res/drawable/shape_tv_archive_focused.xml (OK - compressed)
45146616 res/drawable/shape_drawer_close_focused.xml (OK - compressed)
45147017 res/drawable/button_hover_play.xml (OK - compressed)
45147408 res/drawable/livetv_icon.png (OK)
45151422 res/drawable/vod_without_focus.xml (OK - compressed)
45151780 res/drawable/selector_tracks_layout.xml (OK - compressed)
45152096 res/drawable/design_snackbar_background.xml (OK - compressed)
45152403 res/drawable/shape_button_for_url.xml (OK - compressed)
45152787 res/drawable/draft_box.xml (OK - compressed)
45153234 res/drawable/abc_list_selector_background_transition_holo_light.xml (OK - compressed)
45153508 res/drawable/search_white.png (OK)
45154225 res/drawable/shape_save_button_focused.xml (OK - compressed)
45154584 res/drawable/star.png (OK)
45155204 res/drawable/movies.png (OK)
45341704 res/drawable/hp_play.png (OK)
45342424 res/drawable/shape_epg_sources.xml (OK - compressed)
45342696 res/drawable/ic_dash_catchup.png (OK)
45381892 res/drawable/live_tv_icon.png (OK)
45383576 res/drawable/design_fab_background.xml (OK - compressed)
45383856 res/drawable/btn_cab_done_focused_castvideo.9.png (OK)
45384126 res/drawable/ripple_effect.xml (OK - compressed)
45384473 res/drawable/cast_tooltip_background.xml (OK - compressed)
45384783 res/drawable/com_facebook_button_like_background.xml (OK - compressed)
45385252 res/drawable/hp_bright_2.png (OK)
45386904 res/drawable/gear_orange.png (OK)
45387356 res/drawable/iptv_smarters_white_large.png (OK)
45388896 res/drawable/gear_white_dashboard.png (OK)
45389756 res/drawable/logo_placeholder_white.png (OK)
45390029 res/drawable/shape_line_login_fields_focused2.xml (OK - compressed)
45390399 res/drawable/series_without_focus.xml (OK - compressed)
45390746 res/drawable/button_play.xml (OK - compressed)
45391132 res/drawable/hp_sorting.png (OK)
45392572 res/drawable/settings_time_format_focus.png (OK)
45394442 res/drawable/cancel_box.xml (OK - compressed)
45394884 res/drawable/cast_expanded_controller_live_indicator_drawable.xml (OK - compressed)
45395200 res/drawable/shadow_bottom.xml (OK - compressed)
45395592 res/drawable/manage_user.png (OK)
45400824 res/drawable/empty_circle.png (OK)
45401588 res/drawable/logout_btn_effect.png (OK)
45403333 res/drawable/hplib_ic_rewind.xml (OK - compressed)
45403603 res/drawable/mr_group_expand.xml (OK - compressed)
45404059 res/drawable/mtrl_tabs_default_indicator.xml (OK - compressed)
45404396 res/drawable/hp_dropdown.png (OK)
45404882 res/drawable/abc_list_selector_holo_light.xml (OK - compressed)
45405307 res/drawable/ic_audiotrack_black_24dp.xml (OK - compressed)
45405589 res/drawable/arrow_forward.xml (OK - compressed)
45405856 res/drawable/account_info.png (OK)
45407603 res/drawable/cast_ic_mini_controller_play.xml (OK - compressed)
45407828 res/drawable/support_agent.png (OK)
45411483 res/drawable/button_delete.xml (OK - compressed)
45411838 res/drawable/hplib_ic_unlock.xml (OK - compressed)
45412100 res/drawable/record.png (OK)
45412756 res/drawable/sw_icon.png (OK)
45414956 res/drawable/warning_icon.png (OK)
45416792 res/drawable/on_demand_background.png (OK)
45465346 res/drawable/ic_mtrl_chip_close_circle.xml (OK - compressed)
45465612 res/drawable/vw_ic_back.png (OK)
45465914 res/drawable/hidepassword_edit_details.xml (OK - compressed)
45466197 res/drawable/shape_login_fields.xml (OK - compressed)
45466658 res/drawable/ic_mini_controller_upcoming_play.xml (OK - compressed)
45466895 res/drawable/ticket_dashboard_drawable.xml (OK - compressed)
45467309 res/drawable/cursor_drawable.xml (OK - compressed)
45467608 res/drawable/green_focused.png (OK)
45488217 res/drawable/img_edit_user.xml (OK - compressed)
45488517 res/drawable/ripple_left_sidebar_live_cat.xml (OK - compressed)
45488840 res/drawable/add_user_black.png (OK)
45489787 res/drawable/epgprogress.xml (OK - compressed)
45490368 res/drawable/user_placeholder.png (OK)
45493456 res/drawable/btn_cab_done_pressed_democast.9.png (OK)
45493736 res/drawable/logo_white.png (OK)
45533247 res/drawable/cast_ic_mini_controller_forward30.xml (OK - compressed)
45533490 res/drawable/shape_parental_settings_focused.xml (OK - compressed)
45533899 res/drawable/player_footer_gradient.xml (OK - compressed)
45534220 res/drawable/settings_box_focus.png (OK)
45536248 res/drawable/login_icon2_unfocused.png (OK)
45537324 res/drawable/hp_bright_7.png (OK)
45539152 res/drawable/livetv_focused.png (OK)
45586084 res/drawable/ic_favorite_normal.xml (OK - compressed)
45586363 res/drawable/shape_vod_layout_focused.xml (OK - compressed)
45586804 res/drawable/hp_aspect_ratio.png (OK)
45587044 res/drawable/green_background.png (OK)
45607665 res/drawable/abc_list_divider_material.xml (OK - compressed)
45607986 res/drawable/shape_sky_list_focused.xml (OK - compressed)
45608312 res/drawable/selector_save_button.xml (OK - compressed)
45608636 res/drawable/multiscreen_icon.png (OK)
45609008 res/drawable/arrow.png (OK)
45609420 res/drawable/services_dashboard_drawable.xml (OK - compressed)
45609826 res/drawable/ic_thumb.xml (OK - compressed)
45610120 res/drawable/shape_play_focused.xml (OK - compressed)
45610572 res/drawable/chromecast_filled_black.png (OK)
45611883 res/drawable/cast_ic_expanded_controller_stop.xml (OK - compressed)
45612200 res/drawable/logn_new_bg.jpg (OK)
45724255 res/drawable/cast_ic_mini_controller_pause.xml (OK - compressed)
45724480 res/drawable/lb_background.xml (OK - compressed)
45724785 res/drawable/md_btn_selected_dark.xml (OK - compressed)
45725261 res/drawable/bg_key.xml (OK - compressed)
45725607 res/drawable/bg_item_dragging_state.xml (OK - compressed)
45725911 res/drawable/cast_expanded_controller_seekbar_thumb.xml (OK - compressed)
45726344 res/drawable/aspect_ratio.png (OK)
45727432 res/drawable/shape_list_multidns_focused.xml (OK - compressed)
45727791 res/drawable/shape_vpn_focus.xml (OK - compressed)
45728144 res/drawable/reset_icon.png (OK)
45729214 res/drawable/shape_show_password.xml (OK - compressed)
45729677 res/drawable/abc_item_background_holo_dark.xml (OK - compressed)
45730079 res/drawable/tooltip_frame_light.xml (OK - compressed)
45730387 res/drawable/selector_black_focus.xml (OK - compressed)
45730718 res/drawable/ic_library_music_black_24dp.xml (OK - compressed)
45731017 res/drawable/com_facebook_button_background.xml (OK - compressed)
45731493 res/drawable/refounded_box.xml (OK - compressed)
45731905 res/drawable/md_btn_selector_dark.xml (OK - compressed)
45732259 res/drawable/hplib_ic_grid.xml (OK - compressed)
45732565 res/drawable/hp_seekbar_circle_1.xml (OK - compressed)
45733109 res/drawable/vpn_checkbox.xml (OK - compressed)
45733417 res/drawable/design_bottom_navigation_item_background.xml (OK - compressed)
45733775 res/drawable/selector_button.xml (OK - compressed)
45734084 res/drawable/search_view.png (OK)
45734510 res/drawable/ic_zoom_out_map_black_24dp.xml (OK - compressed)
45734776 res/drawable/movies_icon.png (OK)
45736553 res/drawable/selector_search_fields.xml (OK - compressed)
45736855 res/drawable/button1.xml (OK - compressed)
45737196 res/drawable/hp_playback_speed.png (OK)
45737897 res/drawable/common_google_signin_btn_icon_light_normal.xml (OK - compressed)
45738232 res/drawable/ripple_left_sidebar.xml (OK - compressed)
45738562 res/drawable/lb_playback_progress_bar.xml (OK - compressed)
45738908 res/drawable/plus_icon.png (OK)
45739644 res/drawable/settings_epg_timeline.png (OK)
45741920 res/drawable/md_transparent.xml (OK - compressed)
45742196 res/drawable/red_scrubber_secondary_holo.png (OK)
45742388 res/drawable/settings_player_section_focus.png (OK)
45743348 res/drawable/lb_playback_now_playing_bar.xml (OK - compressed)
45743677 res/drawable/mr_dialog_close_light.xml (OK - compressed)
45743978 res/drawable/lb_search_orb.xml (OK - compressed)
45744206 res/drawable/shape_livetv_focused.xml (OK - compressed)
45744612 res/drawable/hp_rewind.png (OK)
45746046 res/drawable/shape_list_categories_focused.xml (OK - compressed)
45746315 res/drawable/selector_livetv.xml (OK - compressed)
45746661 res/drawable/cast_expanded_controller_seekbar_track.xml (OK - compressed)
45747040 res/drawable/player_pause.png (OK)
45747276 res/drawable/black_button_dark.png (OK)
45748138 res/drawable/cast_ic_mini_controller_rewind30.xml (OK - compressed)
45748369 res/drawable/list_item_bg_normal.xml (OK - compressed)
45748719 res/drawable/abc_seekbar_tick_mark_material.xml (OK - compressed)
45749055 res/drawable/selector_live_streams_layout.xml (OK - compressed)
45749361 res/drawable/tooltip_frame_dark.xml (OK - compressed)
45749661 res/drawable/rounded_edge.xml (OK - compressed)
45750072 res/drawable/cast_ic_notification_forward30.xml (OK - compressed)
45750302 res/drawable/shape_left_sidebar.xml (OK - compressed)
45750568 res/drawable/hp_download.png (OK)
45750935 res/drawable/refresh_button.xml (OK - compressed)
45751220 res/drawable/settings_rating.png (OK)
45752941 res/drawable/ripple_white.xml (OK - compressed)
45753284 res/drawable/logo_white_long.png (OK)
45954920 res/drawable/settings_icon_black.png (OK)
45957761 res/drawable/common_google_signin_btn_text_dark.xml (OK - compressed)
45958092 res/drawable/guide_icon.png (OK)
45958605 res/drawable/menu_search_selector.xml (OK - compressed)
45958912 res/drawable/music_ic.png (OK)
45959492 res/drawable/logo_watermark.png (OK)
46053163 res/drawable/lb_speech_orb.xml (OK - compressed)
46053400 res/drawable/settings_multiscreen_focus.png (OK)
46054681 res/drawable/hp_seekbar_circle_2.xml (OK - compressed)
46055001 res/drawable/md_btn_selected.xml (OK - compressed)
46055480 res/drawable/screen4.png (OK)
46057093 res/drawable/fraud_dashboard_drawable.xml (OK - compressed)
46057460 res/drawable/hp_play_hover.png (OK)
46059636 res/drawable/ic_dash_epg.png (OK)
46099607 res/drawable/lb_control_button_primary.xml (OK - compressed)
46100024 res/drawable/cast_ic_notification_pause.xml (OK - compressed)
46100255 res/drawable/green_without_focus.xml (OK - compressed)
46100627 res/drawable/abc_ratingbar_indicator_material.xml (OK - compressed)
46100996 res/drawable/settings_player_settings_focus.png (OK)
46103556 res/drawable/image.png (OK)
46103936 res/drawable/ic_cart.png (OK)
46105057 res/drawable/abc_cab_background_internal_bg.xml (OK - compressed)
46105335 res/drawable/cast_ic_expanded_controller_mute.xml (OK - compressed)
46105711 res/drawable/setting_checkbox_focused.xml (OK - compressed)
46106061 res/drawable/abc_ic_search_api_material.xml (OK - compressed)
46106373 res/drawable/cast_ic_expanded_controller_skip_previous.xml (OK - compressed)
46106692 res/drawable/hp_audio_icon.png (OK)
46107381 res/drawable/cast_ic_mini_controller_play_large.xml (OK - compressed)
46107626 res/drawable/ic_play_circle_outline_black_24dp.xml (OK - compressed)
46107904 res/drawable/selector_episode_layout.xml (OK - compressed)
46108220 res/drawable/cast_ic_notification_rewind30.xml (OK - compressed)
46108471 res/drawable/ripple_left_sidebar_live_cat_for_mobile.xml (OK - compressed)
46108794 res/drawable/hplib_ic_settings.xml (OK - compressed)
46109071 res/drawable/shape_tv_guide_focused.xml (OK - compressed)
46109483 res/drawable/hplib_ic_rewind_vod.xml (OK - compressed)
46109765 res/drawable/shape_show_password_focused.xml (OK - compressed)
46110214 res/drawable/mr_media_pause_light.xml (OK - compressed)
46110529 res/drawable/ic_video_library_black_24dp.xml (OK - compressed)
46110824 res/drawable/item_background_holo_light.xml (OK - compressed)
46111217 res/drawable/green_focus.xml (OK - compressed)
46111621 res/drawable/shape_search_field.xml (OK - compressed)
46112064 res/drawable/delete_user.png (OK)
46115420 res/drawable/btn_cab_done_default_castvideo.9.png (OK)
46115697 res/drawable/cast_ic_notification_rewind.xml (OK - compressed)
46115938 res/drawable/terminated_dashboard_drawable.xml (OK - compressed)
46116326 res/drawable/common_google_signin_btn_text_light.xml (OK - compressed)
46116679 res/drawable/messenger_button_blue_bg_selector.xml (OK - compressed)
46117080 res/drawable/hp_bright_4.png (OK)
46118856 res/drawable/screen2.png (OK)
46120452 res/drawable/hp_volume_1.png (OK)
46121038 res/drawable/shape_play.xml (OK - compressed)
46121480 res/drawable/menu_dots.png (OK)
46121827 res/drawable/tab_color_selector.xml (OK - compressed)
46122148 res/drawable/selector_accept.xml (OK - compressed)
46122468 res/drawable/settings_player_settings.png (OK)
46125505 res/drawable/shape_round_border_white.xml (OK - compressed)
46125951 res/drawable/shape_parental_setting.xml (OK - compressed)
46126390 res/drawable/selector_save_color.xml (OK - compressed)
46126744 res/drawable/hp_subtitles.png (OK)
46127593 res/drawable/shape_menu_focused.xml (OK - compressed)
46127915 res/drawable/shape_rounded_corners.xml (OK - compressed)
46128219 res/drawable/abc_seekbar_track_material.xml (OK - compressed)
46128728 res/drawable/mr_group_collapse.xml (OK - compressed)
46129176 res/drawable/mr_media_pause_dark.xml (OK - compressed)
46129435 res/drawable/greenprogress.xml (OK - compressed)
46130025 res/drawable/abc_ratingbar_small_material.xml (OK - compressed)
46130380 res/drawable/chromecast_filled.png (OK)
46131738 res/drawable/shape_devices_list.xml (OK - compressed)
46132026 res/drawable/cast_ic_mini_controller_skip_prev.xml (OK - compressed)
46132273 res/drawable/com_facebook_auth_dialog_background.xml (OK - compressed)
46132632 res/drawable/favouraites.png (OK)
46170352 res/drawable/ic_download.png (OK)
46170788 res/drawable/shape_close_icon.xml (OK - compressed)
46171212 res/drawable/full_white_logo.png (OK)
46171481 res/drawable/selector_tv_archive.xml (OK - compressed)
46171812 res/drawable/md_item_selected_dark.xml (OK - compressed)
46172078 res/drawable/shape_list_selected.xml (OK - compressed)
46172356 res/drawable/app_video_center_bg.xml (OK - compressed)
46172660 res/drawable/catch_up_focused.png (OK)
46223238 res/drawable/cast_expanded_controller_actionbar_bg_gradient_light.xml (OK - compressed)
46223556 res/drawable/hp_bright_3.png (OK)
46225264 res/drawable/hp_video_icon.png (OK)
46225818 res/drawable/shape_button_focused.xml (OK - compressed)
46226272 res/drawable/dashboard_import_progress.xml (OK - compressed)
46226752 res/drawable/invoice_list_icon.png (OK)
46227930 res/drawable/selectable_background_stylingactionbar.xml (OK - compressed)
46228266 res/drawable/md_selector_dark.xml (OK - compressed)
46228620 res/drawable/gear_white.png (OK)
46229058 res/drawable/hidepassword.xml (OK - compressed)
46229330 res/drawable/con_sta.xml (OK - compressed)
46229723 res/drawable/abc_seekbar_thumb_material.xml (OK - compressed)
46230167 res/drawable/shape_button_focused_for_url.xml (OK - compressed)
46230626 res/drawable/invoice_focus_dashboard_drawable.xml (OK - compressed)
46231092 res/drawable/abc_textfield_search_material.xml (OK - compressed)
46231472 res/drawable/mr_button_connecting_light.xml (OK - compressed)
46232053 res/drawable/abc_dialog_material_background.xml (OK - compressed)
46232467 res/drawable/cast_ic_notification_skip_next.xml (OK - compressed)
46232688 res/drawable/series.png (OK)
46473241 res/drawable/shape_settings.xml (OK - compressed)
46473677 res/drawable/shape_livetv.xml (OK - compressed)
46474124 res/drawable/vw_ic_uncheck_audio.png (OK)
46474504 res/drawable/hplib_ic_previous.xml (OK - compressed)
46474776 res/drawable/white_arrow_right.png (OK)
46475048 res/drawable/hp_replay.png (OK)
46475812 res/drawable/catch_up_icon.png (OK)
46476869 res/drawable/background_item_selected.xml (OK - compressed)
46477176 res/drawable/lock_circle.png (OK)
46479788 res/drawable/common_google_signin_btn_icon_dark_focused.xml (OK - compressed)
46480266 res/drawable/com_facebook_auth_dialog_cancel_background.xml (OK - compressed)
46480684 res/drawable/settings_external_player_focus.png (OK)
46482980 res/drawable/settings_external_player.png (OK)
46485840 res/drawable/hp_volume_mute.png (OK)
46486651 res/drawable/cancel_box_focus.xml (OK - compressed)
46487092 res/drawable/hp_bright_5.png (OK)
46488904 res/drawable/hp_seekbar.xml (OK - compressed)
46489276 res/drawable/ic_cancel.xml (OK - compressed)
46489548 res/drawable/blue_btn_effect.png (OK)
46491410 res/drawable/abc_edit_text_material.xml (OK - compressed)
46491852 res/drawable/icon3_unfocused.png (OK)
46493117 res/drawable/vod_focus.xml (OK - compressed)
46493541 res/drawable/spinner_background_holo_light.xml (OK - compressed)
46493920 res/drawable/settings_player_section.png (OK)
46495167 res/drawable/mr_button_connected_light.xml (OK - compressed)
46495748 res/drawable/cast_ic_notification_small_icon.xml (OK - compressed)
46495973 res/drawable/selector_play.xml (OK - compressed)
46496286 res/drawable/notification_bg_low.xml (OK - compressed)
46496616 res/drawable/mr_button_light.xml (OK - compressed)
46496982 res/drawable/collection_box.xml (OK - compressed)
46497414 res/drawable/selector_categories_sidebar_layout.xml (OK - compressed)
46497732 res/drawable/button_hover.xml (OK - compressed)
46498126 res/drawable/paid_box_focus.xml (OK - compressed)
46498568 res/drawable/ic_playlist.png (OK)
46499271 res/drawable/cast_ic_notification_connecting.xml (OK - compressed)
46499604 res/drawable/ic_fraud.png (OK)
46500483 res/drawable/navigation_empty_icon.xml (OK - compressed)
46500809 res/drawable/vw_divider_rv_file.xml (OK - compressed)
46501151 res/drawable/cast_mini_controller_gradient_light.xml (OK - compressed)
46501484 res/drawable/settings_automation_focus.png (OK)
46504688 res/drawable/list_selector_background_transition_holo_light.xml (OK - compressed)
46504955 res/drawable/add_user.xml (OK - compressed)
46505248 res/drawable/un_paid_box_focus.xml (OK - compressed)
46505704 res/drawable/messenger_button_blue_bg_round.xml (OK - compressed)
46506275 res/drawable/abc_switch_thumb_material.xml (OK - compressed)
46506590 res/drawable/ripple_effect_ondemand.xml (OK - compressed)
46506940 res/drawable/ic_setting_account_focus.png (OK)
46507960 res/drawable/cast_ic_mini_controller_stop_large.xml (OK - compressed)
46508180 res/drawable/reset.png (OK)
46511636 res/drawable/hp_arrow_back.png (OK)
46512085 res/drawable/default_indicator.xml (OK - compressed)
46512455 res/drawable/hplib_ic_next.xml (OK - compressed)
46512751 res/drawable/common_google_signin_btn_icon_dark_normal.xml (OK - compressed)
46513083 res/drawable/button_hover1.xml (OK - compressed)
46513480 res/drawable/shape_vod_focused.xml (OK - compressed)
46513892 res/drawable/live_with_epg_icon.png (OK)
46514756 res/drawable/im_twocard.jpg (OK)
46529796 res/drawable/settings_speed_test.png (OK)
46532624 res/drawable/hp_bright_6.png (OK)
46534433 res/drawable/shape_view_message_blank.xml (OK - compressed)
46534698 res/drawable/btn_cab_done_castvideo.xml (OK - compressed)
46535044 res/drawable/ic_suspended.png (OK)
46536052 res/drawable/reply_off.png (OK)
46536447 res/drawable/common_google_signin_btn_icon_light.xml (OK - compressed)
46536788 res/drawable/audio_subtitle_track.png (OK)
46537298 res/drawable/blur_lens_selector.xml (OK - compressed)
46537604 res/drawable/login_btn_unfocused.png (OK)
46538907 res/drawable/lb_headers_right_fading.xml (OK - compressed)
46539212 res/drawable/icon2_focused.png (OK)
46540024 res/drawable/mr_media_stop_dark.xml (OK - compressed)
46540287 res/drawable/hplib_ic_subtitle.xml (OK - compressed)
46540589 res/drawable/ic_bell.xml (OK - compressed)
46540865 res/drawable/abc_ic_clear_material.xml (OK - compressed)
46541156 res/drawable/hp_subtitle_settings.png (OK)
46542480 res/drawable/shape_left_sidebar_focused.xml (OK - compressed)
46542753 res/drawable/custom_thumb_switch.xml (OK - compressed)
46543295 res/drawable/ic_microphone.xml (OK - compressed)
46543648 res/drawable/shape.xml (OK - compressed)
46544032 res/drawable/logout_user.png (OK)
46545907 res/drawable/common_google_signin_btn_icon_light_focused.xml (OK - compressed)
46546364 res/drawable/mtrl_snackbar_background.xml (OK - compressed)
46546686 res/drawable/common_google_signin_btn_icon_dark.xml (OK - compressed)
46547040 res/drawable/shape_live_streams_layout_focused.xml (OK - compressed)
46547348 res/drawable/chromecast_without_fill.png (OK)
46548596 res/drawable/switch_user.png (OK)
46554120 res/drawable/settings_speed_test_focus.png (OK)
46556380 res/drawable/abc_tab_indicator_material.xml (OK - compressed)
46556681 res/drawable/paid_box.xml (OK - compressed)
46557092 res/drawable/live_tv_background.png (OK)
46604020 res/drawable/ripple_cathcup.xml (OK - compressed)
46604352 res/drawable/default_.jpg (OK)
46630980 res/drawable/ic_videocam_black_24dp.xml (OK - compressed)
46631268 res/drawable/empty_circle_black.png (OK)
46632017 res/drawable/dropdown_icon_item.xml (OK - compressed)
46632337 res/drawable/mr_dialog_material_background_light.xml (OK - compressed)
46632662 res/drawable/common_google_signin_btn_icon_disabled.xml (OK - compressed)
46633183 res/drawable/category_color_change.xml (OK - compressed)
46633577 res/drawable/btn_click_play.xml (OK - compressed)
46633891 res/drawable/buy_now_box_drawable.xml (OK - compressed)
46634258 res/drawable/notification_bg.xml (OK - compressed)
46634584 res/drawable/hp_sync_1.png (OK)
46635480 res/drawable/shadow_upward.xml (OK - compressed)
46635796 res/drawable/selector_vod.xml (OK - compressed)
46636139 res/drawable/shape_master_search_field_focused.xml (OK - compressed)
46636588 res/drawable/vw_ic_checked_audio.png (OK)
46637128 res/drawable/hp_sync.png (OK)
46638804 res/drawable/lb_onboarding_start_button_background.xml (OK - compressed)
46639136 res/drawable/icon_shadow_light.xml (OK - compressed)
46639513 res/drawable/shape_tracks_focused.xml (OK - compressed)
46639879 res/drawable/common_google_signin_btn_text_light_focused.xml (OK - compressed)
46640346 res/drawable/abc_ic_arrow_drop_right_black_24dp.xml (OK - compressed)
46640762 res/drawable/suspended_dashboard_drawable.xml (OK - compressed)
46641144 res/drawable/fraud_focus_dashboard_drawable.xml (OK - compressed)
46641599 res/drawable/com_facebook_auth_dialog_header_background.xml (OK - compressed)
46641956 res/drawable/epg_icon.png (OK)
46642820 res/drawable/down_arrow.png (OK)
46643117 res/drawable/active_drawable.xml (OK - compressed)
46643484 res/drawable/shape_dots_icon.xml (OK - compressed)
46643908 res/drawable/add_more_user.png (OK)
46646876 res/drawable/live_focus.xml (OK - compressed)
46647284 res/drawable/noposter.png (OK)
46692344 res/drawable/buffering.gif (OK)
46772000 res/drawable/settings_epg_timeline_focus.png (OK)
46774008 res/drawable/settings_time_format.png (OK)
46776490 res/drawable/ic_mtrl_chip_checked_circle.xml (OK - compressed)
46776792 res/drawable/episode_cast_tab_background_clicked.png (OK)
46777116 res/drawable/settings_parental_control_focus.png (OK)
46779368 res/drawable/im_book.png (OK)
47081500 res/drawable/dots_white.png (OK)
47081796 res/drawable/shape_login_fields_focused.xml (OK - compressed)
47082252 res/drawable/settings_stream_format_focus.png (OK)
47083836 res/drawable/icon_shadow_cyan_focused.xml (OK - compressed)
47084238 res/drawable/abc_list_selector_background_transition_holo_dark.xml (OK - compressed)
47084521 res/drawable/abc_ic_ab_back_material.xml (OK - compressed)
47084804 res/drawable/showpassword.xml (OK - compressed)
47085074 res/drawable/shadow_from_top.xml (OK - compressed)
47085392 res/drawable/hp_buffer_size.png (OK)
47086302 res/drawable/shape_live_layout_focused_search.xml (OK - compressed)
47086740 res/drawable/clear_search.png (OK)
47087076 res/drawable/forward_arrow.png (OK)
47087360 res/drawable/dashboard_background.jpg (OK)
47199411 res/drawable/shape_black_without_focus.xml (OK - compressed)
47199868 res/drawable/cast_skip_ad_label_border.xml (OK - compressed)
47200186 res/drawable/shape_line_light_gray_small.xml (OK - compressed)
47200535 res/drawable/cast_ic_mini_controller_closed_caption.xml (OK - compressed)
47200756 res/drawable/l_file.png (OK)
47201264 res/drawable/red_scrubber_primary_holo.png (OK)
47201444 res/drawable/abc_btn_colored_material.xml (OK - compressed)
47201704 res/drawable/hp_volume_2.png (OK)
47202603 res/drawable/selector_vod_layout_new_flow.xml (OK - compressed)
47202931 res/drawable/refounded_box_focus.xml (OK - compressed)
47203376 res/drawable/mr_media_stop_light.xml (OK - compressed)
47203689 res/drawable/com_facebook_favicon_blue.xml (OK - compressed)
47203956 res/drawable/logo_greu.png (OK)
47204384 res/drawable/red_scrubber_track_holo_light.png (OK)
47204552 res/drawable/recent_watch.png (OK)
47226717 res/drawable/showpassword_edit_detail.xml (OK - compressed)
47226990 res/drawable/menu_dots_selector.xml (OK - compressed)
47227312 res/drawable/notification_icon_background.xml (OK - compressed)
47227584 res/drawable/ic_drag_updown_white_24dp.png (OK)
47227852 res/drawable/white_cross.png (OK)
47229055 res/drawable/cast_ic_notification_forward.xml (OK - compressed)
47229284 res/drawable/ripple_effect_vpn.xml (OK - compressed)
47229435 res/drawable/abc_list_selector_holo_dark.xml (OK - compressed)
47229840 res/drawable/home.png (OK)
47230187 res/drawable/shape_settings_focused.xml (OK - compressed)
47230610 res/drawable/messenger_button_white_bg_round.xml (OK - compressed)
47231173 res/drawable/design_password_eye.xml (OK - compressed)
47231480 res/drawable/icon1_focused.png (OK)
47231875 res/drawable/series_focus.xml (OK - compressed)
47232280 res/drawable/box_focused.png (OK)
47234042 res/drawable/selector_eye.xml (OK - compressed)
47234327 res/drawable/shape_button.xml (OK - compressed)
47234781 res/drawable/abc_btn_borderless_material.xml (OK - compressed)
47235116 res/drawable/series_icon_icon.png (OK)
47237868 res/drawable/selector_vod_layout.xml (OK - compressed)
47238176 res/drawable/new_user_img_active.xml (OK - compressed)
47238449 res/drawable/mr_media_play_dark.xml (OK - compressed)
47238722 res/drawable/mr_vol_type_audiotrack_dark.xml (OK - compressed)
47238975 res/drawable/button.xml (OK - compressed)
47239308 res/drawable/hp_episodes.png (OK)
47239865 res/drawable/tab_background_selected.xml (OK - compressed)
47240116 res/drawable/box_unfocused.png (OK)
47240556 res/drawable/hp_radio.png (OK)
47241618 res/drawable/vw_divider_rv.xml (OK - compressed)
47241943 res/drawable/selector_account_info.xml (OK - compressed)
47242265 res/drawable/ic_ratingbar.xml (OK - compressed)
47242577 res/drawable/cast_ic_notification_forward10.xml (OK - compressed)
47242800 res/drawable/hamburger.png (OK)
47242972 res/drawable/live_tv.png (OK)
47513592 res/drawable/icon4_focused.png (OK)
47514392 res/drawable/login_inner1.png (OK)
47602733 res/drawable/shape_episode_layout_focused.xml (OK - compressed)
47603008 res/drawable/settings_epg_focus.png (OK)
47604795 res/drawable/ripple_episode_rounded.xml (OK - compressed)
47605196 res/drawable/settings_vpn_focus.png (OK)
47607662 res/drawable/ic_music_note_black_44dp.xml (OK - compressed)
47607949 res/drawable/icon_shadow_white.xml (OK - compressed)
47608334 res/drawable/ic_slow_motion_video_black_24dp.xml (OK - compressed)
47608622 res/drawable/icon_favorite_remove.xml (OK - compressed)
47608892 res/drawable/settings_box.png (OK)
47609527 res/drawable/selector_dashboard_small_boxes_layout.xml (OK - compressed)
47609874 res/drawable/cast_ic_notification_stop_live_stream.xml (OK - compressed)
47610096 res/drawable/green_tick.png (OK)
47610934 res/drawable/abc_ratingbar_material.xml (OK - compressed)
47611288 res/drawable/shape_black_focus.xml (OK - compressed)
47611753 res/drawable/cast_ic_mini_controller_pause_large.xml (OK - compressed)
47611980 res/drawable/recording_icon.png (OK)
47613208 res/drawable/ripple_devices_list.xml (OK - compressed)
47613524 res/drawable/setting_box.xml (OK - compressed)
47613876 res/drawable/btn_cab_done_default_democast.9.png (OK)
47614148 res/drawable/abc_btn_radio_material.xml (OK - compressed)
47614464 res/drawable/settings_settings_focus.png (OK)
47616978 res/drawable/selector_drawer_close.xml (OK - compressed)
47617307 res/drawable/common_google_signin_btn_text_dark_normal.xml (OK - compressed)
47617660 res/drawable/lb_card_foreground.xml (OK - compressed)
47617884 res/drawable/shape_live_arrow.xml (OK - compressed)
47618170 res/drawable/cast_ic_expanded_controller_play.xml (OK - compressed)
47618500 res/drawable/abc_btn_default_mtrl_shape.xml (OK - compressed)
47618984 res/drawable/ic_remove_circle_white_24dp.png (OK)
47619580 res/drawable/hp_forward.png (OK)
47620996 res/drawable/bar.png (OK)
47623269 res/drawable/hp_seekbar_progress.xml (OK - compressed)
47623648 res/drawable/arrow_f.png (OK)
47623990 res/drawable/md_btn_selector.xml (OK - compressed)
47624373 res/drawable/cast_ic_expanded_controller_closed_caption.xml (OK - compressed)
47624683 res/drawable/circle.xml (OK - compressed)
47624936 res/drawable/screen1.png (OK)
47627636 res/drawable/settings_rating_focus.png (OK)
47628924 res/drawable/episode_cast_tab_background_hover.png (OK)
47629260 res/drawable/hplib_ic_play_download.xml (OK - compressed)
47629557 res/drawable/common_google_signin_btn_text_dark_focused.xml (OK - compressed)
47630019 res/drawable/service_dashboard_drawable.xml (OK - compressed)
47630416 res/drawable/security_key.png (OK)
47631139 res/drawable/vw_selector_cbx_audio.xml (OK - compressed)
47631455 res/drawable/ic_music_note_black_24dp.xml (OK - compressed)
47631735 res/drawable/shadow_right.xml (OK - compressed)
47632041 res/drawable/md_selector.xml (OK - compressed)
47632396 res/drawable/mr_button_dark.xml (OK - compressed)
47632756 res/drawable/hw_icon.png (OK)
47635085 res/drawable/un_paid_box.xml (OK - compressed)
47635492 res/drawable/refresh_button1.xml (OK - compressed)
47635941 res/drawable/common_google_signin_btn_text_light_normal.xml (OK - compressed)
47636308 res/drawable/btn_cab_done_pressed_castvideo.9.png (OK)
47636598 res/drawable/mr_vol_type_audiotrack_light.xml (OK - compressed)
47636928 res/drawable/episode_cast_tab_background_hover_clicked.png (OK)
47637245 res/drawable/hplib_ic_back.xml (OK - compressed)
47637512 res/drawable/player_retry.png (OK)
47638337 res/drawable/bg_item_upcoming_state.xml (OK - compressed)
47638613 res/drawable/abc_vector_test.xml (OK - compressed)
47638884 res/drawable/hplib_ic_forward.xml (OK - compressed)
47639155 res/drawable/selector_setting.xml (OK - compressed)
47639480 res/drawable/ic_terminated.png (OK)
47640169 res/drawable/rounded_button.xml (OK - compressed)
47640483 res/drawable/series_tab_selector.xml (OK - compressed)
47640809 res/drawable/selector_parental_setting.xml (OK - compressed)
47641110 res/drawable/services_focus_dashboard_drawable.xml (OK - compressed)
47641588 res/drawable/abc_spinner_textfield_background_material.xml (OK - compressed)
47642064 res/drawable/m_back.png (OK)
47676576 res/drawable/ic_playlistwg.png (OK)
47677315 res/drawable/shape_account_info_focused.xml (OK - compressed)
47677738 res/drawable/ic_mini_controller_upcoming_stop.xml (OK - compressed)
47677968 res/drawable/shape_account_info.xml (OK - compressed)
47678404 res/drawable/new_user_img.xml (OK - compressed)
47678683 res/drawable/abc_text_cursor_material.xml (OK - compressed)
47679002 res/drawable/ic_restore_white.xml (OK - compressed)
47679288 res/drawable/black_background.jpg (OK)
47791333 res/drawable/shape_list_multidns.xml (OK - compressed)
47791664 res/drawable/com_facebook_button_send_background.xml (OK - compressed)
47792148 res/drawable/aspect_ratio_new.png (OK)
47793228 res/drawable/icon_shadow_focused.xml (OK - compressed)
47793616 res/drawable/back_btn_effect.png (OK)
47795447 res/layout-land-v21/honey_player_testing.xml (OK - compressed)
47799781 res/layout-land-v21/honey_player_epg.xml (OK - compressed)
47804526 res/layout-land-v21/activity_multi_setting_new.xml (OK - compressed)
47805766 res/layout-land-v21/honey_player_live.xml (OK - compressed)
47810602 res/layout-land-v21/honey_player_live_tv.xml (OK - compressed)
47815380 res/drawable-ldrtl-mdpi-v4/abc_spinner_mtrl_am_alpha.9.png (OK)
47815792 res/drawable-ldrtl-mdpi-v4/abc_ic_menu_copy_mtrl_am_alpha.png (OK)
47816036 res/drawable-ldrtl-mdpi-v4/abc_ic_menu_cut_mtrl_alpha.png (OK)
47816384 res/drawable-v19/ic_fullscreen_black_24dp.xml (OK - compressed)
47816695 res/drawable-v19/ic_open_with_black_24dp.xml (OK - compressed)
47817009 res/drawable-v19/ic_zoom_out_map_black_24dp.xml (OK - compressed)
47817330 res/drawable-v19/ic_play_circle_outline_black_24dp.xml (OK - compressed)
47817631 res/drawable-v19/ic_microphone.xml (OK - compressed)
47818041 res/drawable-v19/abc_ic_arrow_drop_right_black_24dp.xml (OK - compressed)
47818470 res/drawable-v19/abc_ic_ab_back_material.xml (OK - compressed)
47818792 res/drawable-v19/ic_restore_white.xml (OK - compressed)
47819126 res/drawable-anydpi-v21/design_ic_visibility_off.xml (OK - compressed)
47819846 res/drawable-anydpi-v21/exo_icon_fastforward.xml (OK - compressed)
47820246 res/drawable-anydpi-v21/ic_menu_24dp.xml (OK - compressed)
47820684 res/drawable-anydpi-v21/exo_icon_stop.xml (OK - compressed)
47821099 res/drawable-anydpi-v21/ic_play_36dp.xml (OK - compressed)
47821490 res/drawable-anydpi-v21/ic_youtube_24dp.xml (OK - compressed)
47821993 res/drawable-anydpi-v21/exo_edit_mode_logo.xml (OK - compressed)
47823657 res/drawable-anydpi-v21/exo_controls_repeat_all.xml (OK - compressed)
47824099 res/drawable-anydpi-v21/ic_fullscreen_exit_24dp.xml (OK - compressed)
47824546 res/drawable-anydpi-v21/exo_controls_fullscreen_enter.xml (OK - compressed)
47824988 res/drawable-anydpi-v21/exo_icon_play.xml (OK - compressed)
47825381 res/drawable-anydpi-v21/exo_icon_previous.xml (OK - compressed)
47825790 res/drawable-anydpi-v21/design_ic_visibility.xml (OK - compressed)
47826162 res/drawable-anydpi-v21/exo_icon_rewind.xml (OK - compressed)
47826569 res/drawable-anydpi-v21/exo_icon_pause.xml (OK - compressed)
47826978 res/drawable-anydpi-v21/hplib_ic_settings.xml (OK - compressed)
47827710 res/drawable-anydpi-v21/exo_controls_repeat_off.xml (OK - compressed)
47828142 res/drawable-anydpi-v21/md_nav_back.xml (OK - compressed)
47828571 res/drawable-anydpi-v21/exo_controls_shuffle.xml (OK - compressed)
47829057 res/drawable-anydpi-v21/ic_pause_36dp.xml (OK - compressed)
47829473 res/drawable-anydpi-v21/exo_controls_repeat_one.xml (OK - compressed)
47829940 res/drawable-anydpi-v21/exo_controls_fullscreen_exit.xml (OK - compressed)
47830388 res/drawable-anydpi-v21/ic_arrow_down_24dp.xml (OK - compressed)
47830805 res/drawable-anydpi-v21/exo_icon_next.xml (OK - compressed)
47831213 res/drawable-anydpi-v21/ic_fullscreen_24dp.xml (OK - compressed)
47831628 res/raw/lb_voice_open.ogg (OK)
47835764 res/raw/lb_voice_no_input.ogg (OK)
47840378 res/raw/youtube_player.html (OK - compressed)
47841588 res/raw/lb_voice_success.ogg (OK)
47846032 res/raw/lb_voice_failure.ogg (OK)
47850636 res/drawable-xhdpi-v4/lb_ic_nav_arrow.png (OK)
47850916 res/drawable-xhdpi-v4/ic_fullscreen_exit_white_24dp.png (OK)
47851132 res/drawable-xhdpi-v4/messenger_bubble_large_blue.png (OK)
47852352 res/drawable-xhdpi-v4/quantum_ic_volume_up_white_36.png (OK)
47853140 res/drawable-xhdpi-v4/quantum_ic_pause_grey600_36.png (OK)
47853348 res/drawable-xhdpi-v4/com_facebook_close.png (OK)
47855536 res/drawable-xhdpi-v4/abc_ic_commit_search_api_mtrl_alpha.png (OK)
47855880 res/drawable-xhdpi-v4/abc_btn_radio_to_on_mtrl_000.png (OK)
47856712 res/drawable-xhdpi-v4/ic_arrow.png (OK)
47856992 res/drawable-xhdpi-v4/abc_text_select_handle_right_mtrl_dark.png (OK)
47857424 res/drawable-xhdpi-v4/icon_external_player_selection.png (OK)
47860944 res/drawable-xhdpi-v4/lb_ic_play_fit.png (OK)
47861428 res/drawable-xhdpi-v4/ic_mr_button_connecting_12_dark.png (OK)
47861860 res/drawable-xhdpi-v4/lb_ic_thumb_up.png (OK)
47862464 res/drawable-xhdpi-v4/sort.png (OK)
47863248 res/drawable-xhdpi-v4/ic_mr_button_connected_21_dark.png (OK)
47863720 res/drawable-xhdpi-v4/ic_mr_button_connecting_27_light.png (OK)
47864164 res/drawable-xhdpi-v4/ic_mr_button_connected_04_light.png (OK)
47864592 res/drawable-xhdpi-v4/home_icon_black.png (OK)
47865344 res/drawable-xhdpi-v4/lb_action_bg_focused.9.png (OK)
47865796 res/drawable-xhdpi-v4/ic_mr_button_connected_04_dark.png (OK)
47866224 res/drawable-xhdpi-v4/ic_pause_36dp.png (OK)
47866448 res/drawable-xhdpi-v4/quantum_ic_closed_caption_grey600_36.png (OK)
47866968 res/drawable-xhdpi-v4/abc_list_pressed_holo_light.9.png (OK)
47867264 res/drawable-xhdpi-v4/ic_mr_button_connected_06_dark.png (OK)
47867716 res/drawable-xhdpi-v4/cast_ic_stop_circle_filled_grey600.png (OK)
47868464 res/drawable-xhdpi-v4/abc_btn_switch_to_on_mtrl_00001.9.png (OK)
47870040 res/drawable-xhdpi-v4/abc_ic_star_black_48dp.png (OK)
47871156 res/drawable-xhdpi-v4/cast_abc_scrubber_primary_mtrl_alpha.9.png (OK)
47871428 res/drawable-xhdpi-v4/tv_arch.png (OK)
47873276 res/drawable-xhdpi-v4/ic_mr_button_connected_28_dark.png (OK)
47873732 res/drawable-xhdpi-v4/ic_vpn_connecting.png (OK)
47891192 res/drawable-xhdpi-v4/close.png (OK)
47891972 res/drawable-xhdpi-v4/ic_mr_button_connected_14_dark.png (OK)
47892428 res/drawable-xhdpi-v4/abc_textfield_default_mtrl_alpha.9.png (OK)
47892692 res/drawable-xhdpi-v4/ic_dialog_close_light.png (OK)
47893036 res/drawable-xhdpi-v4/ic_mr_button_connected_22_light.png (OK)
47893500 res/drawable-xhdpi-v4/quantum_ic_replay_30_white_24.png (OK)
47894292 res/drawable-xhdpi-v4/quantum_ic_stop_white_24.png (OK)
47894472 res/drawable-xhdpi-v4/lb_ic_replay.png (OK)
47895496 res/drawable-xhdpi-v4/ic_mr_button_connecting_01_light.png (OK)
47895912 res/drawable-xhdpi-v4/screen5.png (OK)
47897512 res/drawable-xhdpi-v4/tranparentdark.png (OK)
47897832 res/drawable-xhdpi-v4/abc_text_select_handle_right_mtrl_light.png (OK)
47898264 res/drawable-xhdpi-v4/ic_mr_button_connected_10_light.png (OK)
47898708 res/drawable-xhdpi-v4/ic_mr_button_connected_07_light.png (OK)
47899120 res/drawable-xhdpi-v4/playerselection.png (OK)
47901692 res/drawable-xhdpi-v4/com_facebook_tooltip_black_xout.png (OK)
47901980 res/drawable-xhdpi-v4/catch_background.png (OK)
47952532 res/drawable-xhdpi-v4/favourite_yellow.png (OK)
47953540 res/drawable-xhdpi-v4/lb_ic_search_mic_out.png (OK)
47954280 res/drawable-xhdpi-v4/cast_ic_notification_1.png (OK)
47954868 res/drawable-xhdpi-v4/ic_mr_button_connecting_26_light.png (OK)
47955308 res/drawable-xhdpi-v4/quantum_ic_skip_next_white_36.png (OK)
47955672 res/drawable-xhdpi-v4/logo_home.png (OK)
48022040 res/drawable-xhdpi-v4/ic_menu_24dp.png (OK)
48022280 res/drawable-xhdpi-v4/ic_setting_account.png (OK)
48024432 res/drawable-xhdpi-v4/ic_draft.png (OK)
48025780 res/drawable-xhdpi-v4/splash_new_background.jpg (OK)
48137833 res/drawable-xhdpi-v4/background_editext.xml (OK - compressed)
48138092 res/drawable-xhdpi-v4/logo.png (OK)
48146224 res/drawable-xhdpi-v4/screen3.png (OK)
48147824 res/drawable-xhdpi-v4/automation.png (OK)
48150988 res/drawable-xhdpi-v4/quantum_ic_refresh_white_24.png (OK)
48151592 res/drawable-xhdpi-v4/quantum_ic_forward_30_white_24.png (OK)
48152376 res/drawable-xhdpi-v4/parental_control_icon.png (OK)
48154072 res/drawable-xhdpi-v4/ic_mr_button_connected_29_light.png (OK)
48154540 res/drawable-xhdpi-v4/quantum_ic_skip_next_grey600_36.png (OK)
48155000 res/drawable-xhdpi-v4/ic_launcher1.png (OK)
48167232 res/drawable-xhdpi-v4/ic_mr_button_connected_27_light.png (OK)
48167724 res/drawable-xhdpi-v4/exo_icon_pause.png (OK)
48167976 res/drawable-xhdpi-v4/ic_mr_button_connecting_22_light.png (OK)
48168420 res/drawable-xhdpi-v4/lb_ic_thumb_down_outline.png (OK)
48169256 res/drawable-xhdpi-v4/launcher_logo.png (OK)
48169572 res/drawable-xhdpi-v4/ic_mr_button_connected_14_light.png (OK)
48170016 res/drawable-xhdpi-v4/lb_ic_thumb_up_outline.png (OK)
48170820 res/drawable-xhdpi-v4/exo_icon_previous.png (OK)
48171252 res/drawable-xhdpi-v4/logout_icon.png (OK)
48172240 res/drawable-xhdpi-v4/ic_vol_type_speaker_light.png (OK)
48172992 res/drawable-xhdpi-v4/abc_tab_indicator_mtrl_alpha.9.png (OK)
48173268 res/drawable-xhdpi-v4/quantum_ic_pause_white_24.png (OK)
48173452 res/drawable-xhdpi-v4/ic_play_36dp.png (OK)
48173888 res/drawable-xhdpi-v4/abc_btn_check_to_on_mtrl_015.png (OK)
48174504 res/drawable-xhdpi-v4/ic_vpn_connected.png (OK)
48190075 res/drawable-xhdpi-v4/selector_checkbox.xml (OK - compressed)
48190388 res/drawable-xhdpi-v4/spinner_focused_holo_light.9.png (OK)
48191052 res/drawable-xhdpi-v4/tv_archieve.png (OK)
48193676 res/drawable-xhdpi-v4/edit_icon.png (OK)
48194160 res/drawable-xhdpi-v4/general_settings.png (OK)
48203600 res/drawable-xhdpi-v4/ic_mr_button_connected_20_light.png (OK)
48204072 res/drawable-xhdpi-v4/ic_mr_button_connected_10_dark.png (OK)
48204516 res/drawable-xhdpi-v4/ic_mr_button_connecting_08_dark.png (OK)
48204924 res/drawable-xhdpi-v4/lb_ic_play.png (OK)
48205444 res/drawable-xhdpi-v4/quantum_ic_stop_grey600_48.png (OK)
48205664 res/drawable-xhdpi-v4/quantum_ic_stop_grey600_36.png (OK)
48205880 res/drawable-xhdpi-v4/ic_mr_button_connecting_07_light.png (OK)
48206304 res/drawable-xhdpi-v4/abc_ic_star_half_black_16dp.png (OK)
48206644 res/drawable-xhdpi-v4/cast_ic_stop_circle_filled_white.png (OK)
48207376 res/drawable-xhdpi-v4/ondemand_focused.png (OK)
48255924 res/drawable-xhdpi-v4/epg_stop.png (OK)
48257560 res/drawable-xhdpi-v4/quantum_ic_closed_caption_white_36.png (OK)
48258032 res/drawable-xhdpi-v4/md_nav_back.png (OK)
48258308 res/drawable-xhdpi-v4/hide_icon_menu.png (OK)
48259480 res/drawable-xhdpi-v4/recording.png (OK)
48260212 res/drawable-xhdpi-v4/abc_ab_share_pack_mtrl_alpha.9.png (OK)
48260584 res/drawable-xhdpi-v4/quantum_ic_skip_previous_white_36.png (OK)
48261008 res/drawable-xhdpi-v4/ic_mr_button_connected_02_dark.png (OK)
48261456 res/drawable-xhdpi-v4/ic_mr_button_connecting_25_light.png (OK)
48261888 res/drawable-xhdpi-v4/ic_mr_button_connecting_17_light.png (OK)
48262300 res/drawable-xhdpi-v4/view_detail.png (OK)
48262948 res/drawable-xhdpi-v4/login_user.png (OK)
48266048 res/drawable-xhdpi-v4/ic_mr_button_connected_20_dark.png (OK)
48266520 res/drawable-xhdpi-v4/spinner_default_holo_light.9.png (OK)
48267072 res/drawable-xhdpi-v4/abc_cab_background_top_mtrl_alpha.9.png (OK)
48267368 res/drawable-xhdpi-v4/lb_ic_pause.png (OK)
48267628 res/drawable-xhdpi-v4/lb_ic_skip_next.png (OK)
48268116 res/drawable-xhdpi-v4/exo_icon_stop.png (OK)
48268324 res/drawable-xhdpi-v4/ic_mr_button_connecting_26_dark.png (OK)
48268764 res/drawable-xhdpi-v4/abc_btn_check_to_on_mtrl_000.png (OK)
48269188 res/drawable-xhdpi-v4/right_icon_cat.png (OK)
48269668 res/drawable-xhdpi-v4/lb_ic_skip_previous.png (OK)
48270192 res/drawable-xhdpi-v4/ic_mr_button_connecting_14_dark.png (OK)
48270620 res/drawable-xhdpi-v4/ic_mr_button_connecting_17_dark.png (OK)
48271032 res/drawable-xhdpi-v4/speed_icon.png (OK)
48273116 res/drawable-xhdpi-v4/ic_cancelation.png (OK)
48274128 res/drawable-xhdpi-v4/ic_active.png (OK)
48276204 res/drawable-xhdpi-v4/abc_list_divider_mtrl_alpha.9.png (OK)
48276460 res/drawable-xhdpi-v4/ic_mr_button_connecting_00_dark.png (OK)
48276880 res/drawable-xhdpi-v4/lb_ic_fast_rewind.png (OK)
48277464 res/drawable-xhdpi-v4/abc_menu_hardkey_panel_mtrl_mult.9.png (OK)
48278464 res/drawable-xhdpi-v4/main.png (OK)
48297140 res/drawable-xhdpi-v4/ic_mr_button_connecting_10_light.png (OK)
48297592 res/drawable-xhdpi-v4/com_facebook_button_like_icon_selected.png (OK)
48297888 res/drawable-xhdpi-v4/cast_abc_scrubber_control_off_mtrl_alpha.png (OK)
48298304 res/drawable-xhdpi-v4/ic_mr_button_connected_08_light.png (OK)
48298724 res/drawable-xhdpi-v4/lb_card_shadow_focused.9.png (OK)
48302196 res/drawable-xhdpi-v4/messenger_bubble_large_white.png (OK)
48303032 res/drawable-xhdpi-v4/left_icon_cat.png (OK)
48303536 res/drawable-xhdpi-v4/quantum_ic_pause_circle_filled_grey600_36.png (OK)
48304432 res/drawable-xhdpi-v4/ic_media_pause_dark.png (OK)
48304652 res/drawable-xhdpi-v4/ic_mr_button_grey.png (OK)
48305344 res/drawable-xhdpi-v4/lb_in_app_search_bg.9.png (OK)
48305772 res/drawable-xhdpi-v4/ic_home.png (OK)
48306724 res/drawable-xhdpi-v4/abc_ic_star_half_black_48dp.png (OK)
48307464 res/drawable-xhdpi-v4/ic_fullscreen_white_24dp.png (OK)
48307684 res/drawable-xhdpi-v4/ic_mr_button_connecting_28_light.png (OK)
48308120 res/drawable-xhdpi-v4/ic_mr_button_connected_25_light.png (OK)
48308596 res/drawable-xhdpi-v4/ic_mr_button_disconnected_light.png (OK)
48309580 res/drawable-xhdpi-v4/abc_textfield_search_activated_mtrl_alpha.9.png (OK)
48309828 res/drawable-xhdpi-v4/tv_icon.png (OK)
48310772 res/drawable-xhdpi-v4/abc_list_selector_disabled_holo_light.9.png (OK)
48311084 res/drawable-xhdpi-v4/ic_media_play_dark.png (OK)
48311520 res/drawable-xhdpi-v4/ic_media_play_light.png (OK)
48311972 res/drawable-xhdpi-v4/ic_mr_button_connected_03_light.png (OK)
48312392 res/drawable-xhdpi-v4/ic_billing.png (OK)
48313188 res/drawable-xhdpi-v4/messenger_bubble_small_white.png (OK)
48313892 res/drawable-xhdpi-v4/googleg_standard_color_18.png (OK)
48315192 res/drawable-xhdpi-v4/quantum_ic_forward_30_grey600_36.png (OK)
48316548 res/drawable-xhdpi-v4/ic_mr_button_connecting_24_light.png (OK)
48316980 res/drawable-xhdpi-v4/ic_fullscreen_24dp.png (OK)
48317188 res/drawable-xhdpi-v4/ic_vol_type_tv_light.png (OK)
48317508 res/drawable-xhdpi-v4/ic_mr_button_disabled_dark.png (OK)
48318376 res/drawable-xhdpi-v4/ic_mr_button_connected_26_light.png (OK)
48318860 res/drawable-xhdpi-v4/quantum_ic_keyboard_arrow_down_white_36.png (OK)
48319216 res/drawable-xhdpi-v4/abc_btn_switch_to_on_mtrl_00012.9.png (OK)
48321008 res/drawable-xhdpi-v4/ic_mr_button_connected_18_dark.png (OK)
48321448 res/drawable-xhdpi-v4/exo_icon_rewind.png (OK)
48321960 res/drawable-xhdpi-v4/ic_mr_button_connecting_11_light.png (OK)
48322400 res/drawable-xhdpi-v4/abc_btn_radio_to_on_mtrl_015.png (OK)
48323416 res/drawable-xhdpi-v4/folder_icon.png (OK)
48323880 res/drawable-xhdpi-v4/time_format.png (OK)
48326148 res/drawable-xhdpi-v4/ic_mr_button_connecting_02_dark.png (OK)
48326576 res/drawable-xhdpi-v4/addfolder_icon.png (OK)
48328212 res/drawable-xhdpi-v4/show_icon_menu.png (OK)
48329216 res/drawable-xhdpi-v4/quantum_ic_skip_next_white_24.png (OK)
48329524 res/drawable-xhdpi-v4/quantum_ic_replay_white_24.png (OK)
48330120 res/drawable-xhdpi-v4/ic_mr_button_connecting_07_dark.png (OK)
48330540 res/drawable-xhdpi-v4/lb_card_shadow_normal.9.png (OK)
48332080 res/drawable-xhdpi-v4/ic_mr_button_connecting_19_light.png (OK)
48332500 res/drawable-xhdpi-v4/tv_guide_new.png (OK)
48335112 res/drawable-xhdpi-v4/ic_mr_button_connected_19_dark.png (OK)
48335580 res/drawable-xhdpi-v4/abc_spinner_mtrl_am_alpha.9.png (OK)
48336080 res/drawable-xhdpi-v4/exo_controls_repeat_all.png (OK)
48336512 res/drawable-xhdpi-v4/ic_mr_button_connected_21_light.png (OK)
48336960 res/drawable-xhdpi-v4/movies.png (OK)
48523488 res/drawable-xhdpi-v4/lb_ic_actions_right_arrow.png (OK)
48523960 res/drawable-xhdpi-v4/ic_mr_button_connecting_29_dark.png (OK)
48524380 res/drawable-xhdpi-v4/ic_dash_catchup.png (OK)
48563588 res/drawable-xhdpi-v4/lb_ic_search_mic.png (OK)
48564248 res/drawable-xhdpi-v4/live_tv_icon.png (OK)
48567484 res/drawable-xhdpi-v4/gear_orange.png (OK)
48568724 res/drawable-xhdpi-v4/ic_mr_button_connected_16_light.png (OK)
48569184 res/drawable-xhdpi-v4/gear_white_dashboard.png (OK)
48572012 res/drawable-xhdpi-v4/parental_password_lock.png (OK)
48572728 res/drawable-xhdpi-v4/cast_abc_scrubber_control_to_pressed_mtrl_000.png (OK)
48573132 res/drawable-xhdpi-v4/exo_controls_fullscreen_exit.png (OK)
48573360 res/drawable-xhdpi-v4/lb_text_dot_one.png (OK)
48573580 res/drawable-xhdpi-v4/ic_cencel.png (OK)
48575448 res/drawable-xhdpi-v4/ic_dialog_close_dark.png (OK)
48575796 res/drawable-xhdpi-v4/ic_vol_type_speaker_group_light.png (OK)
48576488 res/drawable-xhdpi-v4/list_longpressed_holo.9.png (OK)
48576764 res/drawable-xhdpi-v4/manage_user.png (OK)
48582004 res/drawable-xhdpi-v4/login_icon.png (OK)
48582612 res/drawable-xhdpi-v4/abc_scrubber_control_to_pressed_mtrl_005.png (OK)
48583164 res/drawable-xhdpi-v4/ic_mr_button_connecting_03_light.png (OK)
48583588 res/drawable-xhdpi-v4/account_info.png (OK)
48585328 res/drawable-xhdpi-v4/ic_myservice.png (OK)
48586988 res/drawable-xhdpi-v4/abc_ic_menu_share_mtrl_alpha.png (OK)
48587632 res/drawable-xhdpi-v4/ic_mr_button_connected_08_dark.png (OK)
48588040 res/drawable-xhdpi-v4/support_agent.png (OK)
48589752 res/drawable-xhdpi-v4/ic_audiotrack_light.png (OK)
48590100 res/drawable-xhdpi-v4/quantum_ic_forward_30_white_36.png (OK)
48591196 res/drawable-xhdpi-v4/record.png (OK)
48592452 res/drawable-xhdpi-v4/abc_ic_star_half_black_36dp.png (OK)
48593024 res/drawable-xhdpi-v4/ic_mr_button_connected_03_dark.png (OK)
48593456 res/drawable-xhdpi-v4/on_demand_background.png (OK)
48642052 res/drawable-xhdpi-v4/common_google_signin_btn_text_light_normal_background.9.png (OK)
48642948 res/drawable-xhdpi-v4/ic_mr_button_connected_00_light.png (OK)
48643384 res/drawable-xhdpi-v4/ic_mr_button_connecting_11_dark.png (OK)
48643828 res/drawable-xhdpi-v4/ic_mr_button_connecting_06_light.png (OK)
48644260 res/drawable-xhdpi-v4/lb_ic_thumb_down.png (OK)
48644876 res/drawable-xhdpi-v4/green_focused.png (OK)
48665496 res/drawable-xhdpi-v4/lb_ic_shuffle.png (OK)
48666168 res/drawable-xhdpi-v4/user_placeholder.png (OK)
48667552 res/drawable-xhdpi-v4/common_google_signin_btn_icon_light_normal_background.9.png (OK)
48668396 res/drawable-xhdpi-v4/lb_ic_pip.png (OK)
48668656 res/drawable-xhdpi-v4/exo_edit_mode_logo.png (OK)
48669560 res/drawable-xhdpi-v4/abc_text_select_handle_middle_mtrl_dark.png (OK)
48670476 res/drawable-xhdpi-v4/abc_list_selector_disabled_holo_dark.9.png (OK)
48670784 res/drawable-xhdpi-v4/livetv_focused.png (OK)
48717744 res/drawable-xhdpi-v4/abc_scrubber_control_off_mtrl_alpha.png (OK)
48718160 res/drawable-xhdpi-v4/abc_ic_menu_copy_mtrl_am_alpha.png (OK)
48718472 res/drawable-xhdpi-v4/ic_mr_button_connected_11_light.png (OK)
48718908 res/drawable-xhdpi-v4/green_background.png (OK)
48739532 res/drawable-xhdpi-v4/audio_track_icon.png (OK)
48740192 res/drawable-xhdpi-v4/ic_mr_button_connecting_21_light.png (OK)
48740624 res/drawable-xhdpi-v4/ic_volume_up_white_36dp.png (OK)
48741396 res/drawable-xhdpi-v4/fab_bg_mini.png (OK)
48747400 res/drawable-xhdpi-v4/multiscreen_icon.png (OK)
48748664 res/drawable-xhdpi-v4/com_facebook_tooltip_blue_bottomnub.png (OK)
48749828 res/drawable-xhdpi-v4/ic_mr_button_connected_19_light.png (OK)
48750288 res/drawable-xhdpi-v4/list_activated_holo.9.png (OK)
48750560 res/drawable-xhdpi-v4/ic_up.png (OK)
48751092 res/drawable-xhdpi-v4/logn_new_bg.jpg (OK)
48863152 res/drawable-xhdpi-v4/ic_volume_off_white_36dp.png (OK)
48864060 res/drawable-xhdpi-v4/lb_in_app_search_shadow_focused.9.png (OK)
48866404 res/drawable-xhdpi-v4/ic_mr_button_connecting_00_light.png (OK)
48866840 res/drawable-xhdpi-v4/ic_mr_button_connected_02_light.png (OK)
48867288 res/drawable-xhdpi-v4/ic_mr_button_connected_28_light.png (OK)
48867744 res/drawable-xhdpi-v4/list_focused_holo.9.png (OK)
48868048 res/drawable-xhdpi-v4/reset_icon.png (OK)
48870132 res/drawable-xhdpi-v4/ic_mr_button_connecting_02_light.png (OK)
48870580 res/drawable-xhdpi-v4/ic_mr_button_connected_05_light.png (OK)
48871016 res/drawable-xhdpi-v4/player_play_newflow.png (OK)
48871980 res/drawable-xhdpi-v4/ic_fullscreen_exit_white_36dp.png (OK)
48872196 res/drawable-xhdpi-v4/lb_ic_hq.png (OK)
48872968 res/drawable-xhdpi-v4/com_facebook_tooltip_black_topnub.png (OK)
48873708 res/drawable-xhdpi-v4/com_facebook_tooltip_blue_background.9.png (OK)
48877628 res/drawable-xhdpi-v4/design_ic_visibility.png (OK)
48878372 res/drawable-xhdpi-v4/quantum_ic_pause_circle_filled_white_36.png (OK)
48879164 res/drawable-xhdpi-v4/exo_controls_fullscreen_enter.png (OK)
48879416 res/drawable-xhdpi-v4/abc_textfield_search_default_mtrl_alpha.9.png (OK)
48879676 res/drawable-xhdpi-v4/cast_ic_notification_0.png (OK)
48880240 res/drawable-xhdpi-v4/ic_mr_button_connecting_12_light.png (OK)
48880672 res/drawable-xhdpi-v4/search_view.png (OK)
48881576 res/drawable-xhdpi-v4/ic_mr_button_connecting_13_light.png (OK)
48882004 res/drawable-xhdpi-v4/movies_icon.png (OK)
48885364 res/drawable-xhdpi-v4/cast_ic_notification_on.png (OK)
48885944 res/drawable-xhdpi-v4/ic_mr_button_connecting_09_dark.png (OK)
48886372 res/drawable-xhdpi-v4/lb_text_dot_two_small.png (OK)
48886584 res/drawable-xhdpi-v4/abc_text_select_handle_left_mtrl_light.png (OK)
48887020 res/drawable-xhdpi-v4/quantum_ic_volume_off_grey600_36.png (OK)
48888152 res/drawable-xhdpi-v4/ic_mr_button_connecting_04_dark.png (OK)
48888600 res/drawable-xhdpi-v4/notification_bg_normal_pressed.9.png (OK)
48888944 res/drawable-xhdpi-v4/com_facebook_tooltip_black_background.9.png (OK)
48892188 res/drawable-xhdpi-v4/lb_in_app_search_shadow_normal.9.png (OK)
48893016 res/drawable-xhdpi-v4/player_pause.png (OK)
48893308 res/drawable-xhdpi-v4/parental.png (OK)
48896832 res/drawable-xhdpi-v4/abc_scrubber_primary_mtrl_alpha.9.png (OK)
48897108 res/drawable-xhdpi-v4/ic_vpn_grey.png (OK)
48899444 res/drawable-xhdpi-v4/ic_mr_button_connected_27_dark.png (OK)
48899944 res/drawable-xhdpi-v4/quantum_ic_cast_connected_white_24.png (OK)
48900608 res/drawable-xhdpi-v4/play.png (OK)
48902236 res/drawable-xhdpi-v4/logo_white_long.png (OK)
48968612 res/drawable-xhdpi-v4/settings_icon_black.png (OK)
48969756 res/drawable-xhdpi-v4/ic_mr_button_connecting_05_dark.png (OK)
48970184 res/drawable-xhdpi-v4/guide_icon.png (OK)
48971796 res/drawable-xhdpi-v4/messenger_button_send_round_shadow.png (OK)
48974612 res/drawable-xhdpi-v4/spinner_disabled_holo_light.9.png (OK)
48975064 res/drawable-xhdpi-v4/exo_icon_fastforward.png (OK)
48975548 res/drawable-xhdpi-v4/screen4.png (OK)
48977156 res/drawable-xhdpi-v4/ic_paid.png (OK)
48979392 res/drawable-xhdpi-v4/ic_dash_epg.png (OK)
49019360 res/drawable-xhdpi-v4/ic_playlistw.png (OK)
49020580 res/drawable-xhdpi-v4/ic_youtube_24dp.png (OK)
49021132 res/drawable-xhdpi-v4/abc_ic_star_black_36dp.png (OK)
49021948 res/drawable-xhdpi-v4/ic_stop_white_24dp.png (OK)
49022124 res/drawable-xhdpi-v4/ic_cart.png (OK)
49023256 res/drawable-xhdpi-v4/ic_mr_button_connecting_18_dark.png (OK)
49023696 res/drawable-xhdpi-v4/lb_ic_guidedactions_item_chevron.png (OK)
49024004 res/drawable-xhdpi-v4/rocket_logo2.png (OK)
49037188 res/drawable-xhdpi-v4/exo_icon_play.png (OK)
49037636 res/drawable-xhdpi-v4/quantum_ic_play_arrow_grey600_48.png (OK)
49038140 res/drawable-xhdpi-v4/list_pressed_holo_light.9.png (OK)
49038432 res/drawable-xhdpi-v4/notification_bg_normal.9.png (OK)
49038720 res/drawable-xhdpi-v4/delete_user.png (OK)
49042056 res/drawable-xhdpi-v4/epg.png (OK)
49044928 res/drawable-xhdpi-v4/ic_brightness_6_white_36dp.png (OK)
49045540 res/drawable-xhdpi-v4/ic_mr_button_connecting_25_dark.png (OK)
49045948 res/drawable-xhdpi-v4/screen2.png (OK)
49047576 res/drawable-xhdpi-v4/ic_mr_button_connected_06_light.png (OK)
49048028 res/drawable-xhdpi-v4/quantum_ic_skip_previous_white_24.png (OK)
49048352 res/drawable-xhdpi-v4/menu_dots.png (OK)
49048804 res/drawable-xhdpi-v4/ic_mr_button_connecting_19_dark.png (OK)
49049244 res/drawable-xhdpi-v4/ic_mr_button_connecting_06_dark.png (OK)
49049668 res/drawable-xhdpi-v4/reply_on.png (OK)
49050364 res/drawable-xhdpi-v4/abc_ic_star_black_16dp.png (OK)
49050824 res/drawable-xhdpi-v4/ic_mr_button_connected_00_dark.png (OK)
49051256 res/drawable-xhdpi-v4/quantum_ic_replay_30_white_36.png (OK)
49052404 res/drawable-xhdpi-v4/ic_mr_button_connected_15_light.png (OK)
49052860 res/drawable-xhdpi-v4/ic_mr_button_connecting_23_dark.png (OK)
49053300 res/drawable-xhdpi-v4/ic_mr_button_connecting_28_dark.png (OK)
49053724 res/drawable-xhdpi-v4/subtitle_track_icon.png (OK)
49055632 res/drawable-xhdpi-v4/exo_controls_repeat_one.png (OK)
49056116 res/drawable-xhdpi-v4/ic_mr_button_connecting_20_dark.png (OK)
49056540 res/drawable-xhdpi-v4/lb_ic_sad_cloud.png (OK)
49059572 res/drawable-xhdpi-v4/list_white.png (OK)
49059884 res/drawable-xhdpi-v4/ic_mr_button_connecting_16_light.png (OK)
49060292 res/drawable-xhdpi-v4/favouraites.png (OK)
49098020 res/drawable-xhdpi-v4/ic_download.png (OK)
49098884 res/drawable-xhdpi-v4/ic_fab_complete.png (OK)
49099448 res/drawable-xhdpi-v4/abc_textfield_activated_mtrl_alpha.9.png (OK)
49099724 res/drawable-xhdpi-v4/ic_mr_button_disconnected_dark.png (OK)
49100708 res/drawable-xhdpi-v4/att_to_fav.png (OK)
49102120 res/drawable-xhdpi-v4/common_google_signin_btn_text_dark_normal_background.9.png (OK)
49103280 res/drawable-xhdpi-v4/catch_up_focused.png (OK)
49153848 res/drawable-xhdpi-v4/ic_mr_button_connecting_21_dark.png (OK)
49154296 res/drawable-xhdpi-v4/abc_text_select_handle_left_mtrl_dark.png (OK)
49154740 res/drawable-xhdpi-v4/quantum_ic_play_circle_filled_white_36.png (OK)
49155600 res/drawable-xhdpi-v4/lb_ic_playback_loop.png (OK)
49156224 res/drawable-xhdpi-v4/ic_mr_button_connecting_13_dark.png (OK)
49156652 res/drawable-xhdpi-v4/lock_open.png (OK)
49157388 res/drawable-xhdpi-v4/ic_mr_button_connecting_08_light.png (OK)
49157792 res/drawable-xhdpi-v4/gridview.png (OK)
49158356 res/drawable-xhdpi-v4/quantum_ic_volume_up_grey600_36.png (OK)
49159300 res/drawable-xhdpi-v4/listview_menu.png (OK)
49159884 res/drawable-xhdpi-v4/quantum_ic_art_track_grey600_48.png (OK)
49160528 res/drawable-xhdpi-v4/gear_white.png (OK)
49162744 res/drawable-xhdpi-v4/cast_genre.png (OK)
49163956 res/drawable-xhdpi-v4/abc_switch_track_mtrl_alpha.9.png (OK)
49164668 res/drawable-xhdpi-v4/com_facebook_tooltip_black_bottomnub.png (OK)
49165648 res/drawable-xhdpi-v4/parental_security_key.png (OK)
49166920 res/drawable-xhdpi-v4/ic_mr_button_connected_07_dark.png (OK)
49167336 res/drawable-xhdpi-v4/hplib_ic_settings.png (OK)
49168160 res/drawable-xhdpi-v4/ic_mr_button_connecting_10_dark.png (OK)
49168580 res/drawable-xhdpi-v4/series.png (OK)
49409160 res/drawable-xhdpi-v4/quantum_ic_forward_10_white_24.png (OK)
49409900 res/drawable-xhdpi-v4/com_facebook_button_send_icon_white.png (OK)
49410460 res/drawable-xhdpi-v4/notify_panel_notification_icon_bg.png (OK)
49410628 res/drawable-xhdpi-v4/catch_up_icon.png (OK)
49412388 res/drawable-xhdpi-v4/ic_vol_type_speaker_dark.png (OK)
49413028 res/drawable-xhdpi-v4/ic_audiotrack_dark.png (OK)
49413380 res/drawable-xhdpi-v4/ic_mr_button_connected_13_dark.png (OK)
49413828 res/drawable-xhdpi-v4/epg_play.png (OK)
49415668 res/drawable-xhdpi-v4/ic_mr_button_connecting_15_light.png (OK)
49416076 res/drawable-xhdpi-v4/layout.png (OK)
49416680 res/drawable-xhdpi-v4/logout_icon_menu.png (OK)
49417812 res/drawable-xhdpi-v4/lb_ic_fast_forward.png (OK)
49418372 res/drawable-xhdpi-v4/ic_mr_button_connecting_20_light.png (OK)
49418816 res/drawable-xhdpi-v4/ic_mr_button_connecting_09_light.png (OK)
49419256 res/drawable-xhdpi-v4/quantum_ic_play_arrow_grey600_36.png (OK)
49419708 res/drawable-xhdpi-v4/ic_mr_button_connecting_16_dark.png (OK)
49420136 res/drawable-xhdpi-v4/ic_mr_button_connected_23_light.png (OK)
49420584 res/drawable-xhdpi-v4/ic_playlist.png (OK)
49421768 res/drawable-xhdpi-v4/exo_controls_shuffle.png (OK)
49422252 res/drawable-xhdpi-v4/ic_fraud.png (OK)
49424348 res/drawable-xhdpi-v4/ic_myinvoice.png (OK)
49425852 res/drawable-xhdpi-v4/ic_mr_button_connected_12_light.png (OK)
49426324 res/drawable-xhdpi-v4/ic_mr_button_connected_25_dark.png (OK)
49426800 res/drawable-xhdpi-v4/ic_mr_button_connected_09_dark.png (OK)
49427232 res/drawable-xhdpi-v4/ic_play_arrow_white_24dp.png (OK)
49427544 res/drawable-xhdpi-v4/quantum_ic_play_arrow_white_24.png (OK)
49427856 res/drawable-xhdpi-v4/ic_mr_button_connecting_27_dark.png (OK)
49428304 res/drawable-xhdpi-v4/ic_play_circle_outline_white_36dp.png (OK)
49429520 res/drawable-xhdpi-v4/ic_arrow_down_24dp.png (OK)
49429836 res/drawable-xhdpi-v4/abc_list_pressed_holo_dark.9.png (OK)
49430112 res/drawable-xhdpi-v4/ic_unpaid.png (OK)
49432380 res/drawable-xhdpi-v4/ic_setting_account_focus.png (OK)
49434216 res/drawable-xhdpi-v4/livetv_icon_menu.png (OK)
49435612 res/drawable-xhdpi-v4/reset.png (OK)
49436572 res/drawable-xhdpi-v4/lb_text_dot_two.png (OK)
49436872 res/drawable-xhdpi-v4/lb_ic_loop.png (OK)
49437188 res/drawable-xhdpi-v4/questionmark.png (OK)
49438968 res/drawable-xhdpi-v4/lb_text_dot_one_small.png (OK)
49439140 res/drawable-xhdpi-v4/live_with_epg_icon.png (OK)
49440340 res/drawable-xhdpi-v4/ic_mr_button_connected_12_dark.png (OK)
49440816 res/drawable-xhdpi-v4/list_selector_disabled_holo_light.9.png (OK)
49441140 res/drawable-xhdpi-v4/ic_mr_button_connected_30_light.png (OK)
49441632 res/drawable-xhdpi-v4/common_google_signin_btn_icon_dark_normal_background.9.png (OK)
49442732 res/drawable-xhdpi-v4/ic_suspended.png (OK)
49444840 res/drawable-xhdpi-v4/quantum_ic_replay_30_grey600_36.png (OK)
49446192 res/drawable-xhdpi-v4/reply_off.png (OK)
49446976 res/drawable-xhdpi-v4/com_facebook_tooltip_blue_topnub.png (OK)
49447808 res/drawable-xhdpi-v4/tv_banner.png (OK)
49510796 res/drawable-xhdpi-v4/quantum_ic_volume_off_white_36.png (OK)
49511692 res/drawable-xhdpi-v4/ic_fullscreen_exit_24dp.png (OK)
49511892 res/drawable-xhdpi-v4/logout_user.png (OK)
49513760 res/drawable-xhdpi-v4/ic_chevron_left_white_36dp.png (OK)
49514024 res/drawable-xhdpi-v4/ic_mr_button_connected_22_dark.png (OK)
49514500 res/drawable-xhdpi-v4/quantum_ic_play_circle_filled_grey600_36.png (OK)
49515480 res/drawable-xhdpi-v4/switch_user.png (OK)
49521020 res/drawable-xhdpi-v4/ic_mr_button_connecting_29_light.png (OK)
49521448 res/drawable-xhdpi-v4/ic_media_pause_light.png (OK)
49521668 res/drawable-xhdpi-v4/live_tv_background.png (OK)
49568616 res/drawable-xhdpi-v4/common_full_open_on_phone.png (OK)
49569220 res/drawable-xhdpi-v4/ic_mr_button_connected_01_light.png (OK)
49569644 res/drawable-xhdpi-v4/ic_collections.png (OK)
49571196 res/drawable-xhdpi-v4/ic_mr_button_connected_01_dark.png (OK)
49571636 res/drawable-xhdpi-v4/ic_mr_button_connected_09_light.png (OK)
49572072 res/drawable-xhdpi-v4/quantum_ic_pause_grey600_48.png (OK)
49572304 res/drawable-xhdpi-v4/ic_vol_type_speaker_group_dark.png (OK)
49572944 res/drawable-xhdpi-v4/abc_text_select_handle_middle_mtrl_light.png (OK)
49573852 res/drawable-xhdpi-v4/ic_mr_button_disabled_light.png (OK)
49574724 res/drawable-xhdpi-v4/ic_mr_button_connected_18_light.png (OK)
49575156 res/drawable-xhdpi-v4/epg_icon.png (OK)
49576348 res/drawable-xhdpi-v4/exo_controls_repeat_off.png (OK)
49576816 res/drawable-xhdpi-v4/add_more_user.png (OK)
49579816 res/drawable-xhdpi-v4/ic_mr_button_connecting_01_dark.png (OK)
49580248 res/drawable-xhdpi-v4/ic_billing_left_arrow.png (OK)
49580516 res/drawable-xhdpi-v4/quantum_ic_cast_white_36.png (OK)
49581352 res/drawable-xhdpi-v4/ic_mr_button_connecting_22_dark.png (OK)
49581780 res/drawable-xhdpi-v4/alert_icon.png (OK)
49582624 res/drawable-xhdpi-v4/lb_ic_in_app_search.png (OK)
49583536 res/drawable-xhdpi-v4/dashboard_background.jpg (OK)
49695604 res/drawable-xhdpi-v4/ic_mr_button_connected_05_dark.png (OK)
49696068 res/drawable-xhdpi-v4/cast_abc_scrubber_control_to_pressed_mtrl_005.png (OK)
49696616 res/drawable-xhdpi-v4/spinner_pressed_holo_light.9.png (OK)
49697232 res/drawable-xhdpi-v4/ic_mr_button_connecting_04_light.png (OK)
49697660 res/drawable-xhdpi-v4/lb_ic_loop_one.png (OK)
49698124 res/drawable-xhdpi-v4/ic_mr_button_connected_24_dark.png (OK)
49698604 res/drawable-xhdpi-v4/ic_mr_button_connecting_23_light.png (OK)
49699044 res/drawable-xhdpi-v4/ic_mr_button_connected_15_dark.png (OK)
49699500 res/drawable-xhdpi-v4/ic_mr_button_connecting_15_dark.png (OK)
49699908 res/drawable-xhdpi-v4/home.png (OK)
49700580 res/drawable-xhdpi-v4/ic_pending.png (OK)
49702724 res/drawable-xhdpi-v4/ic_mr_button_connecting_24_dark.png (OK)
49703168 res/drawable-xhdpi-v4/ic_mr_button_connected_29_dark.png (OK)
49703612 res/drawable-xhdpi-v4/ic_down.png (OK)
49704184 res/drawable-xhdpi-v4/com_facebook_tooltip_blue_xout.png (OK)
49704504 res/drawable-xhdpi-v4/cast_ic_notification_2.png (OK)
49705072 res/drawable-xhdpi-v4/ic_media_stop_light.png (OK)
49705276 res/drawable-xhdpi-v4/lb_ic_more.png (OK)
49705604 res/drawable-xhdpi-v4/playersettings.png (OK)
49708968 res/drawable-xhdpi-v4/com_facebook_button_send_icon_blue.png (OK)
49709736 res/drawable-xhdpi-v4/abc_scrubber_control_to_pressed_mtrl_000.png (OK)
49710140 res/drawable-xhdpi-v4/ic_mr_button_connected_30_dark.png (OK)
49710608 res/drawable-xhdpi-v4/ic_mr_button_connected_24_light.png (OK)
49711072 res/drawable-xhdpi-v4/series_icon_icon.png (OK)
49718876 res/drawable-xhdpi-v4/lb_ic_cc.png (OK)
49719580 res/drawable-xhdpi-v4/ic_mr_button_connected_16_dark.png (OK)
49720052 res/drawable-xhdpi-v4/ic_mr_button_connecting_30_dark.png (OK)
49720480 res/drawable-xhdpi-v4/abc_list_focused_holo.9.png (OK)
49720828 res/drawable-xhdpi-v4/ic_mr_button_connected_17_light.png (OK)
49721296 res/drawable-xhdpi-v4/quantum_ic_skip_previous_grey600_36.png (OK)
49721792 res/drawable-xhdpi-v4/quantum_ic_clear_white_24.png (OK)
49722116 res/drawable-xhdpi-v4/live_tv.png (OK)
49992764 res/drawable-xhdpi-v4/abc_popup_background_mtrl_mult.9.png (OK)
49994348 res/drawable-xhdpi-v4/ic_mr_button_connected_17_dark.png (OK)
49994792 res/drawable-xhdpi-v4/rokect_image.png (OK)
50026464 res/drawable-xhdpi-v4/ic_cancelled.png (OK)
50028132 res/drawable-xhdpi-v4/refresh_icon.png (OK)
50029040 res/drawable-xhdpi-v4/ic_mr_button_connected_26_dark.png (OK)
50029520 res/drawable-xhdpi-v4/ic_mr_button_connecting_30_light.png (OK)
50029956 res/drawable-xhdpi-v4/ic_mr_button_connecting_14_light.png (OK)
50030380 res/drawable-xhdpi-v4/exo_notification_small_icon.png (OK)
50031956 res/drawable-xhdpi-v4/ic_tickets.png (OK)
50033744 res/drawable-xhdpi-v4/lock.png (OK)
50034564 res/drawable-xhdpi-v4/abc_ic_menu_selectall_mtrl_alpha.png (OK)
50034864 res/drawable-xhdpi-v4/ic_media_stop_dark.png (OK)
50035068 res/drawable-xhdpi-v4/stop_icon.png (OK)
50036368 res/drawable-xhdpi-v4/recording_icon.png (OK)
50038812 res/drawable-xhdpi-v4/fab_bg_normal.png (OK)
50047396 res/drawable-xhdpi-v4/messenger_bubble_small_blue.png (OK)
50048436 res/drawable-xhdpi-v4/delete_icon.png (OK)
50048756 res/drawable-xhdpi-v4/quantum_ic_bigtop_updates_white_24.png (OK)
50049768 res/drawable-xhdpi-v4/ic_mr_button_connected_23_dark.png (OK)
50050232 res/drawable-xhdpi-v4/abc_list_longpressed_holo.9.png (OK)
50050516 res/drawable-xhdpi-v4/navigae_next.png (OK)
50050756 res/drawable-xhdpi-v4/ic_mr_button_connecting_18_light.png (OK)
50051164 res/drawable-xhdpi-v4/bar.png (OK)
50053436 res/drawable-xhdpi-v4/arrow_f.png (OK)
50053924 res/drawable-xhdpi-v4/googleg_disabled_color_18.png (OK)
50054724 res/drawable-xhdpi-v4/ic_mr_button_connected_11_dark.png (OK)
50055148 res/drawable-xhdpi-v4/screen1.png (OK)
50057848 res/drawable-xhdpi-v4/exo_icon_next.png (OK)
50058316 res/drawable-xhdpi-v4/ic_vpn_not_connect.png (OK)
50074884 res/drawable-xhdpi-v4/abc_ic_menu_paste_mtrl_am_alpha.png (OK)
50075240 res/drawable-xhdpi-v4/ic_mr_button_connecting_03_dark.png (OK)
50075680 res/drawable-xhdpi-v4/abc_ic_menu_cut_mtrl_alpha.png (OK)
50076248 res/drawable-xhdpi-v4/ic_refund.png (OK)
50078208 res/drawable-xhdpi-v4/player_retry.png (OK)
50079112 res/drawable-xhdpi-v4/ic_mr_button_connected_13_light.png (OK)
50079572 res/drawable-xhdpi-v4/ic_vol_type_tv_dark.png (OK)
50079852 res/drawable-xhdpi-v4/streamformat.png (OK)
50081360 res/drawable-xhdpi-v4/notification_bg_low_pressed.9.png (OK)
50081692 res/drawable-xhdpi-v4/design_ic_visibility_off.png (OK)
50082484 res/drawable-xhdpi-v4/ic_mr_button_connecting_05_light.png (OK)
50082916 res/drawable-xhdpi-v4/ic_terminated.png (OK)
50084300 res/drawable-xhdpi-v4/abc_scrubber_track_mtrl_alpha.9.png (OK)
50084568 res/drawable-xhdpi-v4/drop_shadow.9.png (OK)
50085208 res/drawable-xhdpi-v4/ic_playlistwg.png (OK)
50086832 res/drawable-xhdpi-v4/quantum_ic_replay_10_white_24.png (OK)
50087568 res/drawable-xhdpi-v4/black_background.jpg (OK)
50199620 res/drawable-xhdpi-v4/guide_icon_menu.png (OK)
50200448 res/drawable-xhdpi-v4/lb_ic_stop.png (OK)
50200692 res/drawable-xhdpi-v4/notification_bg_low_normal.9.png (OK)
50200988 res/drawable-xhdpi-v4/aspect_ratio_new.png (OK)
50201893 res/xml/splits0.xml (OK - compressed)
50203323 res/xml/searchable.xml (OK - compressed)
50203570 res/xml/app_restrictions.xml (OK - compressed)
50204038 res/xml/settings.xml (OK - compressed)
50204857 res/xml/file_paths.xml (OK - compressed)
50205084 res/xml/provider_path.xml (OK - compressed)
50205380 res/layout-ldrtl/md_listitem_singlechoice.xml (OK - compressed)
50206047 res/layout-ldrtl/md_listitem_multichoice.xml (OK - compressed)
50206724 res/drawable-nodpi-v4/cast_album_art_placeholder.png (OK)
50208516 res/drawable-nodpi-v4/cast_album_art_placeholder_large.png (OK)
50211524 res/drawable-ldrtl-xxhdpi-v4/abc_spinner_mtrl_am_alpha.9.png (OK)
50212144 res/drawable-ldrtl-xxhdpi-v4/abc_ic_menu_copy_mtrl_am_alpha.png (OK)
50212580 res/drawable-ldrtl-xxhdpi-v4/abc_ic_menu_cut_mtrl_alpha.png (OK)
50213429 res/drawable-v22/com_facebook_button_icon.xml (OK - compressed)
50214124 res/drawable-v22/ic_cancel.xml (OK - compressed)
50214695 res/layout-watch-v20/abc_alert_dialog_button_bar_material.xml (OK - compressed)
50215305 res/layout-watch-v20/abc_alert_dialog_title_material.xml (OK - compressed)
50215965 res/drawable-watch-v20/common_google_signin_btn_text_disabled.xml (OK - compressed)
50216469 res/drawable-watch-v20/abc_dialog_material_background.xml (OK - compressed)
50216766 res/drawable-watch-v20/common_google_signin_btn_text_dark_normal.xml (OK - compressed)
50217252 res/drawable-watch-v20/common_google_signin_btn_text_light_normal.xml (OK - compressed)
50217689 res/color/abc_tint_default.xml (OK - compressed)
50218181 res/color/switch_thumb_material_dark.xml (OK - compressed)
50218502 res/color/abc_hint_foreground_material_light.xml (OK - compressed)
50218866 res/color/abc_primary_text_disable_only_material_dark.xml (OK - compressed)
50219178 res/color/mtrl_bottom_nav_item_tint.xml (OK - compressed)
50219558 res/color/mtrl_btn_text_btn_ripple_color.xml (OK - compressed)
50219969 res/color/mtrl_fab_ripple_color.xml (OK - compressed)
50220386 res/color/abc_btn_colored_text_material.xml (OK - compressed)
50220740 res/color/abc_tint_switch_track.xml (OK - compressed)
50221152 res/color/abc_btn_colored_borderless_text_material.xml (OK - compressed)
50221518 res/color/abc_secondary_text_material_dark.xml (OK - compressed)
50221844 res/color/lb_preference_item_secondary_text_color.xml (OK - compressed)
50222167 res/color/mtrl_tabs_legacy_text_color_selector.xml (OK - compressed)
50222470 res/color/abc_tint_edittext.xml (OK - compressed)
50222865 res/color/abc_tint_seek_thumb.xml (OK - compressed)
50223230 res/color/abc_secondary_text_material_light.xml (OK - compressed)
50223553 res/color/mtrl_tabs_icon_color_selector_colored.xml (OK - compressed)
50223864 res/color/mtrl_tabs_ripple_color.xml (OK - compressed)
50224380 res/color/mtrl_bottom_nav_colored_item_tint.xml (OK - compressed)
50224749 res/color/mtrl_chip_background_color.xml (OK - compressed)
50225101 res/color/abc_tint_btn_checkable.xml (OK - compressed)
50225490 res/color/mtrl_chip_ripple_color.xml (OK - compressed)
50225912 res/color/com_facebook_send_button_text_color.xml (OK - compressed)
50226244 res/color/mtrl_btn_text_color_selector.xml (OK - compressed)
50226580 res/color/abc_primary_text_disable_only_material_light.xml (OK - compressed)
50226900 res/color/abc_hint_foreground_material_dark.xml (OK - compressed)
50227270 res/color/abc_background_cache_hint_selector_material_light.xml (OK - compressed)
50227587 res/color/mtrl_btn_bg_color_selector.xml (OK - compressed)
50227910 res/color/abc_primary_text_material_dark.xml (OK - compressed)
50228231 res/color/common_google_signin_btn_text_dark.xml (OK - compressed)
50228606 res/color/lb_preference_item_primary_text_color.xml (OK - compressed)
50228928 res/color/common_google_signin_btn_text_light.xml (OK - compressed)
50229297 res/color/abc_primary_text_material_light.xml (OK - compressed)
50229613 res/color/common_google_signin_btn_tint.xml (OK - compressed)
50229922 res/color/abc_search_url_text.xml (OK - compressed)
50230267 res/color/mtrl_text_btn_text_color_selector.xml (OK - compressed)
50230586 res/color/switch_thumb_material_light.xml (OK - compressed)
50230890 res/color/abc_tint_spinner.xml (OK - compressed)
50231286 res/color/mtrl_chip_text_color.xml (OK - compressed)
50231604 res/color/mtrl_tabs_icon_color_selector.xml (OK - compressed)
50231923 res/color/com_facebook_button_text_color.xml (OK - compressed)
50232266 res/color/design_tint_password_toggle.xml (OK - compressed)
50232585 res/color/mtrl_chip_close_icon_tint.xml (OK - compressed)
50233030 res/color/mtrl_btn_stroke_color_selector.xml (OK - compressed)
50233310 res/color/design_error.xml (OK - compressed)
50233647 res/color/abc_background_cache_hint_selector_material_dark.xml (OK - compressed)
50233968 res/color/mtrl_tabs_colored_ripple_color.xml (OK - compressed)
50234379 res/color/mtrl_btn_ripple_color.xml (OK - compressed)
50234805 res/layout-sw600dp-land-v21/honey_player_testing.xml (OK - compressed)
50239147 res/layout-sw600dp-land-v21/honey_player_epg.xml (OK - compressed)
50243888 res/layout-sw600dp-land-v21/activity_multi_setting_new.xml (OK - compressed)
50245150 res/layout-sw600dp-land-v21/activity_series_all_data_single.xml (OK - compressed)
50247413 res/layout-sw600dp-land-v21/honey_player_live.xml (OK - compressed)
50252244 res/layout-sw600dp-land-v21/honey_player_live_tv.xml (OK - compressed)
50257009 res/layout-sw600dp-land-v13/activity_profile.xml (OK - compressed)
50258526 res/layout-sw600dp-land-v13/activity_view_details.xml (OK - compressed)
50261773 res/layout-sw600dp-land-v13/nst_multi_player_1.xml (OK - compressed)
50266420 res/layout-sw600dp-land-v13/activity_seasons_activitiy.xml (OK - compressed)
50267957 res/layout-sw600dp-land-v13/fragment_live_streams.xml (OK - compressed)
50268853 res/layout-sw600dp-land-v13/playera_add_alert_box.xml (OK - compressed)
50270070 res/layout-sw600dp-land-v13/activity_import_epg_new.xml (OK - compressed)
50271637 res/layout-sw600dp-land-v13/activity_parental_control_activitity.xml (OK - compressed)
50273023 res/layout-sw600dp-land-v13/series_all_data_right_adapter.xml (OK - compressed)
50274384 res/layout-sw600dp-land-v13/activity_settings.xml (OK - compressed)
50277573 res/layout-sw600dp-land-v13/episode_grid_layout.xml (OK - compressed)
50279705 res/layout-sw600dp-land-v13/activity_cancel_invoice.xml (OK - compressed)
50280942 res/layout-sw600dp-land-v13/activity_vod_new_flow_subcategories.xml (OK - compressed)
50282431 res/layout-sw600dp-land-v13/vod_grid_layout.xml (OK - compressed)
50283651 res/layout-sw600dp-land-v13/activity_view_ticket.xml (OK - compressed)
50285040 res/layout-sw600dp-land-v13/directory_listview.xml (OK - compressed)
50285659 res/layout-sw600dp-land-v13/activity_view_details_m3u.xml (OK - compressed)
50288693 res/layout-sw600dp-land-v13/fragment_new_epg_streams.xml (OK - compressed)
50290550 res/layout-sw600dp-land-v13/nst_player_epg.xml (OK - compressed)
50293931 res/layout-sw600dp-land-v13/custom_permission_layout.xml (OK - compressed)
50294932 res/layout-sw600dp-land-v13/single_stream_pop_up_window.xml (OK - compressed)
50296003 res/layout-sw600dp-land-v13/layout_genre_details.xml (OK - compressed)
50297285 res/layout-sw600dp-land-v13/categories_popup.xml (OK - compressed)
50298881 res/layout-sw600dp-land-v13/nst_player_archive.xml (OK - compressed)
50301435 res/layout-sw600dp-land-v13/new_dashboard_layout_without_freetrail.xml (OK - compressed)
50305786 res/layout-sw600dp-land-v13/activity_stream_format.xml (OK - compressed)
50307725 res/layout-sw600dp-land-v13/progress_dialog.xml (OK - compressed)
50308157 res/layout-sw600dp-land-v13/activity_series_detail_m3u.xml (OK - compressed)
50311119 res/layout-sw600dp-land-v13/activity_view_cast_details.xml (OK - compressed)
50313496 res/layout-sw600dp-land-v13/nst_exo_player_vod.xml (OK - compressed)
50315009 res/layout-sw600dp-land-v13/custom_dashboard_unlock_features.xml (OK - compressed)
50316011 res/layout-sw600dp-land-v13/live_streams_epg_layout.xml (OK - compressed)
50316984 res/layout-sw600dp-land-v13/nst_exo_player_sky.xml (OK - compressed)
50320447 res/layout-sw600dp-land-v13/layout_live_new_flow_list_item.xml (OK - compressed)
50321482 res/layout-sw600dp-land-v13/activity_player_settings.xml (OK - compressed)
50323799 res/layout-sw600dp-land-v13/live_all_data_right_adapter_search.xml (OK - compressed)
50325023 res/layout-sw600dp-land-v13/select_dialog_item_folder_load_data_locally2.xml (OK - compressed)
50325847 res/layout-sw600dp-land-v13/honey_player_testing.xml (OK - compressed)
50330128 res/layout-sw600dp-land-v13/activity_search_lower_sdk.xml (OK - compressed)
50332197 res/layout-sw600dp-land-v13/activity_vlcplayer_sky_tv.xml (OK - compressed)
50335590 res/layout-sw600dp-land-v13/person_loading_view.xml (OK - compressed)
50335933 res/layout-sw600dp-land-v13/lb_search_fragment.xml (OK - compressed)
50336331 res/layout-sw600dp-land-v13/activity_app_in_purchase.xml (OK - compressed)
50340141 res/layout-sw600dp-land-v13/fragment_new_epg_exo.xml (OK - compressed)
50342069 res/layout-sw600dp-land-v13/inbuilt_player_float_box.xml (OK - compressed)
50342367 res/layout-sw600dp-land-v13/activity_login_m3u.xml (OK - compressed)
50344503 res/layout-sw600dp-land-v13/screen_selector_popup.xml (OK - compressed)
50345346 res/layout-sw600dp-land-v13/custom_vpn_profile_layout.xml (OK - compressed)
50346480 res/layout-sw600dp-land-v13/nst_vlc_player_archive.xml (OK - compressed)
50350648 res/layout-sw600dp-land-v13/ad_unified_fb.xml (OK - compressed)
50351875 res/layout-sw600dp-land-v13/activity_terminated_service.xml (OK - compressed)
50352747 res/layout-sw600dp-land-v13/nst_multi_player_2.xml (OK - compressed)
50357401 res/layout-sw600dp-land-v13/activity_vlcplayer_multiplayer.xml (OK - compressed)
50358718 res/layout-sw600dp-land-v13/player_live_all_data_left_cat_adapter.xml (OK - compressed)
50359444 res/layout-sw600dp-land-v13/recording_list.xml (OK - compressed)
50360742 res/layout-sw600dp-land-v13/honey_player_epg.xml (OK - compressed)
50365428 res/layout-sw600dp-land-v13/activity_epg_categories_new_flow.xml (OK - compressed)
50367132 res/layout-sw600dp-land-v13/edit_epg_source_layout.xml (OK - compressed)
50368807 res/layout-sw600dp-land-v13/nst_vlc_player_vod_for_device_data.xml (OK - compressed)
50373572 res/layout-sw600dp-land-v13/activity_vlcplayer_multiplayer1.xml (OK - compressed)
50374978 res/layout-sw600dp-land-v13/activity_exoplayer_sky.xml (OK - compressed)
50378392 res/layout-sw600dp-land-v13/demo_pop_up.xml (OK - compressed)
50379791 res/layout-sw600dp-land-v13/activity_automation.xml (OK - compressed)
50381931 res/layout-sw600dp-land-v13/activity_speed_test.xml (OK - compressed)
50383377 res/layout-sw600dp-land-v13/channel_list.xml (OK - compressed)
50384725 res/layout-sw600dp-land-v13/activity_series_activty_new_flow.xml (OK - compressed)
50386275 res/layout-sw600dp-land-v13/season_selector_popup.xml (OK - compressed)
50387359 res/layout-sw600dp-land-v13/activity_my_invoice.xml (OK - compressed)
50389442 res/layout-sw600dp-land-v13/activity_multi_user.xml (OK - compressed)
50391365 res/layout-sw600dp-land-v13/ticket_message_custom_layout.xml (OK - compressed)
50392412 res/layout-sw600dp-land-v13/nst_multi_player_4.xml (OK - compressed)
50397051 res/layout-sw600dp-land-v13/activity_new_epg.xml (OK - compressed)
50398925 res/layout-sw600dp-land-v13/activity_refounded.xml (OK - compressed)
50400147 res/layout-sw600dp-land-v13/activity_vlcplayer_multiplayer3.xml (OK - compressed)
50401610 res/layout-sw600dp-land-v13/right_side_programs_search_adapter.xml (OK - compressed)
50402595 res/layout-sw600dp-land-v13/nst_player_activity.xml (OK - compressed)
50403624 res/layout-sw600dp-land-v13/download_running_popup.xml (OK - compressed)
50404861 res/layout-sw600dp-land-v13/activity_general_settings.xml (OK - compressed)
50407576 res/layout-sw600dp-land-v13/activity_announcements.xml (OK - compressed)
50408830 res/layout-sw600dp-land-v13/activity_vlcplayer_multiplayer5.xml (OK - compressed)
50410147 res/layout-sw600dp-land-v13/activity_routing.xml (OK - compressed)
50412077 res/layout-sw600dp-land-v13/vpn_disconnect_layout.xml (OK - compressed)
50413056 res/layout-sw600dp-land-v13/activity_free_trail.xml (OK - compressed)
50413958 res/layout-sw600dp-land-v13/custom_dashboard_not_downloaded_layout.xml (OK - compressed)
50414954 res/layout-sw600dp-land-v13/activity_vlcplayer_sky.xml (OK - compressed)
50418655 res/layout-sw600dp-land-v13/series_all_data_right_adapter_con_wat.xml (OK - compressed)
50420287 res/layout-sw600dp-land-v13/paid_list_layout.xml (OK - compressed)
50421820 res/layout-sw600dp-land-v13/activity_live_layout.xml (OK - compressed)
50423128 res/layout-sw600dp-land-v13/activity_tv_archive_new_flow_layout.xml (OK - compressed)
50424844 res/layout-sw600dp-land-v13/activity_vlcplayer_multiplayer2.xml (OK - compressed)
50426266 res/layout-sw600dp-land-v13/activity_vpnlogin.xml (OK - compressed)
50428139 res/layout-sw600dp-land-v13/layout_channels_on_video.xml (OK - compressed)
50429447 res/layout-sw600dp-land-v13/activity_active_service.xml (OK - compressed)
50430329 res/layout-sw600dp-land-v13/activity_tv_archive_new_flow.xml (OK - compressed)
50432067 res/layout-sw600dp-land-v13/subtitle_popup_layout.xml (OK - compressed)
50433015 res/layout-sw600dp-land-v13/layout_resume_player.xml (OK - compressed)
50434393 res/layout-sw600dp-land-v13/activity_front_view.xml (OK - compressed)
50435565 res/layout-sw600dp-land-v13/layout_vod_new_flow_list_item.xml (OK - compressed)
50436595 res/layout-sw600dp-land-v13/activity_terms_condition_page.xml (OK - compressed)
50437883 res/layout-sw600dp-land-v13/activity_vlcplayer_multiplayer4.xml (OK - compressed)
50439286 res/layout-sw600dp-land-v13/inbuiltsmartersplayer_activity.xml (OK - compressed)
50439706 res/layout-sw600dp-land-v13/activity_showservice_information.xml (OK - compressed)
50441461 res/layout-sw600dp-land-v13/queue_activity.xml (OK - compressed)
50442111 res/layout-sw600dp-land-v13/appbar_common.xml (OK - compressed)
50442893 res/layout-sw600dp-land-v13/view_password_prompt.xml (OK - compressed)
50444381 res/layout-sw600dp-land-v13/activity_sub_archive.xml (OK - compressed)
50446247 res/layout-sw600dp-land-v13/edit_user_detail_confirmation_alert.xml (OK - compressed)
50447626 res/layout-sw600dp-land-v13/activity_time_format.xml (OK - compressed)
50449535 res/layout-sw600dp-land-v13/fragment_parental_control_setting.xml (OK - compressed)
50451093 res/layout-sw600dp-land-v13/all_services_adapter_custom_list_layout.xml (OK - compressed)
50452172 res/layout-sw600dp-land-v13/layout_announcements.xml (OK - compressed)
50453363 res/layout-sw600dp-land-v13/dissconnect_vpn_alert.xml (OK - compressed)
50454588 res/layout-sw600dp-land-v13/activity_vpn_conntected.xml (OK - compressed)
50456511 res/layout-sw600dp-land-v13/activity_paid_invoice2.xml (OK - compressed)
50457760 res/layout-sw600dp-land-v13/new_dashboard_layout_without_freetrail_xc106.xml (OK - compressed)
50460749 res/layout-sw600dp-land-v13/live_streams_grid_layout.xml (OK - compressed)
50462212 res/layout-sw600dp-land-v13/fragment_vod_subcategories.xml (OK - compressed)
50463153 res/layout-sw600dp-land-v13/activity_multi_setting_new.xml (OK - compressed)
50464380 res/layout-sw600dp-land-v13/delete_recording_popup.xml (OK - compressed)
50465629 res/layout-sw600dp-land-v13/custom_internet_not_working_layout.xml (OK - compressed)
50466663 res/layout-sw600dp-land-v13/custom_externalplayer_layout.xml (OK - compressed)
50467308 res/layout-sw600dp-land-v13/activity_settings_m3u.xml (OK - compressed)
50470506 res/layout-sw600dp-land-v13/launchvpn.xml (OK - compressed)
50471574 res/layout-sw600dp-land-v13/fragment_vod_streams.xml (OK - compressed)
50472316 res/layout-sw600dp-land-v13/activity_quit.xml (OK - compressed)
50473447 res/layout-sw600dp-land-v13/activity_series_all_data_single.xml (OK - compressed)
50475679 res/layout-sw600dp-land-v13/activity_import_m3u.xml (OK - compressed)
50477075 res/layout-sw600dp-land-v13/ad_unified.xml (OK - compressed)
50478759 res/layout-sw600dp-land-v13/hp_subtitle_layout.xml (OK - compressed)
50480098 res/layout-sw600dp-land-v13/activity_splash.xml (OK - compressed)
50481132 res/layout-sw600dp-land-v13/edit_user_prompt.xml (OK - compressed)
50482526 res/layout-sw600dp-land-v13/fragment_recycler_list_view.xml (OK - compressed)
50482903 res/layout-sw600dp-land-v13/fragment_parental_cotrol.xml (OK - compressed)
50484147 res/layout-sw600dp-land-v13/layout_cast_details.xml (OK - compressed)
50485435 res/layout-sw600dp-land-v13/activity_import_vpn.xml (OK - compressed)
50487571 res/layout-sw600dp-land-v13/activity_my_favourite.xml (OK - compressed)
50489342 res/layout-sw600dp-land-v13/activity_routing_p.xml (OK - compressed)
50491165 res/layout-sw600dp-land-v13/replay_alertbox.xml (OK - compressed)
50492325 res/layout-sw600dp-land-v13/player_live_all_data_left_cat_adapter_player.xml (OK - compressed)
50493061 res/layout-sw600dp-land-v13/layout_authenticate_vpn.xml (OK - compressed)
50494610 res/layout-sw600dp-land-v13/live_all_data_channels_search_adapter.xml (OK - compressed)
50495809 res/layout-sw600dp-land-v13/list_devices_adapter.xml (OK - compressed)
50496624 res/layout-sw600dp-land-v13/activity_unpiad_invoice.xml (OK - compressed)
50497837 res/layout-sw600dp-land-v13/rate_us_alert_box.xml (OK - compressed)
50499065 res/layout-sw600dp-land-v13/nst_player_sky.xml (OK - compressed)
50503155 res/layout-sw600dp-land-v13/custom_forgot_password.xml (OK - compressed)
50504203 res/layout-sw600dp-land-v13/activity_tvarchive.xml (OK - compressed)
50505329 res/layout-sw600dp-land-v13/activity_my_ticket.xml (OK - compressed)
50506600 res/layout-sw600dp-land-v13/epg_sources_layout.xml (OK - compressed)
50507980 res/layout-sw600dp-land-v13/activity_rate_us.xml (OK - compressed)
50509482 res/layout-sw600dp-land-v13/activity_check_appupdate.xml (OK - compressed)
50511051 res/layout-sw600dp-land-v13/add_epg_source_layout.xml (OK - compressed)
50512223 res/layout-sw600dp-land-v13/nst_vlc_player.xml (OK - compressed)
50516848 res/layout-sw600dp-land-v13/activity_vod_new_flow.xml (OK - compressed)
50518685 res/layout-sw600dp-land-v13/usernam_password_worng_alert.xml (OK - compressed)
50519973 res/layout-sw600dp-land-v13/login_new.xml (OK - compressed)
50521937 res/layout-sw600dp-land-v13/fragment_search_field.xml (OK - compressed)
50522629 res/layout-sw600dp-land-v13/layout_multiuser_list_item.xml (OK - compressed)
50524165 res/layout-sw600dp-land-v13/layout_list_player.xml (OK - compressed)
50524673 res/layout-sw600dp-land-v13/series_all_data_left_adapter.xml (OK - compressed)
50525358 res/layout-sw600dp-land-v13/cast_grid_layout.xml (OK - compressed)
50526163 res/layout-sw600dp-land-v13/recording_popup.xml (OK - compressed)
50527755 res/layout-sw600dp-land-v13/activity_announcement_alert.xml (OK - compressed)
50528868 res/layout-sw600dp-land-v13/live_all_data_right_adapter.xml (OK - compressed)
50530068 res/layout-sw600dp-land-v13/live_sorting_layout.xml (OK - compressed)
50531358 res/layout-sw600dp-land-v13/activity_buy_now.xml (OK - compressed)
50531831 res/layout-sw600dp-land-v13/nst_player.xml (OK - compressed)
50535901 res/layout-sw600dp-land-v13/activity_series_detail.xml (OK - compressed)
50539374 res/layout-sw600dp-land-v13/ticket_list.xml (OK - compressed)
50540510 res/layout-sw600dp-land-v13/select_dialog_item_folder_load_data_locally.xml (OK - compressed)
50541330 res/layout-sw600dp-land-v13/honey_player_live.xml (OK - compressed)
50546133 res/layout-sw600dp-land-v13/layout_subcateories_cihild_list_item.xml (OK - compressed)
50547297 res/layout-sw600dp-land-v13/vod_linear_layout.xml (OK - compressed)
50548491 res/layout-sw600dp-land-v13/epg_m3u_popup.xml (OK - compressed)
50550136 res/layout-sw600dp-land-v13/activity_series_activit_new_flow_sub_cat.xml (OK - compressed)
50551559 res/layout-sw600dp-land-v13/custom_browser_not_supported.xml (OK - compressed)
50552650 res/layout-sw600dp-land-v13/activity_account_info.xml (OK - compressed)
50554721 res/layout-sw600dp-land-v13/sort_layout.xml (OK - compressed)
50555957 res/layout-sw600dp-land-v13/activity_invoice_paid_detail.xml (OK - compressed)
50556563 res/layout-sw600dp-land-v13/subtitle_layout.xml (OK - compressed)
50558398 res/layout-sw600dp-land-v13/activity_services_dashboard.xml (OK - compressed)
50561029 res/layout-sw600dp-land-v13/layout_progress_bar.xml (OK - compressed)
50561585 res/layout-sw600dp-land-v13/activity_cancelled_serivce.xml (OK - compressed)
50562463 res/layout-sw600dp-land-v13/activity_added_external_player.xml (OK - compressed)
50563865 res/layout-sw600dp-land-v13/activity_recording.xml (OK - compressed)
50565482 res/layout-sw600dp-land-v13/view_movie.xml (OK - compressed)
50566212 res/layout-sw600dp-land-v13/honey_player_live_tv.xml (OK - compressed)
50570946 res/layout-sw600dp-land-v13/view_password_verification.xml (OK - compressed)
50572415 res/layout-sw600dp-land-v13/activity_episode_detail.xml (OK - compressed)
50573901 res/layout-sw600dp-land-v13/new_dashboard_layout.xml (OK - compressed)
50577861 res/layout-sw600dp-land-v13/layout_multiuser_list_item_p.xml (OK - compressed)
50579401 res/layout-sw600dp-land-v13/auto_play_popup_layout.xml (OK - compressed)
50580644 res/layout-sw600dp-land-v13/activity_epgchannel_update.xml (OK - compressed)
50582586 res/layout-sw600dp-land-v13/player_live_all_data_left_channel_adapter.xml (OK - compressed)
50583843 res/layout-sw600dp-land-v13/activity_pending_service.xml (OK - compressed)
50584720 res/layout-sw600dp-land-v13/seasons_button_layout.xml (OK - compressed)
50585292 res/layout-sw600dp-land-v13/nst_vlc_player_vod.xml (OK - compressed)
50590033 res/layout-sw600dp-land-v13/activity_screen_type_settings.xml (OK - compressed)
50592025 res/layout-sw600dp-land-v13/nst_player_vod.xml (OK - compressed)
50595653 res/layout-sw600dp-land-v13/start_download_dialog.xml (OK - compressed)
50595962 res/layout-sw600dp-land-v13/custom_screen_size_popup_layout.xml (OK - compressed)
50597317 res/layout-sw600dp-land-v13/live_streams_linear_layout.xml (OK - compressed)
50598817 res/layout-sw600dp-land-v13/activity_series_layout.xml (OK - compressed)
50600179 res/layout-sw600dp-land-v13/queue_row.xml (OK - compressed)
50601389 res/layout-sw600dp-land-v13/activity_fraud_service.xml (OK - compressed)
50602254 res/layout-sw600dp-land-v13/activity_player_selection.xml (OK - compressed)
50604673 res/layout-sw600dp-land-v13/custom_list_devices_layout.xml (OK - compressed)
50605644 res/layout-sw600dp-land-v13/activity_search.xml (OK - compressed)
50607625 res/layout-sw600dp-land-v13/activity_open_ticket.xml (OK - compressed)
50609376 res/layout-sw600dp-land-v13/layout_movies_on_video.xml (OK - compressed)
50610673 res/layout-sw600dp-land-v13/epg_edit_m3u_popup.xml (OK - compressed)
50612296 res/layout-sw600dp-land-v13/custom_alert_layout.xml (OK - compressed)
50613297 res/layout-sw600dp-land-v13/nst_vlc_player_epg.xml (OK - compressed)
50617893 res/layout-sw600dp-land-v13/edit_m3u_user_prompt.xml (OK - compressed)
50619822 res/layout-sw600dp-land-v13/activity_vod_layout.xml (OK - compressed)
50621396 res/layout-sw600dp-land-v13/activity_epgtime_shift.xml (OK - compressed)
50623398 res/layout-sw600dp-land-v13/activity_live_new_flow.xml (OK - compressed)
50625127 res/layout-sw600dp-land-v13/activity_vlcplayer_epg.xml (OK - compressed)
50629698 res/layout-sw600dp-land-v13/activity_epg_settings.xml (OK - compressed)
50632559 res/layout-sw600dp-land-v13/activity_my_serivces_activiy.xml (OK - compressed)
50635075 res/layout-sw600dp-land-v13/layout_movie_trailer.xml (OK - compressed)
50636366 res/layout-sw600dp-land-v13/activity_suspended_service.xml (OK - compressed)
50637234 res/layout-sw600dp-land-v13/nst_multi_player_3.xml (OK - compressed)
50641878 res/layout-sw600dp-land-v13/permission_alertbox.xml (OK - compressed)
50643121 res/layout-sw600dp-land-v13/activity_external_player.xml (OK - compressed)
50644284 res/mipmap-xhdpi-v4/ic_launcher.png (OK)
50654140 res/mipmap-xhdpi-v4/tv_banner.png (OK)
50706115 res/layout-v22/abc_alert_dialog_button_bar_material.xml (OK - compressed)
50706855 res/layout-v22/login_new_tv.xml (OK - compressed)
50708909 res/layout-large-land-v4/activity_profile.xml (OK - compressed)
50710525 res/layout-large-land-v4/activity_vlcplayer_multiplayer15.xml (OK - compressed)
50711997 res/layout-large-land-v4/activity_view_details.xml (OK - compressed)
50715339 res/layout-large-land-v4/nst_multi_player_1.xml (OK - compressed)
50719857 res/layout-large-land-v4/activity_seasons_activitiy.xml (OK - compressed)
50721392 res/layout-large-land-v4/fragment_live_streams.xml (OK - compressed)
50722285 res/layout-large-land-v4/playera_add_alert_box.xml (OK - compressed)
50723494 res/layout-large-land-v4/activity_import_epg_new.xml (OK - compressed)
50725058 res/layout-large-land-v4/activity_parental_control_activitity.xml (OK - compressed)
50726441 res/layout-large-land-v4/series_all_data_right_adapter.xml (OK - compressed)
50727805 res/layout-large-land-v4/activity_settings.xml (OK - compressed)
50731165 res/layout-large-land-v4/episode_grid_layout.xml (OK - compressed)
50733266 res/layout-large-land-v4/activity_cancel_invoice.xml (OK - compressed)
50734482 res/layout-large-land-v4/activity_vod_new_flow_subcategories.xml (OK - compressed)
50735966 res/layout-large-land-v4/vod_grid_layout.xml (OK - compressed)
50737148 res/layout-large-land-v4/activity_view_ticket.xml (OK - compressed)
50738527 res/layout-large-land-v4/directory_listview.xml (OK - compressed)
50739163 res/layout-large-land-v4/activity_view_details_m3u.xml (OK - compressed)
50742264 res/layout-large-land-v4/fragment_new_epg_streams.xml (OK - compressed)
50744020 res/layout-large-land-v4/nst_player_epg.xml (OK - compressed)
50747398 res/layout-large-land-v4/custom_permission_layout.xml (OK - compressed)
50748489 res/layout-large-land-v4/single_stream_pop_up_window.xml (OK - compressed)
50749631 res/layout-large-land-v4/layout_genre_details.xml (OK - compressed)
50750922 res/layout-large-land-v4/categories_popup.xml (OK - compressed)
50752700 res/layout-large-land-v4/nst_player_archive.xml (OK - compressed)
50755283 res/layout-large-land-v4/new_dashboard_layout_without_freetrail.xml (OK - compressed)
50759855 res/layout-large-land-v4/activity_stream_format.xml (OK - compressed)
50761849 res/layout-large-land-v4/progress_dialog.xml (OK - compressed)
50762278 res/layout-large-land-v4/activity_series_detail_m3u.xml (OK - compressed)
50765333 res/layout-large-land-v4/activity_view_cast_details.xml (OK - compressed)
50767746 res/layout-large-land-v4/nst_exo_player_vod.xml (OK - compressed)
50769248 res/layout-large-land-v4/custom_dashboard_unlock_features.xml (OK - compressed)
50770335 res/layout-large-land-v4/live_streams_epg_layout.xml (OK - compressed)
50771301 res/layout-large-land-v4/nst_exo_player_sky.xml (OK - compressed)
50774761 res/layout-large-land-v4/layout_live_new_flow_list_item.xml (OK - compressed)
50775798 res/layout-large-land-v4/activity_player_settings.xml (OK - compressed)
50778171 res/layout-large-land-v4/live_all_data_right_adapter_search.xml (OK - compressed)
50779423 res/layout-large-land-v4/select_dialog_item_folder_load_data_locally2.xml (OK - compressed)
50780243 res/layout-large-land-v4/honey_player_testing.xml (OK - compressed)
50784609 res/layout-large-land-v4/activity_search_lower_sdk.xml (OK - compressed)
50786714 res/layout-large-land-v4/activity_vlcplayer_sky_tv.xml (OK - compressed)
50790109 res/layout-large-land-v4/activity_app_in_purchase.xml (OK - compressed)
50793947 res/layout-large-land-v4/fragment_new_epg_exo.xml (OK - compressed)
50795872 res/layout-large-land-v4/inbuilt_player_float_box.xml (OK - compressed)
50796167 res/layout-large-land-v4/activity_login_m3u.xml (OK - compressed)
50798323 res/layout-large-land-v4/screen_selector_popup.xml (OK - compressed)
50799219 res/layout-large-land-v4/custom_vpn_profile_layout.xml (OK - compressed)
50800360 res/layout-large-land-v4/nst_vlc_player_archive.xml (OK - compressed)
50804446 res/layout-large-land-v4/ad_unified_fb.xml (OK - compressed)
50805670 res/layout-large-land-v4/activity_terminated_service.xml (OK - compressed)
50806535 res/layout-large-land-v4/nst_multi_player_2.xml (OK - compressed)
50811061 res/layout-large-land-v4/activity_vlcplayer_multiplayer.xml (OK - compressed)
50812345 res/layout-large-land-v4/player_live_all_data_left_cat_adapter.xml (OK - compressed)
50813068 res/layout-large-land-v4/recording_list.xml (OK - compressed)
50814349 res/layout-large-land-v4/honey_player_epg.xml (OK - compressed)
50819246 res/layout-large-land-v4/activity_epg_categories_new_flow.xml (OK - compressed)
50820947 res/layout-large-land-v4/edit_epg_source_layout.xml (OK - compressed)
50822647 res/layout-large-land-v4/nst_vlc_player_vod_for_device_data.xml (OK - compressed)
50827378 res/layout-large-land-v4/activity_vlcplayer_multiplayer1.xml (OK - compressed)
50828781 res/layout-large-land-v4/activity_exoplayer_sky.xml (OK - compressed)
50832193 res/layout-large-land-v4/demo_pop_up.xml (OK - compressed)
50833590 res/layout-large-land-v4/activity_automation.xml (OK - compressed)
50835777 res/layout-large-land-v4/activity_speed_test.xml (OK - compressed)
50837223 res/layout-large-land-v4/channel_list.xml (OK - compressed)
50838559 res/layout-large-land-v4/activity_series_activty_new_flow.xml (OK - compressed)
50840104 res/layout-large-land-v4/season_selector_popup.xml (OK - compressed)
50840936 res/layout-large-land-v4/activity_my_invoice.xml (OK - compressed)
50843078 res/layout-large-land-v4/activity_multi_user.xml (OK - compressed)
50845086 res/layout-large-land-v4/ticket_message_custom_layout.xml (OK - compressed)
50846179 res/layout-large-land-v4/nst_multi_player_4.xml (OK - compressed)
50850689 res/layout-large-land-v4/activity_new_epg.xml (OK - compressed)
50852495 res/layout-large-land-v4/activity_refounded.xml (OK - compressed)
50853712 res/layout-large-land-v4/activity_vlcplayer_multiplayer3.xml (OK - compressed)
50855172 res/layout-large-land-v4/right_side_programs_search_adapter.xml (OK - compressed)
50856184 res/layout-large-land-v4/nst_player_activity.xml (OK - compressed)
50857210 res/layout-large-land-v4/download_running_popup.xml (OK - compressed)
50858394 res/layout-large-land-v4/activity_general_settings.xml (OK - compressed)
50861243 res/layout-large-land-v4/activity_announcements.xml (OK - compressed)
50862387 res/layout-large-land-v4/activity_vlcplayer_multiplayer5.xml (OK - compressed)
50863701 res/layout-large-land-v4/activity_routing.xml (OK - compressed)
50865607 res/layout-large-land-v4/vpn_disconnect_layout.xml (OK - compressed)
50866583 res/layout-large-land-v4/activity_free_trail.xml (OK - compressed)
50867497 res/layout-large-land-v4/custom_dashboard_not_downloaded_layout.xml (OK - compressed)
50868583 res/layout-large-land-v4/activity_vlcplayer_sky.xml (OK - compressed)
50872358 res/layout-large-land-v4/series_all_data_right_adapter_con_wat.xml (OK - compressed)
50873984 res/layout-large-land-v4/paid_list_layout.xml (OK - compressed)
50875415 res/layout-large-land-v4/activity_live_layout.xml (OK - compressed)
50876720 res/layout-large-land-v4/activity_tv_archive_new_flow_layout.xml (OK - compressed)
50878473 res/layout-large-land-v4/activity_vlcplayer_multiplayer2.xml (OK - compressed)
50879888 res/layout-large-land-v4/activity_vpnlogin.xml (OK - compressed)
50881801 res/layout-large-land-v4/layout_channels_on_video.xml (OK - compressed)
50883106 res/layout-large-land-v4/activity_active_service.xml (OK - compressed)
50883987 res/layout-large-land-v4/activity_tv_archive_new_flow.xml (OK - compressed)
50885701 res/layout-large-land-v4/subtitle_popup_layout.xml (OK - compressed)
50886646 res/layout-large-land-v4/layout_resume_player.xml (OK - compressed)
50888016 res/layout-large-land-v4/layout_vod_new_flow_list_item.xml (OK - compressed)
50889043 res/layout-large-land-v4/activity_terms_condition_page.xml (OK - compressed)
50890374 res/layout-large-land-v4/activity_vlcplayer_multiplayer4.xml (OK - compressed)
50891708 res/layout-large-land-v4/inbuiltsmartersplayer_activity.xml (OK - compressed)
50892125 res/layout-large-land-v4/activity_showservice_information.xml (OK - compressed)
50893874 res/layout-large-land-v4/appbar_common.xml (OK - compressed)
50894610 res/layout-large-land-v4/view_password_prompt.xml (OK - compressed)
50895903 res/layout-large-land-v4/activity_sub_archive.xml (OK - compressed)
50897745 res/layout-large-land-v4/edit_user_detail_confirmation_alert.xml (OK - compressed)
50899141 res/layout-large-land-v4/activity_time_format.xml (OK - compressed)
50901075 res/layout-large-land-v4/fragment_parental_control_setting.xml (OK - compressed)
50902635 res/layout-large-land-v4/all_services_adapter_custom_list_layout.xml (OK - compressed)
50903704 res/layout-large-land-v4/layout_announcements.xml (OK - compressed)
50904909 res/layout-large-land-v4/dissconnect_vpn_alert.xml (OK - compressed)
50906120 res/layout-large-land-v4/activity_vpn_conntected.xml (OK - compressed)
50908049 res/layout-large-land-v4/activity_paid_invoice2.xml (OK - compressed)
50909275 res/layout-large-land-v4/new_dashboard_layout_without_freetrail_xc106.xml (OK - compressed)
50912268 res/layout-large-land-v4/live_streams_grid_layout.xml (OK - compressed)
50913728 res/layout-large-land-v4/fragment_vod_subcategories.xml (OK - compressed)
50914666 res/layout-large-land-v4/activity_multi_setting_new.xml (OK - compressed)
50916036 res/layout-large-land-v4/delete_recording_popup.xml (OK - compressed)
50917223 res/layout-large-land-v4/custom_internet_not_working_layout.xml (OK - compressed)
50918272 res/layout-large-land-v4/custom_externalplayer_layout.xml (OK - compressed)
50919007 res/layout-large-land-v4/activity_settings_m3u.xml (OK - compressed)
50922075 res/layout-large-land-v4/fragment_vod_streams.xml (OK - compressed)
50922814 res/layout-large-land-v4/activity_quit.xml (OK - compressed)
50924203 res/layout-large-land-v4/activity_series_all_data_single.xml (OK - compressed)
50926182 res/layout-large-land-v4/activity_import_m3u.xml (OK - compressed)
50927575 res/layout-large-land-v4/ad_unified.xml (OK - compressed)
50929256 res/layout-large-land-v4/hp_subtitle_layout.xml (OK - compressed)
50930613 res/layout-large-land-v4/activity_splash.xml (OK - compressed)
50931645 res/layout-large-land-v4/edit_user_prompt.xml (OK - compressed)
50933348 res/layout-large-land-v4/fragment_parental_cotrol.xml (OK - compressed)
50934587 res/layout-large-land-v4/layout_cast_details.xml (OK - compressed)
50935873 res/layout-large-land-v4/activity_import_vpn.xml (OK - compressed)
50938040 res/layout-large-land-v4/activity_my_favourite.xml (OK - compressed)
50939790 res/layout-large-land-v4/activity_routing_p.xml (OK - compressed)
50941700 res/layout-large-land-v4/replay_alertbox.xml (OK - compressed)
50942931 res/layout-large-land-v4/player_live_all_data_left_cat_adapter_player.xml (OK - compressed)
50943664 res/layout-large-land-v4/layout_authenticate_vpn.xml (OK - compressed)
50945204 res/layout-large-land-v4/live_all_data_channels_search_adapter.xml (OK - compressed)
50946433 res/layout-large-land-v4/list_devices_adapter.xml (OK - compressed)
50947245 res/layout-large-land-v4/activity_unpiad_invoice.xml (OK - compressed)
50948448 res/layout-large-land-v4/rate_us_alert_box.xml (OK - compressed)
50949611 res/layout-large-land-v4/nst_player_sky.xml (OK - compressed)
50953708 res/layout-large-land-v4/custom_forgot_password.xml (OK - compressed)
50954797 res/layout-large-land-v4/activity_tvarchive.xml (OK - compressed)
50955920 res/layout-large-land-v4/activity_my_ticket.xml (OK - compressed)
50957187 res/layout-large-land-v4/epg_sources_layout.xml (OK - compressed)
50958579 res/layout-large-land-v4/activity_rate_us.xml (OK - compressed)
50960174 res/layout-large-land-v4/activity_check_appupdate.xml (OK - compressed)
50961751 res/layout-large-land-v4/add_epg_source_layout.xml (OK - compressed)
50962941 res/layout-large-land-v4/nst_vlc_player.xml (OK - compressed)
50967551 res/layout-large-land-v4/activity_vod_new_flow.xml (OK - compressed)
50969305 res/layout-large-land-v4/usernam_password_worng_alert.xml (OK - compressed)
50970587 res/layout-large-land-v4/login_new.xml (OK - compressed)
50972622 res/layout-large-land-v4/fragment_search_field.xml (OK - compressed)
50973332 res/layout-large-land-v4/layout_multiuser_list_item.xml (OK - compressed)
50974825 res/layout-large-land-v4/layout_list_player.xml (OK - compressed)
50975330 res/layout-large-land-v4/series_all_data_left_adapter.xml (OK - compressed)
50976057 res/layout-large-land-v4/cast_grid_layout.xml (OK - compressed)
50976874 res/layout-large-land-v4/recording_popup.xml (OK - compressed)
50978453 res/layout-large-land-v4/activity_announcement_alert.xml (OK - compressed)
50979588 res/layout-large-land-v4/live_all_data_right_adapter.xml (OK - compressed)
50980817 res/layout-large-land-v4/live_sorting_layout.xml (OK - compressed)
50982105 res/layout-large-land-v4/activity_buy_now.xml (OK - compressed)
50982575 res/layout-large-land-v4/nst_player.xml (OK - compressed)
50986671 res/layout-large-land-v4/activity_series_detail.xml (OK - compressed)
50990164 res/layout-large-land-v4/ticket_list.xml (OK - compressed)
50991251 res/layout-large-land-v4/select_dialog_item_folder_load_data_locally.xml (OK - compressed)
50992067 res/layout-large-land-v4/honey_player_live.xml (OK - compressed)
50996867 res/layout-large-land-v4/layout_subcateories_cihild_list_item.xml (OK - compressed)
50998028 res/layout-large-land-v4/vod_linear_layout.xml (OK - compressed)
50999219 res/layout-large-land-v4/epg_m3u_popup.xml (OK - compressed)
51000869 res/layout-large-land-v4/activity_series_activit_new_flow_sub_cat.xml (OK - compressed)
51002286 res/layout-large-land-v4/custom_browser_not_supported.xml (OK - compressed)
51003416 res/layout-large-land-v4/activity_account_info.xml (OK - compressed)
51005569 res/layout-large-land-v4/sort_layout.xml (OK - compressed)
51006775 res/layout-large-land-v4/activity_invoice_paid_detail.xml (OK - compressed)
51007378 res/layout-large-land-v4/subtitle_layout.xml (OK - compressed)
51009212 res/layout-large-land-v4/activity_services_dashboard.xml (OK - compressed)
51011707 res/layout-large-land-v4/layout_progress_bar.xml (OK - compressed)
51012260 res/layout-large-land-v4/activity_cancelled_serivce.xml (OK - compressed)
51013137 res/layout-large-land-v4/activity_added_external_player.xml (OK - compressed)
51014569 res/layout-large-land-v4/activity_recording.xml (OK - compressed)
51016214 res/layout-large-land-v4/honey_player_live_tv.xml (OK - compressed)
51020945 res/layout-large-land-v4/view_password_verification.xml (OK - compressed)
51022389 res/layout-large-land-v4/activity_episode_detail.xml (OK - compressed)
51023867 res/layout-large-land-v4/new_dashboard_layout.xml (OK - compressed)
51028031 res/layout-large-land-v4/layout_multiuser_list_item_p.xml (OK - compressed)
51029529 res/layout-large-land-v4/auto_play_popup_layout.xml (OK - compressed)
51030874 res/layout-large-land-v4/activity_epgchannel_update.xml (OK - compressed)
51032865 res/layout-large-land-v4/player_live_all_data_left_channel_adapter.xml (OK - compressed)
51034109 res/layout-large-land-v4/activity_pending_service.xml (OK - compressed)
51034983 res/layout-large-land-v4/seasons_button_layout.xml (OK - compressed)
51035578 res/layout-large-land-v4/nst_vlc_player_vod.xml (OK - compressed)
51040295 res/layout-large-land-v4/activity_screen_type_settings.xml (OK - compressed)
51042280 res/layout-large-land-v4/nst_player_vod.xml (OK - compressed)
51046001 res/layout-large-land-v4/start_download_dialog.xml (OK - compressed)
51046307 res/layout-large-land-v4/custom_screen_size_popup_layout.xml (OK - compressed)
51047678 res/layout-large-land-v4/live_streams_linear_layout.xml (OK - compressed)
51049136 res/layout-large-land-v4/activity_series_layout.xml (OK - compressed)
51050516 res/layout-large-land-v4/activity_fraud_service.xml (OK - compressed)
51051392 res/layout-large-land-v4/activity_player_selection.xml (OK - compressed)
51053917 res/layout-large-land-v4/custom_list_devices_layout.xml (OK - compressed)
51054898 res/layout-large-land-v4/activity_search.xml (OK - compressed)
51056905 res/layout-large-land-v4/activity_open_ticket.xml (OK - compressed)
51058647 res/layout-large-land-v4/layout_movies_on_video.xml (OK - compressed)
51059947 res/layout-large-land-v4/epg_edit_m3u_popup.xml (OK - compressed)
51061564 res/layout-large-land-v4/custom_alert_layout.xml (OK - compressed)
51062652 res/layout-large-land-v4/nst_vlc_player_epg.xml (OK - compressed)
51067245 res/layout-large-land-v4/edit_m3u_user_prompt.xml (OK - compressed)
51069281 res/layout-large-land-v4/activity_vod_layout.xml (OK - compressed)
51070847 res/layout-large-land-v4/activity_epgtime_shift.xml (OK - compressed)
51072890 res/layout-large-land-v4/activity_live_new_flow.xml (OK - compressed)
51074628 res/layout-large-land-v4/activity_vlcplayer_epg.xml (OK - compressed)
51079231 res/layout-large-land-v4/activity_epg_settings.xml (OK - compressed)
51082190 res/layout-large-land-v4/activity_my_serivces_activiy.xml (OK - compressed)
51084760 res/layout-large-land-v4/layout_movie_trailer.xml (OK - compressed)
51086234 res/layout-large-land-v4/activity_suspended_service.xml (OK - compressed)
51087099 res/layout-large-land-v4/nst_multi_player_3.xml (OK - compressed)
51091614 res/layout-large-land-v4/permission_alertbox.xml (OK - compressed)
51092819 res/layout-large-land-v4/activity_external_player.xml (OK - compressed)
51094000 res/drawable-ldrtl-xxxhdpi-v4/abc_spinner_mtrl_am_alpha.9.png (OK)
51094532 res/drawable-ldrtl-xxxhdpi-v4/abc_ic_menu_copy_mtrl_am_alpha.png (OK)
51095020 res/drawable-ldrtl-xxxhdpi-v4/abc_ic_menu_cut_mtrl_alpha.png (OK)
51096070 res/layout-v21/lb_details_overview.xml (OK - compressed)
51097051 res/layout-v21/preference_information_material.xml (OK - compressed)
51097829 res/layout-v21/preference_widget_seekbar_material.xml (OK - compressed)
51099047 res/layout-v21/notification_template_icon_group.xml (OK - compressed)
51099551 res/layout-v21/honey_player_testing.xml (OK - compressed)
51103889 res/layout-v21/leanback_preferences_list.xml (OK - compressed)
51104286 res/layout-v21/fragment_parental_control_categories.xml (OK - compressed)
51105041 res/layout-v21/preference_dropdown_material.xml (OK - compressed)
51105457 res/layout-v21/lb_headers_fragment.xml (OK - compressed)
51105987 res/layout-v21/honey_player_epg.xml (OK - compressed)
51110717 res/layout-v21/leanback_preference_fragment.xml (OK - compressed)
51111375 res/layout-v21/leanback_settings_fragment.xml (OK - compressed)
51111850 res/layout-v21/fragment_parental_control_vodcat.xml (OK - compressed)
51112594 res/layout-v21/honey_player_epg_tv.xml (OK - compressed)
51117505 res/layout-v21/the_items_layout.xml (OK - compressed)
51118045 res/layout-v21/lb_title_view.xml (OK - compressed)
51118655 res/layout-v21/activity_multi_setting_new.xml (OK - compressed)
51119891 res/layout-v21/abc_screen_toolbar.xml (OK - compressed)
51120639 res/layout-v21/notification_action.xml (OK - compressed)
51121205 res/layout-v21/lb_guidedactions.xml (OK - compressed)
51122014 res/layout-v21/honey_player_testing_tv.xml (OK - compressed)
51126465 res/layout-v21/preference_category_material.xml (OK - compressed)
51127278 res/layout-v21/lb_guidedstep_background.xml (OK - compressed)
51127653 res/layout-v21/lb_playback_fragment.xml (OK - compressed)
51128042 res/layout-v21/lb_guidedbuttonactions.xml (OK - compressed)
51128652 res/layout-v21/honey_player_live.xml (OK - compressed)
51133469 res/layout-v21/preference_material.xml (OK - compressed)
51134424 res/layout-v21/lb_fullwidth_details_overview_logo.xml (OK - compressed)
51134801 res/layout-v21/lb_guidedstep_fragment.xml (OK - compressed)
51135712 res/layout-v21/lb_fullwidth_details_overview.xml (OK - compressed)
51136563 res/layout-v21/honey_player_live_tv.xml (OK - compressed)
51141332 res/layout-v21/leanback_list_preference_fragment.xml (OK - compressed)
51142185 res/layout-v21/notification_template_custom_big.xml (OK - compressed)
51143075 res/layout-v21/leanback_preference_category.xml (OK - compressed)
51143570 res/layout-v21/default_player_ui.xml (OK - compressed)
51144984 res/layout-v21/notification_action_tombstone.xml (OK - compressed)
51145589 res/menu/queue_menu.xml (OK - compressed)
51146024 res/menu/menu_search_episodes.xml (OK - compressed)
51146733 res/menu/menu_player.xml (OK - compressed)
51147129 res/menu/menu_card_live_streams.xml (OK - compressed)
51147480 res/menu/menu_text_icon.xml (OK - compressed)
51148100 res/menu/menu_card_multiuser.xml (OK - compressed)
51148528 res/menu/menu_card_episodes_m3u.xml (OK - compressed)
51148955 res/menu/menu_search_text_icon.xml (OK - compressed)
51149824 res/menu/play_with_cast_menu.xml (OK - compressed)
51150137 res/menu/menu_multiplayer.xml (OK - compressed)
51150455 res/menu/menu_recently_watched.xml (OK - compressed)
51150763 res/menu/menu_players_hp.xml (OK - compressed)
51150965 res/menu/menu_remove_player.xml (OK - compressed)
51151233 res/menu/menu_edit_epg.xml (OK - compressed)
51151567 res/menu/menu_card_series_streams.xml (OK - compressed)
51151932 res/menu/menu_card_vod.xml (OK - compressed)
51152374 res/menu/menu_card_vod_playlist.xml (OK - compressed)
51152822 res/menu/menu_move_categories.xml (OK - compressed)
51153170 res/menu/menu_dashboard_logout.xml (OK - compressed)
51153662 res/menu/menu_recordings.xml (OK - compressed)
51154018 res/menu/menu_continue_watching.xml (OK - compressed)
51154327 res/menu/menu_layout_view.xml (OK - compressed)
51154646 res/menu/menu_live_activity_sky.xml (OK - compressed)
51155084 res/menu/menu_search_text_icon_tvarchieve.xml (OK - compressed)
51155755 res/menu/menu_search.xml (OK - compressed)
51156497 res/menu/expanded_controller.xml (OK - compressed)
51156907 res/menu/menu_series_all_data_single_page.xml (OK - compressed)
51157590 res/menu/menu_players_selection.xml (OK - compressed)
51157944 res/menu/menu_app.xml (OK - compressed)
51158325 res/menu/menu_players_selection_with_fav.xml (OK - compressed)
51158729 res/interpolator/mr_fast_out_slow_in.xml (OK - compressed)
51158956 res/interpolator/mtrl_fast_out_linear_in.xml (OK - compressed)
51159125 res/interpolator/mtrl_linear_out_slow_in.xml (OK - compressed)
51159292 res/interpolator/mr_linear_out_slow_in.xml (OK - compressed)
51159507 res/interpolator/mtrl_linear.xml (OK - compressed)
51159670 res/interpolator/mtrl_fast_out_slow_in.xml (OK - compressed)
51159840 res/drawable-hdpi-v22/ic_cancel_focus.xml (OK - compressed)
51160394 res/drawable-hdpi-v21/ic_cancel_focus.xml (OK - compressed)
51160929 res/animator-v19/mtrl_btn_state_list_anim.xml (OK - compressed)
51161644 res/drawable-ldrtl-hdpi-v4/abc_spinner_mtrl_am_alpha.9.png (OK)
51162080 res/drawable-ldrtl-hdpi-v4/abc_ic_menu_copy_mtrl_am_alpha.png (OK)
51162408 res/drawable-ldrtl-hdpi-v4/abc_ic_menu_cut_mtrl_alpha.png (OK)
51162912 res/mipmap-mdpi-v4/ic_launcher.png (OK)
51166408 res/mipmap-mdpi-v4/tv_banner.png (OK)
51218380 res/drawable-v23/abc_control_background_material.xml (OK - compressed)
51218649 res/layout-sw720dp-v21/honey_player_testing.xml (OK - compressed)
51222986 res/layout-sw720dp-v21/honey_player_epg.xml (OK - compressed)
51227722 res/layout-sw720dp-v21/activity_multi_setting_new.xml (OK - compressed)
51228979 res/layout-sw720dp-v21/activity_series_all_data_single.xml (OK - compressed)
51231238 res/layout-sw720dp-v21/honey_player_live.xml (OK - compressed)
51236064 res/layout-sw720dp-v21/honey_player_live_tv.xml (OK - compressed)
51240815 res/color-v23/abc_tint_default.xml (OK - compressed)
51241280 res/color-v23/abc_btn_colored_text_material.xml (OK - compressed)
51241606 res/color-v23/abc_tint_switch_track.xml (OK - compressed)
51241993 res/color-v23/abc_btn_colored_borderless_text_material.xml (OK - compressed)
51242318 res/color-v23/abc_tint_edittext.xml (OK - compressed)
51242684 res/color-v23/abc_tint_seek_thumb.xml (OK - compressed)
51243012 res/color-v23/abc_tint_btn_checkable.xml (OK - compressed)
51243367 res/color-v23/abc_tint_spinner.xml (OK - compressed)
51243741 res/color-v23/design_tint_password_toggle.xml (OK - compressed)
51244038 res/color-v23/abc_color_highlight_material.xml (OK - compressed)
51244385 res/layout-sw600dp-v13/activity_profile.xml (OK - compressed)
51245897 res/layout-sw600dp-v13/activity_view_details.xml (OK - compressed)
51249139 res/layout-sw600dp-v13/nst_multi_player_1.xml (OK - compressed)
51253781 res/layout-sw600dp-v13/activity_seasons_activitiy.xml (OK - compressed)
51255313 res/layout-sw600dp-v13/fragment_live_streams.xml (OK - compressed)
51256204 res/layout-sw600dp-v13/playera_add_alert_box.xml (OK - compressed)
51257416 res/layout-sw600dp-v13/activity_import_epg_new.xml (OK - compressed)
51258978 res/layout-sw600dp-v13/activity_parental_control_activitity.xml (OK - compressed)
51260359 res/layout-sw600dp-v13/series_all_data_right_adapter.xml (OK - compressed)
51261715 res/layout-sw600dp-v13/activity_settings.xml (OK - compressed)
51264899 res/layout-sw600dp-v13/episode_grid_layout.xml (OK - compressed)
51267026 res/layout-sw600dp-v13/activity_cancel_invoice.xml (OK - compressed)
51268258 res/layout-sw600dp-v13/activity_vod_new_flow_subcategories.xml (OK - compressed)
51269742 res/layout-sw600dp-v13/vod_grid_layout.xml (OK - compressed)
51270957 res/layout-sw600dp-v13/activity_view_ticket.xml (OK - compressed)
51272341 res/layout-sw600dp-v13/directory_listview.xml (OK - compressed)
51272955 res/layout-sw600dp-v13/activity_view_details_m3u.xml (OK - compressed)
51275984 res/layout-sw600dp-v13/fragment_new_epg_streams.xml (OK - compressed)
51277836 res/layout-sw600dp-v13/nst_player_epg.xml (OK - compressed)
51281212 res/layout-sw600dp-v13/custom_permission_layout.xml (OK - compressed)
51282208 res/layout-sw600dp-v13/single_stream_pop_up_window.xml (OK - compressed)
51283274 res/layout-sw600dp-v13/layout_genre_details.xml (OK - compressed)
51284551 res/layout-sw600dp-v13/categories_popup.xml (OK - compressed)
51286142 res/layout-sw600dp-v13/nst_player_archive.xml (OK - compressed)
51288691 res/layout-sw600dp-v13/new_dashboard_layout_without_freetrail.xml (OK - compressed)
51293037 res/layout-sw600dp-v13/activity_stream_format.xml (OK - compressed)
51294971 res/layout-sw600dp-v13/progress_dialog.xml (OK - compressed)
51295398 res/layout-sw600dp-v13/activity_series_detail_m3u.xml (OK - compressed)
51298355 res/layout-sw600dp-v13/activity_view_cast_details.xml (OK - compressed)
51300727 res/layout-sw600dp-v13/nst_exo_player_vod.xml (OK - compressed)
51302235 res/layout-sw600dp-v13/custom_dashboard_unlock_features.xml (OK - compressed)
51303232 res/layout-sw600dp-v13/live_streams_epg_layout.xml (OK - compressed)
51304200 res/layout-sw600dp-v13/nst_exo_player_sky.xml (OK - compressed)
51307658 res/layout-sw600dp-v13/layout_live_new_flow_list_item.xml (OK - compressed)
51308688 res/layout-sw600dp-v13/activity_player_settings.xml (OK - compressed)
51311000 res/layout-sw600dp-v13/live_all_data_right_adapter_search.xml (OK - compressed)
51312219 res/layout-sw600dp-v13/select_dialog_item_folder_load_data_locally2.xml (OK - compressed)
51313038 res/layout-sw600dp-v13/honey_player_testing.xml (OK - compressed)
51317314 res/layout-sw600dp-v13/activity_search_lower_sdk.xml (OK - compressed)
51319378 res/layout-sw600dp-v13/activity_vlcplayer_sky_tv.xml (OK - compressed)
51322766 res/layout-sw600dp-v13/person_loading_view.xml (OK - compressed)
51323104 res/layout-sw600dp-v13/lb_search_fragment.xml (OK - compressed)
51323497 res/layout-sw600dp-v13/activity_app_in_purchase.xml (OK - compressed)
51327302 res/layout-sw600dp-v13/fragment_new_epg_exo.xml (OK - compressed)
51329225 res/layout-sw600dp-v13/inbuilt_player_float_box.xml (OK - compressed)
51329518 res/layout-sw600dp-v13/activity_login_m3u.xml (OK - compressed)
51331649 res/layout-sw600dp-v13/screen_selector_popup.xml (OK - compressed)
51332487 res/layout-sw600dp-v13/custom_vpn_profile_layout.xml (OK - compressed)
51333616 res/layout-sw600dp-v13/nst_vlc_player_archive.xml (OK - compressed)
51337779 res/layout-sw600dp-v13/ad_unified_fb.xml (OK - compressed)
51339001 res/layout-sw600dp-v13/activity_terminated_service.xml (OK - compressed)
51339868 res/layout-sw600dp-v13/nst_multi_player_2.xml (OK - compressed)
51344517 res/layout-sw600dp-v13/activity_vlcplayer_multiplayer.xml (OK - compressed)
51345829 res/layout-sw600dp-v13/player_live_all_data_left_cat_adapter.xml (OK - compressed)
51346550 res/layout-sw600dp-v13/recording_list.xml (OK - compressed)
51347843 res/layout-sw600dp-v13/honey_player_epg.xml (OK - compressed)
51352524 res/layout-sw600dp-v13/activity_epg_categories_new_flow.xml (OK - compressed)
51354223 res/layout-sw600dp-v13/edit_epg_source_layout.xml (OK - compressed)
51355893 res/layout-sw600dp-v13/nst_vlc_player_vod_for_device_data.xml (OK - compressed)
51360653 res/layout-sw600dp-v13/activity_vlcplayer_multiplayer1.xml (OK - compressed)
51362054 res/layout-sw600dp-v13/activity_exoplayer_sky.xml (OK - compressed)
51365463 res/layout-sw600dp-v13/demo_pop_up.xml (OK - compressed)
51366857 res/layout-sw600dp-v13/activity_automation.xml (OK - compressed)
51368992 res/layout-sw600dp-v13/activity_speed_test.xml (OK - compressed)
51370433 res/layout-sw600dp-v13/channel_list.xml (OK - compressed)
51371776 res/layout-sw600dp-v13/activity_series_activty_new_flow.xml (OK - compressed)
51373321 res/layout-sw600dp-v13/season_selector_popup.xml (OK - compressed)
51374400 res/layout-sw600dp-v13/activity_my_invoice.xml (OK - compressed)
51376478 res/layout-sw600dp-v13/activity_multi_user.xml (OK - compressed)
51378396 res/layout-sw600dp-v13/ticket_message_custom_layout.xml (OK - compressed)
51379438 res/layout-sw600dp-v13/nst_multi_player_4.xml (OK - compressed)
51384072 res/layout-sw600dp-v13/activity_new_epg.xml (OK - compressed)
51385938 res/layout-sw600dp-v13/activity_refounded.xml (OK - compressed)
51387155 res/layout-sw600dp-v13/activity_vlcplayer_multiplayer3.xml (OK - compressed)
51388613 res/layout-sw600dp-v13/right_side_programs_search_adapter.xml (OK - compressed)
51389593 res/layout-sw600dp-v13/nst_player_activity.xml (OK - compressed)
51390617 res/layout-sw600dp-v13/download_running_popup.xml (OK - compressed)
51391849 res/layout-sw600dp-v13/activity_general_settings.xml (OK - compressed)
51394559 res/layout-sw600dp-v13/activity_announcements.xml (OK - compressed)
51395808 res/layout-sw600dp-v13/activity_vlcplayer_multiplayer5.xml (OK - compressed)
51397120 res/layout-sw600dp-v13/activity_routing.xml (OK - compressed)
51399045 res/layout-sw600dp-v13/vpn_disconnect_layout.xml (OK - compressed)
51400019 res/layout-sw600dp-v13/activity_free_trail.xml (OK - compressed)
51400916 res/layout-sw600dp-v13/custom_dashboard_not_downloaded_layout.xml (OK - compressed)
51401907 res/layout-sw600dp-v13/activity_vlcplayer_sky.xml (OK - compressed)
51405603 res/layout-sw600dp-v13/series_all_data_right_adapter_con_wat.xml (OK - compressed)
51407230 res/layout-sw600dp-v13/paid_list_layout.xml (OK - compressed)
51408758 res/layout-sw600dp-v13/activity_live_layout.xml (OK - compressed)
51410061 res/layout-sw600dp-v13/activity_tv_archive_new_flow_layout.xml (OK - compressed)
51411772 res/layout-sw600dp-v13/activity_vlcplayer_multiplayer2.xml (OK - compressed)
51413189 res/layout-sw600dp-v13/activity_vpnlogin.xml (OK - compressed)
51415057 res/layout-sw600dp-v13/layout_channels_on_video.xml (OK - compressed)
51416357 res/layout-sw600dp-v13/mtrl_layout_snackbar.xml (OK - compressed)
51416763 res/layout-sw600dp-v13/activity_active_service.xml (OK - compressed)
51417640 res/layout-sw600dp-v13/activity_tv_archive_new_flow.xml (OK - compressed)
51419373 res/layout-sw600dp-v13/subtitle_popup_layout.xml (OK - compressed)
51420316 res/layout-sw600dp-v13/layout_resume_player.xml (OK - compressed)
51421689 res/layout-sw600dp-v13/activity_front_view.xml (OK - compressed)
51422856 res/layout-sw600dp-v13/layout_vod_new_flow_list_item.xml (OK - compressed)
51423881 res/layout-sw600dp-v13/activity_terms_condition_page.xml (OK - compressed)
51425164 res/layout-sw600dp-v13/activity_vlcplayer_multiplayer4.xml (OK - compressed)
51426562 res/layout-sw600dp-v13/inbuiltsmartersplayer_activity.xml (OK - compressed)
51426977 res/layout-sw600dp-v13/activity_showservice_information.xml (OK - compressed)
51428727 res/layout-sw600dp-v13/queue_activity.xml (OK - compressed)
51429372 res/layout-sw600dp-v13/appbar_common.xml (OK - compressed)
51430149 res/layout-sw600dp-v13/view_password_prompt.xml (OK - compressed)
51431632 res/layout-sw600dp-v13/activity_sub_archive.xml (OK - compressed)
51433493 res/layout-sw600dp-v13/edit_user_detail_confirmation_alert.xml (OK - compressed)
51434867 res/layout-sw600dp-v13/activity_time_format.xml (OK - compressed)
51436771 res/layout-sw600dp-v13/fragment_parental_control_setting.xml (OK - compressed)
51438324 res/layout-sw600dp-v13/all_services_adapter_custom_list_layout.xml (OK - compressed)
51439398 res/layout-sw600dp-v13/layout_announcements.xml (OK - compressed)
51440584 res/layout-sw600dp-v13/dissconnect_vpn_alert.xml (OK - compressed)
51441804 res/layout-sw600dp-v13/activity_vpn_conntected.xml (OK - compressed)
51443722 res/layout-sw600dp-v13/activity_paid_invoice2.xml (OK - compressed)
51444966 res/layout-sw600dp-v13/new_dashboard_layout_without_freetrail_xc106.xml (OK - compressed)
51447950 res/layout-sw600dp-v13/live_streams_grid_layout.xml (OK - compressed)
51449408 res/layout-sw600dp-v13/fragment_vod_subcategories.xml (OK - compressed)
51450344 res/layout-sw600dp-v13/activity_multi_setting_new.xml (OK - compressed)
51451566 res/layout-sw600dp-v13/delete_recording_popup.xml (OK - compressed)
51452810 res/layout-sw600dp-v13/custom_internet_not_working_layout.xml (OK - compressed)
51453839 res/layout-sw600dp-v13/custom_externalplayer_layout.xml (OK - compressed)
51454479 res/layout-sw600dp-v13/activity_settings_m3u.xml (OK - compressed)
51457672 res/layout-sw600dp-v13/launchvpn.xml (OK - compressed)
51458735 res/layout-sw600dp-v13/fragment_vod_streams.xml (OK - compressed)
51459472 res/layout-sw600dp-v13/activity_quit.xml (OK - compressed)
51460598 res/layout-sw600dp-v13/activity_series_all_data_single.xml (OK - compressed)
51462825 res/layout-sw600dp-v13/activity_import_m3u.xml (OK - compressed)
51464216 res/layout-sw600dp-v13/ad_unified.xml (OK - compressed)
51465895 res/layout-sw600dp-v13/hp_subtitle_layout.xml (OK - compressed)
51467229 res/layout-sw600dp-v13/activity_splash.xml (OK - compressed)
51468258 res/layout-sw600dp-v13/edit_user_prompt.xml (OK - compressed)
51469647 res/layout-sw600dp-v13/fragment_recycler_list_view.xml (OK - compressed)
51470019 res/layout-sw600dp-v13/fragment_parental_cotrol.xml (OK - compressed)
51471258 res/layout-sw600dp-v13/layout_cast_details.xml (OK - compressed)
51472541 res/layout-sw600dp-v13/activity_import_vpn.xml (OK - compressed)
51474672 res/layout-sw600dp-v13/activity_my_favourite.xml (OK - compressed)
51476438 res/layout-sw600dp-v13/activity_routing_p.xml (OK - compressed)
51478256 res/layout-sw600dp-v13/replay_alertbox.xml (OK - compressed)
51479411 res/layout-sw600dp-v13/player_live_all_data_left_cat_adapter_player.xml (OK - compressed)
51480142 res/layout-sw600dp-v13/layout_authenticate_vpn.xml (OK - compressed)
51481686 res/layout-sw600dp-v13/live_all_data_channels_search_adapter.xml (OK - compressed)
51482880 res/layout-sw600dp-v13/list_devices_adapter.xml (OK - compressed)
51483690 res/layout-sw600dp-v13/activity_unpiad_invoice.xml (OK - compressed)
51484898 res/layout-sw600dp-v13/rate_us_alert_box.xml (OK - compressed)
51486121 res/layout-sw600dp-v13/nst_player_sky.xml (OK - compressed)
51490206 res/layout-sw600dp-v13/custom_forgot_password.xml (OK - compressed)
51491249 res/layout-sw600dp-v13/activity_tvarchive.xml (OK - compressed)
51492370 res/layout-sw600dp-v13/activity_my_ticket.xml (OK - compressed)
51493636 res/layout-sw600dp-v13/epg_sources_layout.xml (OK - compressed)
51495011 res/layout-sw600dp-v13/activity_rate_us.xml (OK - compressed)
51496508 res/layout-sw600dp-v13/activity_check_appupdate.xml (OK - compressed)
51498072 res/layout-sw600dp-v13/add_epg_source_layout.xml (OK - compressed)
51499239 res/layout-sw600dp-v13/nst_vlc_player.xml (OK - compressed)
51503859 res/layout-sw600dp-v13/activity_vod_new_flow.xml (OK - compressed)
51505691 res/layout-sw600dp-v13/usernam_password_worng_alert.xml (OK - compressed)
51506974 res/layout-sw600dp-v13/login_new.xml (OK - compressed)
51508933 res/layout-sw600dp-v13/fragment_search_field.xml (OK - compressed)
51509620 res/layout-sw600dp-v13/layout_multiuser_list_item.xml (OK - compressed)
51511151 res/layout-sw600dp-v13/layout_list_player.xml (OK - compressed)
51511654 res/layout-sw600dp-v13/series_all_data_left_adapter.xml (OK - compressed)
51512379 res/layout-sw600dp-v13/cast_grid_layout.xml (OK - compressed)
51513179 res/layout-sw600dp-v13/recording_popup.xml (OK - compressed)
51514766 res/layout-sw600dp-v13/activity_announcement_alert.xml (OK - compressed)
51515874 res/layout-sw600dp-v13/live_all_data_right_adapter.xml (OK - compressed)
51517069 res/layout-sw600dp-v13/live_sorting_layout.xml (OK - compressed)
51518354 res/layout-sw600dp-v13/activity_buy_now.xml (OK - compressed)
51518822 res/layout-sw600dp-v13/nst_player.xml (OK - compressed)
51522887 res/layout-sw600dp-v13/activity_series_detail.xml (OK - compressed)
51526355 res/layout-sw600dp-v13/ticket_list.xml (OK - compressed)
51527486 res/layout-sw600dp-v13/select_dialog_item_folder_load_data_locally.xml (OK - compressed)
51528301 res/layout-sw600dp-v13/honey_player_live.xml (OK - compressed)
51533099 res/layout-sw600dp-v13/layout_subcateories_cihild_list_item.xml (OK - compressed)
51534258 res/layout-sw600dp-v13/vod_linear_layout.xml (OK - compressed)
51535447 res/layout-sw600dp-v13/epg_m3u_popup.xml (OK - compressed)
51537087 res/layout-sw600dp-v13/activity_series_activit_new_flow_sub_cat.xml (OK - compressed)
51538505 res/layout-sw600dp-v13/custom_browser_not_supported.xml (OK - compressed)
51539591 res/layout-sw600dp-v13/activity_account_info.xml (OK - compressed)
51541657 res/layout-sw600dp-v13/sort_layout.xml (OK - compressed)
51542888 res/layout-sw600dp-v13/activity_invoice_paid_detail.xml (OK - compressed)
51543489 res/layout-sw600dp-v13/subtitle_layout.xml (OK - compressed)
51545319 res/layout-sw600dp-v13/activity_services_dashboard.xml (OK - compressed)
51547945 res/layout-sw600dp-v13/layout_progress_bar.xml (OK - compressed)
51548496 res/layout-sw600dp-v13/activity_cancelled_serivce.xml (OK - compressed)
51549369 res/layout-sw600dp-v13/activity_added_external_player.xml (OK - compressed)
51550766 res/layout-sw600dp-v13/activity_recording.xml (OK - compressed)
51552378 res/layout-sw600dp-v13/view_movie.xml (OK - compressed)
51553103 res/layout-sw600dp-v13/honey_player_live_tv.xml (OK - compressed)
51557832 res/layout-sw600dp-v13/view_password_verification.xml (OK - compressed)
51559296 res/layout-sw600dp-v13/activity_episode_detail.xml (OK - compressed)
51560777 res/layout-sw600dp-v13/new_dashboard_layout.xml (OK - compressed)
51564732 res/layout-sw600dp-v13/layout_multiuser_list_item_p.xml (OK - compressed)
51566267 res/layout-sw600dp-v13/auto_play_popup_layout.xml (OK - compressed)
51567505 res/layout-sw600dp-v13/activity_epgchannel_update.xml (OK - compressed)
51569442 res/layout-sw600dp-v13/player_live_all_data_left_channel_adapter.xml (OK - compressed)
51570694 res/layout-sw600dp-v13/activity_pending_service.xml (OK - compressed)
51571566 res/layout-sw600dp-v13/seasons_button_layout.xml (OK - compressed)
51572133 res/layout-sw600dp-v13/nst_vlc_player_vod.xml (OK - compressed)
51576869 res/layout-sw600dp-v13/activity_screen_type_settings.xml (OK - compressed)
51578856 res/layout-sw600dp-v13/nst_player_vod.xml (OK - compressed)
51582479 res/layout-sw600dp-v13/start_download_dialog.xml (OK - compressed)
51582783 res/layout-sw600dp-v13/custom_screen_size_popup_layout.xml (OK - compressed)
51584133 res/layout-sw600dp-v13/live_streams_linear_layout.xml (OK - compressed)
51585628 res/layout-sw600dp-v13/activity_series_layout.xml (OK - compressed)
51586985 res/layout-sw600dp-v13/queue_row.xml (OK - compressed)
51588190 res/layout-sw600dp-v13/activity_fraud_service.xml (OK - compressed)
51589050 res/layout-sw600dp-v13/activity_player_selection.xml (OK - compressed)
51591464 res/layout-sw600dp-v13/custom_list_devices_layout.xml (OK - compressed)
51592430 res/layout-sw600dp-v13/activity_search.xml (OK - compressed)
51594406 res/layout-sw600dp-v13/activity_open_ticket.xml (OK - compressed)
51596152 res/layout-sw600dp-v13/layout_movies_on_video.xml (OK - compressed)
51597444 res/layout-sw600dp-v13/epg_edit_m3u_popup.xml (OK - compressed)
51599062 res/layout-sw600dp-v13/custom_alert_layout.xml (OK - compressed)
51600058 res/layout-sw600dp-v13/nst_vlc_player_epg.xml (OK - compressed)
51604651 res/layout-sw600dp-v13/design_layout_snackbar.xml (OK - compressed)
51605042 res/layout-sw600dp-v13/edit_m3u_user_prompt.xml (OK - compressed)
51606966 res/layout-sw600dp-v13/activity_vod_layout.xml (OK - compressed)
51608535 res/layout-sw600dp-v13/activity_epgtime_shift.xml (OK - compressed)
51610532 res/layout-sw600dp-v13/activity_live_new_flow.xml (OK - compressed)
51612256 res/layout-sw600dp-v13/activity_vlcplayer_epg.xml (OK - compressed)
51616822 res/layout-sw600dp-v13/activity_epg_settings.xml (OK - compressed)
51619678 res/layout-sw600dp-v13/activity_my_serivces_activiy.xml (OK - compressed)
51622189 res/layout-sw600dp-v13/layout_movie_trailer.xml (OK - compressed)
51623475 res/layout-sw600dp-v13/activity_suspended_service.xml (OK - compressed)
51624338 res/layout-sw600dp-v13/nst_multi_player_3.xml (OK - compressed)
51628977 res/layout-sw600dp-v13/permission_alertbox.xml (OK - compressed)
51630215 res/layout-sw600dp-v13/activity_external_player.xml (OK - compressed)
51631379 res/layout-large-land-v22/login_new.xml (OK - compressed)
51633446 res/color-v21/abc_btn_colored_borderless_text_material.xml (OK - compressed)
51633767 res/anim-v21/design_bottom_sheet_slide_out.xml (OK - compressed)
51634156 res/anim-v21/design_bottom_sheet_slide_in.xml (OK - compressed)
51634552 res/drawable-xxxhdpi-v4/ic_group_collapse_15.png (OK)
51634936 res/drawable-xxxhdpi-v4/ic_fullscreen_exit_white_24dp.png (OK)
51635180 res/drawable-xxxhdpi-v4/quantum_ic_volume_up_white_36.png (OK)
51637196 res/drawable-xxxhdpi-v4/quantum_ic_pause_grey600_36.png (OK)
51637448 res/drawable-xxxhdpi-v4/gridview_menu.png (OK)
51638208 res/drawable-xxxhdpi-v4/abc_btn_radio_to_on_mtrl_000.png (OK)
51639288 res/drawable-xxxhdpi-v4/ic_arrow.png (OK)
51639724 res/drawable-xxxhdpi-v4/abc_text_select_handle_right_mtrl_dark.png (OK)
51640368 res/drawable-xxxhdpi-v4/icon_external_player_selection.png (OK)
51646732 res/drawable-xxxhdpi-v4/ic_pause_36dp.png (OK)
51647008 res/drawable-xxxhdpi-v4/quantum_ic_closed_caption_grey600_36.png (OK)
51647828 res/drawable-xxxhdpi-v4/cast_ic_stop_circle_filled_grey600.png (OK)
51649288 res/drawable-xxxhdpi-v4/abc_btn_switch_to_on_mtrl_00001.9.png (OK)
51651848 res/drawable-xxxhdpi-v4/abc_ic_star_black_48dp.png (OK)
51654432 res/drawable-xxxhdpi-v4/tv_arch.png (OK)
51658608 res/drawable-xxxhdpi-v4/ic_group_expand_15.png (OK)
51658964 res/drawable-xxxhdpi-v4/ic_vpn_connecting.png (OK)
51678864 res/drawable-xxxhdpi-v4/close.png (OK)
51680792 res/drawable-xxxhdpi-v4/quantum_ic_replay_30_white_24.png (OK)
51682320 res/drawable-xxxhdpi-v4/quantum_ic_stop_white_24.png (OK)
51682524 res/drawable-xxxhdpi-v4/screen5.png (OK)
51684124 res/drawable-xxxhdpi-v4/tranparentdark.png (OK)
51684448 res/drawable-xxxhdpi-v4/abc_text_select_handle_right_mtrl_light.png (OK)
51685076 res/drawable-xxxhdpi-v4/playerselection.png (OK)
51689676 res/drawable-xxxhdpi-v4/catch_background.png (OK)
51740232 res/drawable-xxxhdpi-v4/favourite_yellow.png (OK)
51742340 res/drawable-xxxhdpi-v4/quantum_ic_skip_next_white_36.png (OK)
51743004 res/drawable-xxxhdpi-v4/logo_home.png (OK)
51960260 res/drawable-xxxhdpi-v4/ic_menu_24dp.png (OK)
51960624 res/drawable-xxxhdpi-v4/ic_setting_account.png (OK)
51964508 res/drawable-xxxhdpi-v4/ic_draft.png (OK)
51967484 res/drawable-xxxhdpi-v4/splash_new_background.jpg (OK)
52079528 res/drawable-xxxhdpi-v4/logo.png (OK)
52171204 res/drawable-xxxhdpi-v4/screen3.png (OK)
52172804 res/drawable-xxxhdpi-v4/automation.png (OK)
52178932 res/drawable-xxxhdpi-v4/quantum_ic_refresh_white_24.png (OK)
52180028 res/drawable-xxxhdpi-v4/quantum_ic_forward_30_white_24.png (OK)
52181552 res/drawable-xxxhdpi-v4/parental_control_icon.png (OK)
52187616 res/drawable-xxxhdpi-v4/ic_group_collapse_12.png (OK)
52187988 res/drawable-xxxhdpi-v4/ic_group_collapse_05.png (OK)
52188596 res/drawable-xxxhdpi-v4/quantum_ic_skip_next_grey600_36.png (OK)
52189264 res/drawable-xxxhdpi-v4/launcher_logo.png (OK)
52189920 res/drawable-xxxhdpi-v4/logout_icon.png (OK)
52191868 res/drawable-xxxhdpi-v4/abc_tab_indicator_mtrl_alpha.9.png (OK)
52192156 res/drawable-xxxhdpi-v4/quantum_ic_pause_white_24.png (OK)
52192372 res/drawable-xxxhdpi-v4/ic_play_36dp.png (OK)
52193196 res/drawable-xxxhdpi-v4/abc_btn_check_to_on_mtrl_015.png (OK)
52193820 res/drawable-xxxhdpi-v4/ic_vpn_connected.png (OK)
52211804 res/drawable-xxxhdpi-v4/selector_checkbox.xml (OK - compressed)
52212100 res/drawable-xxxhdpi-v4/tv_archieve.png (OK)
52218692 res/drawable-xxxhdpi-v4/edit_icon.png (OK)
52219240 res/drawable-xxxhdpi-v4/general_settings.png (OK)
52238660 res/drawable-xxxhdpi-v4/quantum_ic_stop_grey600_48.png (OK)
52238952 res/drawable-xxxhdpi-v4/quantum_ic_stop_grey600_36.png (OK)
52239196 res/drawable-xxxhdpi-v4/ic_group_expand_06.png (OK)
52239800 res/drawable-xxxhdpi-v4/abc_ic_star_half_black_16dp.png (OK)
52240336 res/drawable-xxxhdpi-v4/cast_ic_stop_circle_filled_white.png (OK)
52241780 res/drawable-xxxhdpi-v4/ondemand_focused.png (OK)
52290356 res/drawable-xxxhdpi-v4/quantum_ic_closed_caption_white_36.png (OK)
52291152 res/drawable-xxxhdpi-v4/md_nav_back.png (OK)
52291536 res/drawable-xxxhdpi-v4/ic_group_expand_01.png (OK)
52292056 res/drawable-xxxhdpi-v4/hide_icon_menu.png (OK)
52294220 res/drawable-xxxhdpi-v4/recording.png (OK)
52295604 res/drawable-xxxhdpi-v4/quantum_ic_skip_previous_white_36.png (OK)
52296300 res/drawable-xxxhdpi-v4/view_detail.png (OK)
52297240 res/drawable-xxxhdpi-v4/login_user.png (OK)
52309012 res/drawable-xxxhdpi-v4/abc_btn_check_to_on_mtrl_000.png (OK)
52309380 res/drawable-xxxhdpi-v4/right_icon_cat.png (OK)
52310140 res/drawable-xxxhdpi-v4/speed_icon.png (OK)
52314160 res/drawable-xxxhdpi-v4/ic_cancelation.png (OK)
52316220 res/drawable-xxxhdpi-v4/ic_active.png (OK)
52320436 res/drawable-xxxhdpi-v4/left_icon_cat.png (OK)
52321224 res/drawable-xxxhdpi-v4/quantum_ic_pause_circle_filled_grey600_36.png (OK)
52322940 res/drawable-xxxhdpi-v4/ic_mr_button_grey.png (OK)
52324200 res/drawable-xxxhdpi-v4/ic_home.png (OK)
52326520 res/drawable-xxxhdpi-v4/abc_ic_star_half_black_48dp.png (OK)
52328252 res/drawable-xxxhdpi-v4/ic_fullscreen_white_24dp.png (OK)
52328484 res/drawable-xxxhdpi-v4/ic_group_collapse_01.png (OK)
52329004 res/drawable-xxxhdpi-v4/ic_group_collapse_07.png (OK)
52329616 res/drawable-xxxhdpi-v4/tv_icon.png (OK)
52330540 res/drawable-xxxhdpi-v4/ic_group_expand_02.png (OK)
52330992 res/drawable-xxxhdpi-v4/ic_billing.png (OK)
52332412 res/drawable-xxxhdpi-v4/quantum_ic_forward_30_grey600_36.png (OK)
52335148 res/drawable-xxxhdpi-v4/ic_fullscreen_24dp.png (OK)
52335400 res/drawable-xxxhdpi-v4/quantum_ic_keyboard_arrow_down_white_36.png (OK)
52335904 res/drawable-xxxhdpi-v4/abc_btn_switch_to_on_mtrl_00012.9.png (OK)
52338780 res/drawable-xxxhdpi-v4/abc_btn_radio_to_on_mtrl_015.png (OK)
52340076 res/drawable-xxxhdpi-v4/folder_icon.png (OK)
52340780 res/drawable-xxxhdpi-v4/time_format.png (OK)
52345100 res/drawable-xxxhdpi-v4/addfolder_icon.png (OK)
52347480 res/drawable-xxxhdpi-v4/show_icon_menu.png (OK)
52349452 res/drawable-xxxhdpi-v4/quantum_ic_skip_next_white_24.png (OK)
52349896 res/drawable-xxxhdpi-v4/ic_group_expand_03.png (OK)
52350464 res/drawable-xxxhdpi-v4/quantum_ic_replay_white_24.png (OK)
52351572 res/drawable-xxxhdpi-v4/tv_guide_new.png (OK)
52355928 res/drawable-xxxhdpi-v4/abc_spinner_mtrl_am_alpha.9.png (OK)
52356424 res/drawable-xxxhdpi-v4/movies.png (OK)
52542944 res/drawable-xxxhdpi-v4/ic_dash_catchup.png (OK)
52582156 res/drawable-xxxhdpi-v4/ic_group_expand_09.png (OK)
52582716 res/drawable-xxxhdpi-v4/live_tv_icon.png (OK)
52591072 res/drawable-xxxhdpi-v4/gear_orange.png (OK)
52593280 res/drawable-xxxhdpi-v4/gear_white_dashboard.png (OK)
52596112 res/drawable-xxxhdpi-v4/parental_password_lock.png (OK)
52597300 res/drawable-xxxhdpi-v4/ic_group_collapse_14.png (OK)
52597700 res/drawable-xxxhdpi-v4/cast_abc_scrubber_control_to_pressed_mtrl_000.png (OK)
52598280 res/drawable-xxxhdpi-v4/ic_group_collapse_08.png (OK)
52598880 res/drawable-xxxhdpi-v4/ic_cencel.png (OK)
52603036 res/drawable-xxxhdpi-v4/manage_user.png (OK)
52613972 res/drawable-xxxhdpi-v4/login_icon.png (OK)
52614688 res/drawable-xxxhdpi-v4/abc_scrubber_control_to_pressed_mtrl_005.png (OK)
52615544 res/drawable-xxxhdpi-v4/account_info.png (OK)
52618716 res/drawable-xxxhdpi-v4/ic_myservice.png (OK)
52622424 res/drawable-xxxhdpi-v4/abc_ic_menu_share_mtrl_alpha.png (OK)
52623596 res/drawable-xxxhdpi-v4/support_agent.png (OK)
52627168 res/drawable-xxxhdpi-v4/quantum_ic_forward_30_white_36.png (OK)
52629892 res/drawable-xxxhdpi-v4/record.png (OK)
52632472 res/drawable-xxxhdpi-v4/ic_group_expand_11.png (OK)
52632900 res/drawable-xxxhdpi-v4/ic_group_expand_05.png (OK)
52633484 res/drawable-xxxhdpi-v4/abc_ic_star_half_black_36dp.png (OK)
52634892 res/drawable-xxxhdpi-v4/on_demand_background.png (OK)
52683448 res/drawable-xxxhdpi-v4/green_focused.png (OK)
52704072 res/drawable-xxxhdpi-v4/user_placeholder.png (OK)
52707060 res/drawable-xxxhdpi-v4/exo_edit_mode_logo.png (OK)
52708816 res/drawable-xxxhdpi-v4/livetv_focused.png (OK)
52755772 res/drawable-xxxhdpi-v4/abc_ic_menu_copy_mtrl_am_alpha.png (OK)
52756248 res/drawable-xxxhdpi-v4/green_background.png (OK)
52776872 res/drawable-xxxhdpi-v4/audio_track_icon.png (OK)
52778052 res/drawable-xxxhdpi-v4/ic_volume_up_white_36dp.png (OK)
52780052 res/drawable-xxxhdpi-v4/fab_bg_mini.png (OK)
52786524 res/drawable-xxxhdpi-v4/multiscreen_icon.png (OK)
52790916 res/drawable-xxxhdpi-v4/ic_group_expand_13.png (OK)
52791260 res/drawable-xxxhdpi-v4/ic_up.png (OK)
52792984 res/drawable-xxxhdpi-v4/logn_new_bg.jpg (OK)
52905048 res/drawable-xxxhdpi-v4/ic_volume_off_white_36dp.png (OK)
52907048 res/drawable-xxxhdpi-v4/reset_icon.png (OK)
52911192 res/drawable-xxxhdpi-v4/player_play_newflow.png (OK)
52913284 res/drawable-xxxhdpi-v4/ic_fullscreen_exit_white_36dp.png (OK)
52913552 res/drawable-xxxhdpi-v4/design_ic_visibility.png (OK)
52914972 res/drawable-xxxhdpi-v4/quantum_ic_pause_circle_filled_white_36.png (OK)
52916684 res/drawable-xxxhdpi-v4/search_view.png (OK)
52918792 res/drawable-xxxhdpi-v4/movies_icon.png (OK)
52927964 res/drawable-xxxhdpi-v4/abc_text_select_handle_left_mtrl_light.png (OK)
52928604 res/drawable-xxxhdpi-v4/quantum_ic_volume_off_grey600_36.png (OK)
52930612 res/drawable-xxxhdpi-v4/ic_group_expand_00.png (OK)
52930976 res/drawable-xxxhdpi-v4/player_pause.png (OK)
52931228 res/drawable-xxxhdpi-v4/parental.png (OK)
52940716 res/drawable-xxxhdpi-v4/ic_group_collapse_04.png (OK)
52941256 res/drawable-xxxhdpi-v4/ic_vpn_grey.png (OK)
52945012 res/drawable-xxxhdpi-v4/ic_group_collapse_11.png (OK)
52945476 res/drawable-xxxhdpi-v4/quantum_ic_cast_connected_white_24.png (OK)
52946740 res/drawable-xxxhdpi-v4/play.png (OK)
52950736 res/drawable-xxxhdpi-v4/logo_white_long.png (OK)
53167992 res/drawable-xxxhdpi-v4/guide_icon.png (OK)
53172688 res/drawable-xxxhdpi-v4/screen4.png (OK)
53174296 res/drawable-xxxhdpi-v4/ic_paid.png (OK)
53178588 res/drawable-xxxhdpi-v4/ic_dash_epg.png (OK)
53218568 res/drawable-xxxhdpi-v4/ic_group_collapse_03.png (OK)
53219128 res/drawable-xxxhdpi-v4/ic_playlistw.png (OK)
53221860 res/drawable-xxxhdpi-v4/ic_youtube_24dp.png (OK)
53222768 res/drawable-xxxhdpi-v4/abc_ic_star_black_36dp.png (OK)
53224932 res/drawable-xxxhdpi-v4/ic_stop_white_24dp.png (OK)
53225136 res/drawable-xxxhdpi-v4/ic_cart.png (OK)
53227696 res/drawable-xxxhdpi-v4/rocket_logo2.png (OK)
53262256 res/drawable-xxxhdpi-v4/quantum_ic_play_arrow_grey600_48.png (OK)
53263028 res/drawable-xxxhdpi-v4/ic_group_expand_14.png (OK)
53263384 res/drawable-xxxhdpi-v4/delete_user.png (OK)
53269488 res/drawable-xxxhdpi-v4/epg.png (OK)
53274684 res/drawable-xxxhdpi-v4/ic_brightness_6_white_36dp.png (OK)
53275884 res/drawable-xxxhdpi-v4/screen2.png (OK)
53277516 res/drawable-xxxhdpi-v4/quantum_ic_skip_previous_white_24.png (OK)
53277992 res/drawable-xxxhdpi-v4/menu_dots.png (OK)
53278756 res/drawable-xxxhdpi-v4/reply_on.png (OK)
53280124 res/drawable-xxxhdpi-v4/abc_ic_star_black_16dp.png (OK)
53280888 res/drawable-xxxhdpi-v4/quantum_ic_replay_30_white_36.png (OK)
53283560 res/drawable-xxxhdpi-v4/subtitle_track_icon.png (OK)
53287200 res/drawable-xxxhdpi-v4/list_white.png (OK)
53287440 res/drawable-xxxhdpi-v4/ic_group_expand_10.png (OK)
53287964 res/drawable-xxxhdpi-v4/favouraites.png (OK)
53325696 res/drawable-xxxhdpi-v4/ic_download.png (OK)
53327912 res/drawable-xxxhdpi-v4/att_to_fav.png (OK)
53331364 res/drawable-xxxhdpi-v4/catch_up_focused.png (OK)
53381940 res/drawable-xxxhdpi-v4/abc_text_select_handle_left_mtrl_dark.png (OK)
53382588 res/drawable-xxxhdpi-v4/quantum_ic_play_circle_filled_white_36.png (OK)
53384428 res/drawable-xxxhdpi-v4/lock_open.png (OK)
53385724 res/drawable-xxxhdpi-v4/ic_group_collapse_00.png (OK)
53386096 res/drawable-xxxhdpi-v4/quantum_ic_volume_up_grey600_36.png (OK)
53388096 res/drawable-xxxhdpi-v4/listview_menu.png (OK)
53389092 res/drawable-xxxhdpi-v4/quantum_ic_art_track_grey600_48.png (OK)
53390292 res/drawable-xxxhdpi-v4/gear_white.png (OK)
53394356 res/drawable-xxxhdpi-v4/cast_genre.png (OK)
53396668 res/drawable-xxxhdpi-v4/abc_switch_track_mtrl_alpha.9.png (OK)
53397560 res/drawable-xxxhdpi-v4/parental_security_key.png (OK)
53399588 res/drawable-xxxhdpi-v4/hplib_ic_settings.png (OK)
53401204 res/drawable-xxxhdpi-v4/series.png (OK)
53641784 res/drawable-xxxhdpi-v4/quantum_ic_forward_10_white_24.png (OK)
53643148 res/drawable-xxxhdpi-v4/catch_up_icon.png (OK)
53647272 res/drawable-xxxhdpi-v4/epg_play.png (OK)
53651180 res/drawable-xxxhdpi-v4/ic_group_collapse_09.png (OK)
53651772 res/drawable-xxxhdpi-v4/logout_icon_menu.png (OK)
53654024 res/drawable-xxxhdpi-v4/quantum_ic_play_arrow_grey600_36.png (OK)
53654664 res/drawable-xxxhdpi-v4/ic_playlist.png (OK)
53657388 res/drawable-xxxhdpi-v4/ic_fraud.png (OK)
53661024 res/drawable-xxxhdpi-v4/ic_myinvoice.png (OK)
53664364 res/drawable-xxxhdpi-v4/ic_play_arrow_white_24dp.png (OK)
53664812 res/drawable-xxxhdpi-v4/quantum_ic_play_arrow_white_24.png (OK)
53665264 res/drawable-xxxhdpi-v4/ic_play_circle_outline_white_36dp.png (OK)
53668024 res/drawable-xxxhdpi-v4/ic_arrow_down_24dp.png (OK)
53668412 res/drawable-xxxhdpi-v4/ic_unpaid.png (OK)
53672732 res/drawable-xxxhdpi-v4/ic_setting_account_focus.png (OK)
53676624 res/drawable-xxxhdpi-v4/livetv_icon_menu.png (OK)
53679712 res/drawable-xxxhdpi-v4/reset.png (OK)
53681588 res/drawable-xxxhdpi-v4/questionmark.png (OK)
53685484 res/drawable-xxxhdpi-v4/live_with_epg_icon.png (OK)
53687288 res/drawable-xxxhdpi-v4/ic_suspended.png (OK)
53691104 res/drawable-xxxhdpi-v4/quantum_ic_replay_30_grey600_36.png (OK)
53693764 res/drawable-xxxhdpi-v4/reply_off.png (OK)
53695356 res/drawable-xxxhdpi-v4/quantum_ic_volume_off_white_36.png (OK)
53697364 res/drawable-xxxhdpi-v4/ic_group_expand_12.png (OK)
53697748 res/drawable-xxxhdpi-v4/ic_fullscreen_exit_24dp.png (OK)
53697972 res/drawable-xxxhdpi-v4/logout_user.png (OK)
53702120 res/drawable-xxxhdpi-v4/ic_chevron_left_white_36dp.png (OK)
53702492 res/drawable-xxxhdpi-v4/quantum_ic_play_circle_filled_grey600_36.png (OK)
53704332 res/drawable-xxxhdpi-v4/switch_user.png (OK)
53716568 res/drawable-xxxhdpi-v4/live_tv_background.png (OK)
53763508 res/drawable-xxxhdpi-v4/ic_collections.png (OK)
53766452 res/drawable-xxxhdpi-v4/quantum_ic_pause_grey600_48.png (OK)
53766756 res/drawable-xxxhdpi-v4/ic_group_expand_08.png (OK)
53767348 res/drawable-xxxhdpi-v4/epg_icon.png (OK)
53769156 res/drawable-xxxhdpi-v4/add_more_user.png (OK)
53777700 res/drawable-xxxhdpi-v4/ic_billing_left_arrow.png (OK)
53778116 res/drawable-xxxhdpi-v4/quantum_ic_cast_white_36.png (OK)
53780096 res/drawable-xxxhdpi-v4/ic_group_collapse_06.png (OK)
53780704 res/drawable-xxxhdpi-v4/dashboard_background.jpg (OK)
53892788 res/drawable-xxxhdpi-v4/cast_abc_scrubber_control_to_pressed_mtrl_005.png (OK)
53893636 res/drawable-xxxhdpi-v4/home.png (OK)
53894728 res/drawable-xxxhdpi-v4/ic_pending.png (OK)
53898860 res/drawable-xxxhdpi-v4/ic_down.png (OK)
53900632 res/drawable-xxxhdpi-v4/playersettings.png (OK)
53906548 res/drawable-xxxhdpi-v4/abc_scrubber_control_to_pressed_mtrl_000.png (OK)
53907124 res/drawable-xxxhdpi-v4/series_icon_icon.png (OK)
53931124 res/drawable-xxxhdpi-v4/ic_group_expand_07.png (OK)
53931720 res/drawable-xxxhdpi-v4/epg_selection_icon.png (OK)
53936196 res/drawable-xxxhdpi-v4/quantum_ic_skip_previous_grey600_36.png (OK)
53936904 res/drawable-xxxhdpi-v4/quantum_ic_clear_white_24.png (OK)
53937408 res/drawable-xxxhdpi-v4/live_tv.png (OK)
54208044 res/drawable-xxxhdpi-v4/ic_group_collapse_13.png (OK)
54208416 res/drawable-xxxhdpi-v4/ic_group_collapse_02.png (OK)
54208884 res/drawable-xxxhdpi-v4/rokect_image.png (OK)
54298772 res/drawable-xxxhdpi-v4/ic_cancelled.png (OK)
54302284 res/drawable-xxxhdpi-v4/refresh_icon.png (OK)
54304000 res/drawable-xxxhdpi-v4/exo_notification_small_icon.png (OK)
54307536 res/drawable-xxxhdpi-v4/ic_group_collapse_10.png (OK)
54308064 res/drawable-xxxhdpi-v4/ic_tickets.png (OK)
54311872 res/drawable-xxxhdpi-v4/lock.png (OK)
54313436 res/drawable-xxxhdpi-v4/abc_ic_menu_selectall_mtrl_alpha.png (OK)
54313888 res/drawable-xxxhdpi-v4/recording_icon.png (OK)
54319060 res/drawable-xxxhdpi-v4/fab_bg_normal.png (OK)
54328560 res/drawable-xxxhdpi-v4/delete_icon.png (OK)
54328952 res/drawable-xxxhdpi-v4/quantum_ic_bigtop_updates_white_24.png (OK)
54330876 res/drawable-xxxhdpi-v4/navigae_next.png (OK)
54331156 res/drawable-xxxhdpi-v4/arrow_f.png (OK)
54331668 res/drawable-xxxhdpi-v4/screen1.png (OK)
54334376 res/drawable-xxxhdpi-v4/ic_vpn_not_connect.png (OK)
54353396 res/drawable-xxxhdpi-v4/abc_ic_menu_paste_mtrl_am_alpha.png (OK)
54354020 res/drawable-xxxhdpi-v4/abc_ic_menu_cut_mtrl_alpha.png (OK)
54355060 res/drawable-xxxhdpi-v4/ic_refund.png (OK)
54359488 res/drawable-xxxhdpi-v4/player_retry.png (OK)
54361200 res/drawable-xxxhdpi-v4/streamformat.png (OK)
54363600 res/drawable-xxxhdpi-v4/design_ic_visibility_off.png (OK)
54365004 res/drawable-xxxhdpi-v4/ic_terminated.png (OK)
54368180 res/drawable-xxxhdpi-v4/ic_group_expand_04.png (OK)
54368712 res/drawable-xxxhdpi-v4/ic_playlistwg.png (OK)
54371460 res/drawable-xxxhdpi-v4/quantum_ic_replay_10_white_24.png (OK)
54372848 res/drawable-xxxhdpi-v4/black_background.jpg (OK)
54484900 res/drawable-xxxhdpi-v4/guide_icon_menu.png (OK)
54486384 res/drawable-xxhdpi-v4/ic_fullscreen_exit_white_24dp.png (OK)
54486620 res/drawable-xxhdpi-v4/messenger_bubble_large_blue.png (OK)
54488272 res/drawable-xxhdpi-v4/quantum_ic_volume_up_white_36.png (OK)
54489896 res/drawable-xxhdpi-v4/quantum_ic_pause_grey600_36.png (OK)
54490140 res/drawable-xxhdpi-v4/com_facebook_close.png (OK)
54503092 res/drawable-xxhdpi-v4/abc_ic_commit_search_api_mtrl_alpha.png (OK)
54503444 res/drawable-xxhdpi-v4/gridview_menu.png (OK)
54503996 res/drawable-xxhdpi-v4/abc_btn_radio_to_on_mtrl_000.png (OK)
54505312 res/drawable-xxhdpi-v4/ic_arrow.png (OK)
54505652 res/drawable-xxhdpi-v4/abc_text_select_handle_right_mtrl_dark.png (OK)
54506188 res/drawable-xxhdpi-v4/icon_external_player_selection.png (OK)
54511080 res/drawable-xxhdpi-v4/ic_mr_button_connecting_12_dark.png (OK)
54511620 res/drawable-xxhdpi-v4/sort.png (OK)
54512804 res/drawable-xxhdpi-v4/ic_mr_button_connected_21_dark.png (OK)
54513408 res/drawable-xxhdpi-v4/ic_mr_button_connecting_27_light.png (OK)
54513956 res/drawable-xxhdpi-v4/ic_mr_button_connected_04_light.png (OK)
54514512 res/drawable-xxhdpi-v4/home_icon_black.png (OK)
54515527 res/drawable-xxhdpi-v4/shape_checkbox_focused.xml (OK - compressed)
54515860 res/drawable-xxhdpi-v4/lb_action_bg_focused.9.png (OK)
54516368 res/drawable-xxhdpi-v4/ic_mr_button_connected_04_dark.png (OK)
54516920 res/drawable-xxhdpi-v4/ic_pause_36dp.png (OK)
54517180 res/drawable-xxhdpi-v4/quantum_ic_closed_caption_grey600_36.png (OK)
54518072 res/drawable-xxhdpi-v4/abc_list_pressed_holo_light.9.png (OK)
54518372 res/drawable-xxhdpi-v4/ic_mr_button_connected_06_dark.png (OK)
54518968 res/drawable-xxhdpi-v4/cast_ic_stop_circle_filled_grey600.png (OK)
54520092 res/drawable-xxhdpi-v4/abc_btn_switch_to_on_mtrl_00001.9.png (OK)
54522608 res/drawable-xxhdpi-v4/abc_ic_star_black_48dp.png (OK)
54524792 res/drawable-xxhdpi-v4/cast_abc_scrubber_primary_mtrl_alpha.9.png (OK)
54525068 res/drawable-xxhdpi-v4/tv_arch.png (OK)
54527880 res/drawable-xxhdpi-v4/ic_mr_button_connected_28_dark.png (OK)
54528472 res/drawable-xxhdpi-v4/ic_vpn_connecting.png (OK)
54546960 res/drawable-xxhdpi-v4/close.png (OK)
54548120 res/drawable-xxhdpi-v4/ic_mr_button_connected_14_dark.png (OK)
54548708 res/drawable-xxhdpi-v4/abc_textfield_default_mtrl_alpha.9.png (OK)
54548988 res/drawable-xxhdpi-v4/ic_dialog_close_light.png (OK)
54549428 res/drawable-xxhdpi-v4/ic_mr_button_connected_22_light.png (OK)
54550040 res/drawable-xxhdpi-v4/quantum_ic_replay_30_white_24.png (OK)
54551184 res/drawable-xxhdpi-v4/quantum_ic_stop_white_24.png (OK)
54551400 res/drawable-xxhdpi-v4/ic_mr_button_connecting_01_light.png (OK)
54551932 res/drawable-xxhdpi-v4/screen5.png (OK)
54553532 res/drawable-xxhdpi-v4/tranparentdark.png (OK)
54553856 res/drawable-xxhdpi-v4/abc_text_select_handle_right_mtrl_light.png (OK)
54554392 res/drawable-xxhdpi-v4/ic_mr_button_connected_10_light.png (OK)
54554952 res/drawable-xxhdpi-v4/ic_mr_button_connected_07_light.png (OK)
54555464 res/drawable-xxhdpi-v4/playerselection.png (OK)
54559048 res/drawable-xxhdpi-v4/catch_background.png (OK)
54609604 res/drawable-xxhdpi-v4/lb_ic_search_mic_out.png (OK)
54610684 res/drawable-xxhdpi-v4/cast_ic_notification_1.png (OK)
54611488 res/drawable-xxhdpi-v4/ic_mr_button_connecting_26_light.png (OK)
54612048 res/drawable-xxhdpi-v4/quantum_ic_skip_next_white_36.png (OK)
54612608 res/drawable-xxhdpi-v4/logo_home.png (OK)
54746932 res/drawable-xxhdpi-v4/ic_menu_24dp.png (OK)
54747224 res/drawable-xxhdpi-v4/ic_setting_account.png (OK)
54749752 res/drawable-xxhdpi-v4/ic_draft.png (OK)
54752096 res/drawable-xxhdpi-v4/splash_new_background.jpg (OK)
54864136 res/drawable-xxhdpi-v4/logo.png (OK)
54923500 res/drawable-xxhdpi-v4/screen3.png (OK)
54925100 res/drawable-xxhdpi-v4/automation.png (OK)
54929596 res/drawable-xxhdpi-v4/quantum_ic_refresh_white_24.png (OK)
54930448 res/drawable-xxhdpi-v4/quantum_ic_forward_30_white_24.png (OK)
54931560 res/drawable-xxhdpi-v4/parental_control_icon.png (OK)
54935764 res/drawable-xxhdpi-v4/ic_mr_button_connected_29_light.png (OK)
54936368 res/drawable-xxhdpi-v4/quantum_ic_skip_next_grey600_36.png (OK)
54936928 res/drawable-xxhdpi-v4/ic_launcher1.png (OK)
54955384 res/drawable-xxhdpi-v4/ic_mr_button_connected_27_light.png (OK)
54955976 res/drawable-xxhdpi-v4/exo_icon_pause.png (OK)
54956212 res/drawable-xxhdpi-v4/ic_mr_button_connecting_22_light.png (OK)
54956748 res/drawable-xxhdpi-v4/launcher_logo.png (OK)
54957212 res/drawable-xxhdpi-v4/ic_mr_button_connected_14_light.png (OK)
54957784 res/drawable-xxhdpi-v4/exo_icon_previous.png (OK)
54958288 res/drawable-xxhdpi-v4/logout_icon.png (OK)
54959772 res/drawable-xxhdpi-v4/ic_vol_type_speaker_light.png (OK)
54960812 res/drawable-xxhdpi-v4/abc_tab_indicator_mtrl_alpha.9.png (OK)
54961100 res/drawable-xxhdpi-v4/quantum_ic_pause_white_24.png (OK)
54961300 res/drawable-xxhdpi-v4/ic_play_36dp.png (OK)
54961900 res/drawable-xxhdpi-v4/abc_btn_check_to_on_mtrl_015.png (OK)
54962700 res/drawable-xxhdpi-v4/ic_vpn_connected.png (OK)
54979421 res/drawable-xxhdpi-v4/selector_checkbox.xml (OK - compressed)
54979716 res/drawable-xxhdpi-v4/tv_archieve.png (OK)
54983904 res/drawable-xxhdpi-v4/edit_icon.png (OK)
54984392 res/drawable-xxhdpi-v4/general_settings.png (OK)
54998664 res/drawable-xxhdpi-v4/ic_mr_button_connected_20_light.png (OK)
54999276 res/drawable-xxhdpi-v4/ic_mr_button_connected_10_dark.png (OK)
54999836 res/drawable-xxhdpi-v4/ic_mr_button_connecting_08_dark.png (OK)
55000376 res/drawable-xxhdpi-v4/quantum_ic_stop_grey600_48.png (OK)
55000628 res/drawable-xxhdpi-v4/quantum_ic_stop_grey600_36.png (OK)
55000864 res/drawable-xxhdpi-v4/ic_mr_button_connecting_07_light.png (OK)
55001388 res/drawable-xxhdpi-v4/abc_ic_star_half_black_16dp.png (OK)
55001836 res/drawable-xxhdpi-v4/cast_ic_stop_circle_filled_white.png (OK)
55002944 res/drawable-xxhdpi-v4/ondemand_focused.png (OK)
55051492 res/drawable-xxhdpi-v4/epg_stop.png (OK)
55053992 res/drawable-xxhdpi-v4/quantum_ic_closed_caption_white_36.png (OK)
55054864 res/drawable-xxhdpi-v4/md_nav_back.png (OK)
55055172 res/drawable-xxhdpi-v4/hide_icon_menu.png (OK)
55056912 res/drawable-xxhdpi-v4/recording.png (OK)
55058040 res/drawable-xxhdpi-v4/abc_ab_share_pack_mtrl_alpha.9.png (OK)
55058416 res/drawable-xxhdpi-v4/quantum_ic_skip_previous_white_36.png (OK)
55059028 res/drawable-xxhdpi-v4/ic_mr_button_connected_02_dark.png (OK)
55059592 res/drawable-xxhdpi-v4/ic_mr_button_connecting_25_light.png (OK)
55060148 res/drawable-xxhdpi-v4/ic_mr_button_connecting_17_light.png (OK)
55060680 res/drawable-xxhdpi-v4/view_detail.png (OK)
55061512 res/drawable-xxhdpi-v4/login_user.png (OK)
55067488 res/drawable-xxhdpi-v4/ic_mr_button_connected_20_dark.png (OK)
55068104 res/drawable-xxhdpi-v4/abc_cab_background_top_mtrl_alpha.9.png (OK)
55068412 res/drawable-xxhdpi-v4/exo_icon_stop.png (OK)
55068640 res/drawable-xxhdpi-v4/ic_mr_button_connecting_26_dark.png (OK)
55069200 res/drawable-xxhdpi-v4/abc_btn_check_to_on_mtrl_000.png (OK)
55069640 res/drawable-xxhdpi-v4/right_icon_cat.png (OK)
55070192 res/drawable-xxhdpi-v4/ic_mr_button_connecting_14_dark.png (OK)
55070736 res/drawable-xxhdpi-v4/ic_mr_button_connecting_17_dark.png (OK)
55071264 res/drawable-xxhdpi-v4/speed_icon.png (OK)
55074488 res/drawable-xxhdpi-v4/ic_cancelation.png (OK)
55076192 res/drawable-xxhdpi-v4/ic_active.png (OK)
55079484 res/drawable-xxhdpi-v4/abc_list_divider_mtrl_alpha.9.png (OK)
55079744 res/drawable-xxhdpi-v4/ic_mr_button_connecting_00_dark.png (OK)
55080300 res/drawable-xxhdpi-v4/abc_menu_hardkey_panel_mtrl_mult.9.png (OK)
55082144 res/drawable-xxhdpi-v4/ic_mr_button_connecting_10_light.png (OK)
55082708 res/drawable-xxhdpi-v4/com_facebook_button_like_icon_selected.png (OK)
55083052 res/drawable-xxhdpi-v4/cast_abc_scrubber_control_off_mtrl_alpha.png (OK)
55083536 res/drawable-xxhdpi-v4/ic_mr_button_connected_08_light.png (OK)
55084076 res/drawable-xxhdpi-v4/messenger_bubble_large_white.png (OK)
55085248 res/drawable-xxhdpi-v4/left_icon_cat.png (OK)
55085824 res/drawable-xxhdpi-v4/quantum_ic_pause_circle_filled_grey600_36.png (OK)
55087204 res/drawable-xxhdpi-v4/ic_media_pause_dark.png (OK)
55087460 res/drawable-xxhdpi-v4/ic_mr_button_grey.png (OK)
55088432 res/drawable-xxhdpi-v4/lb_in_app_search_bg.9.png (OK)
55088988 res/drawable-xxhdpi-v4/ic_home.png (OK)
55090280 res/drawable-xxhdpi-v4/abc_ic_star_half_black_48dp.png (OK)
55091692 res/drawable-xxhdpi-v4/ic_fullscreen_white_24dp.png (OK)
55091928 res/drawable-xxhdpi-v4/ic_mr_button_connecting_28_light.png (OK)
55092492 res/drawable-xxhdpi-v4/ic_mr_button_connected_25_light.png (OK)
55093108 res/drawable-xxhdpi-v4/ic_mr_button_disconnected_light.png (OK)
55094504 res/drawable-xxhdpi-v4/abc_textfield_search_activated_mtrl_alpha.9.png (OK)
55094756 res/drawable-xxhdpi-v4/tv_icon.png (OK)
55095700 res/drawable-xxhdpi-v4/abc_list_selector_disabled_holo_light.9.png (OK)
55096036 res/drawable-xxhdpi-v4/ic_media_play_dark.png (OK)
55096680 res/drawable-xxhdpi-v4/ic_media_play_light.png (OK)
55097336 res/drawable-xxhdpi-v4/ic_mr_button_connected_03_light.png (OK)
55097880 res/drawable-xxhdpi-v4/ic_billing.png (OK)
55099116 res/drawable-xxhdpi-v4/messenger_bubble_small_white.png (OK)
55100120 res/drawable-xxhdpi-v4/googleg_standard_color_18.png (OK)
55102104 res/drawable-xxhdpi-v4/quantum_ic_forward_30_grey600_36.png (OK)
55104368 res/drawable-xxhdpi-v4/ic_mr_button_connecting_24_light.png (OK)
55104908 res/drawable-xxhdpi-v4/ic_fullscreen_24dp.png (OK)
55105132 res/drawable-xxhdpi-v4/ic_vol_type_tv_light.png (OK)
55105552 res/drawable-xxhdpi-v4/ic_mr_button_disabled_dark.png (OK)
55106704 res/drawable-xxhdpi-v4/ic_mr_button_connected_26_light.png (OK)
55107336 res/drawable-xxhdpi-v4/quantum_ic_keyboard_arrow_down_white_36.png (OK)
55107836 res/drawable-xxhdpi-v4/abc_btn_switch_to_on_mtrl_00012.9.png (OK)
55110700 res/drawable-xxhdpi-v4/ic_mr_button_connected_18_dark.png (OK)
55111284 res/drawable-xxhdpi-v4/exo_icon_rewind.png (OK)
55111936 res/drawable-xxhdpi-v4/ic_mr_button_connecting_11_light.png (OK)
55112508 res/drawable-xxhdpi-v4/abc_btn_radio_to_on_mtrl_015.png (OK)
55114044 res/drawable-xxhdpi-v4/folder_icon.png (OK)
55114636 res/drawable-xxhdpi-v4/time_format.png (OK)
55117896 res/drawable-xxhdpi-v4/ic_mr_button_connecting_02_dark.png (OK)
55118444 res/drawable-xxhdpi-v4/addfolder_icon.png (OK)
55120332 res/drawable-xxhdpi-v4/show_icon_menu.png (OK)
55121812 res/drawable-xxhdpi-v4/quantum_ic_skip_next_white_24.png (OK)
55122196 res/drawable-xxhdpi-v4/quantum_ic_replay_white_24.png (OK)
55123052 res/drawable-xxhdpi-v4/ic_mr_button_connecting_07_dark.png (OK)
55123580 res/drawable-xxhdpi-v4/ic_mr_button_connecting_19_light.png (OK)
55124112 res/drawable-xxhdpi-v4/tv_guide_new.png (OK)
55127672 res/drawable-xxhdpi-v4/ic_mr_button_connected_19_dark.png (OK)
55128268 res/drawable-xxhdpi-v4/abc_spinner_mtrl_am_alpha.9.png (OK)
55128872 res/drawable-xxhdpi-v4/exo_controls_repeat_all.png (OK)
55129264 res/drawable-xxhdpi-v4/ic_mr_button_connected_21_light.png (OK)
55129848 res/drawable-xxhdpi-v4/movies.png (OK)
55316376 res/drawable-xxhdpi-v4/lb_ic_actions_right_arrow.png (OK)
55316840 res/drawable-xxhdpi-v4/ic_mr_button_connecting_29_dark.png (OK)
55317380 res/drawable-xxhdpi-v4/ic_dash_catchup.png (OK)
55356588 res/drawable-xxhdpi-v4/lb_ic_search_mic.png (OK)
55357552 res/drawable-xxhdpi-v4/live_tv_icon.png (OK)
55363068 res/drawable-xxhdpi-v4/gear_orange.png (OK)
55364844 res/drawable-xxhdpi-v4/ic_mr_button_connected_16_light.png (OK)
55365424 res/drawable-xxhdpi-v4/gear_white_dashboard.png (OK)
55368252 res/drawable-xxhdpi-v4/parental_password_lock.png (OK)
55369276 res/drawable-xxhdpi-v4/cast_abc_scrubber_control_to_pressed_mtrl_000.png (OK)
55369824 res/drawable-xxhdpi-v4/exo_controls_fullscreen_exit.png (OK)
55370080 res/drawable-xxhdpi-v4/ic_cencel.png (OK)
55373308 res/drawable-xxhdpi-v4/ic_dialog_close_dark.png (OK)
55373748 res/drawable-xxhdpi-v4/ic_vol_type_speaker_group_light.png (OK)
55374752 res/drawable-xxhdpi-v4/manage_user.png (OK)
55382808 res/drawable-xxhdpi-v4/login_icon.png (OK)
55383488 res/drawable-xxhdpi-v4/abc_scrubber_control_to_pressed_mtrl_005.png (OK)
55384296 res/drawable-xxhdpi-v4/ic_mr_button_connecting_03_light.png (OK)
55384840 res/drawable-xxhdpi-v4/account_info.png (OK)
55387140 res/drawable-xxhdpi-v4/ic_myservice.png (OK)
55390136 res/drawable-xxhdpi-v4/abc_ic_menu_share_mtrl_alpha.png (OK)
55391064 res/drawable-xxhdpi-v4/ic_mr_button_connected_08_dark.png (OK)
55391592 res/drawable-xxhdpi-v4/support_agent.png (OK)
55394228 res/drawable-xxhdpi-v4/ic_audiotrack_light.png (OK)
55394692 res/drawable-xxhdpi-v4/quantum_ic_forward_30_white_36.png (OK)
55396928 res/drawable-xxhdpi-v4/record.png (OK)
55399092 res/drawable-xxhdpi-v4/abc_ic_star_half_black_36dp.png (OK)
55400280 res/drawable-xxhdpi-v4/ic_mr_button_connected_03_dark.png (OK)
55400832 res/drawable-xxhdpi-v4/on_demand_background.png (OK)
55449428 res/drawable-xxhdpi-v4/common_google_signin_btn_text_light_normal_background.9.png (OK)
55450772 res/drawable-xxhdpi-v4/ic_mr_button_connected_00_light.png (OK)
55451324 res/drawable-xxhdpi-v4/ic_mr_button_connecting_11_dark.png (OK)
55451900 res/drawable-xxhdpi-v4/ic_mr_button_connecting_06_light.png (OK)
55452464 res/drawable-xxhdpi-v4/green_focused.png (OK)
55473088 res/drawable-xxhdpi-v4/user_placeholder.png (OK)
55475284 res/drawable-xxhdpi-v4/common_google_signin_btn_icon_light_normal_background.9.png (OK)
55476500 res/drawable-xxhdpi-v4/exo_edit_mode_logo.png (OK)
55477828 res/drawable-xxhdpi-v4/abc_text_select_handle_middle_mtrl_dark.png (OK)
55479060 res/drawable-xxhdpi-v4/abc_list_selector_disabled_holo_dark.9.png (OK)
55479392 res/drawable-xxhdpi-v4/livetv_focused.png (OK)
55526352 res/drawable-xxhdpi-v4/abc_scrubber_control_off_mtrl_alpha.png (OK)
55526836 res/drawable-xxhdpi-v4/abc_ic_menu_copy_mtrl_am_alpha.png (OK)
55527268 res/drawable-xxhdpi-v4/ic_mr_button_connected_11_light.png (OK)
55527820 res/drawable-xxhdpi-v4/green_background.png (OK)
55548444 res/drawable-xxhdpi-v4/audio_track_icon.png (OK)
55549480 res/drawable-xxhdpi-v4/ic_mr_button_connecting_21_light.png (OK)
55550020 res/drawable-xxhdpi-v4/ic_volume_up_white_36dp.png (OK)
55551628 res/drawable-xxhdpi-v4/fab_bg_mini.png (OK)
55556784 res/drawable-xxhdpi-v4/ic_mr_button_connected_19_light.png (OK)
55557360 res/drawable-xxhdpi-v4/ic_up.png (OK)
55558164 res/drawable-xxhdpi-v4/logn_new_bg.jpg (OK)
55670224 res/drawable-xxhdpi-v4/ic_volume_off_white_36dp.png (OK)
55671888 res/drawable-xxhdpi-v4/lb_in_app_search_shadow_focused.9.png (OK)
55675868 res/drawable-xxhdpi-v4/ic_mr_button_connecting_00_light.png (OK)
55676420 res/drawable-xxhdpi-v4/ic_mr_button_connected_02_light.png (OK)
55676984 res/drawable-xxhdpi-v4/ic_mr_button_connected_28_light.png (OK)
55677568 res/drawable-xxhdpi-v4/reset_icon.png (OK)
55681060 res/drawable-xxhdpi-v4/ic_mr_button_connecting_02_light.png (OK)
55681624 res/drawable-xxhdpi-v4/ic_mr_button_connected_05_light.png (OK)
55682176 res/drawable-xxhdpi-v4/player_play_newflow.png (OK)
55683592 res/drawable-xxhdpi-v4/ic_fullscreen_exit_white_36dp.png (OK)
55683836 res/drawable-xxhdpi-v4/design_ic_visibility.png (OK)
55684884 res/drawable-xxhdpi-v4/quantum_ic_pause_circle_filled_white_36.png (OK)
55686276 res/drawable-xxhdpi-v4/exo_controls_fullscreen_enter.png (OK)
55686560 res/drawable-xxhdpi-v4/abc_textfield_search_default_mtrl_alpha.9.png (OK)
55686828 res/drawable-xxhdpi-v4/cast_ic_notification_0.png (OK)
55687612 res/drawable-xxhdpi-v4/ic_mr_button_connecting_12_light.png (OK)
55688160 res/drawable-xxhdpi-v4/search_view.png (OK)
55689572 res/drawable-xxhdpi-v4/ic_mr_button_connecting_13_light.png (OK)
55690124 res/drawable-xxhdpi-v4/movies_icon.png (OK)
55695976 res/drawable-xxhdpi-v4/cast_ic_notification_on.png (OK)
55696764 res/drawable-xxhdpi-v4/ic_mr_button_connecting_09_dark.png (OK)
55697320 res/drawable-xxhdpi-v4/abc_text_select_handle_left_mtrl_light.png (OK)
55697856 res/drawable-xxhdpi-v4/quantum_ic_volume_off_grey600_36.png (OK)
55699520 res/drawable-xxhdpi-v4/ic_mr_button_connecting_04_dark.png (OK)
55700092 res/drawable-xxhdpi-v4/lb_in_app_search_shadow_normal.9.png (OK)
55701332 res/drawable-xxhdpi-v4/player_pause.png (OK)
55701640 res/drawable-xxhdpi-v4/parental.png (OK)
55707524 res/drawable-xxhdpi-v4/abc_scrubber_primary_mtrl_alpha.9.png (OK)
55707804 res/drawable-xxhdpi-v4/ic_vpn_grey.png (OK)
55710724 res/drawable-xxhdpi-v4/ic_mr_button_connected_27_dark.png (OK)
55711332 res/drawable-xxhdpi-v4/quantum_ic_cast_connected_white_24.png (OK)
55712256 res/drawable-xxhdpi-v4/play.png (OK)
55714900 res/drawable-xxhdpi-v4/logo_white_long.png (OK)
55849232 res/drawable-xxhdpi-v4/settings_icon_black.png (OK)
55851088 res/drawable-xxhdpi-v4/ic_mr_button_connecting_05_dark.png (OK)
55851632 res/drawable-xxhdpi-v4/guide_icon.png (OK)
55854940 res/drawable-xxhdpi-v4/messenger_button_send_round_shadow.png (OK)
55860444 res/drawable-xxhdpi-v4/exo_icon_fastforward.png (OK)
55861056 res/drawable-xxhdpi-v4/screen4.png (OK)
55862664 res/drawable-xxhdpi-v4/ic_paid.png (OK)
55866192 res/drawable-xxhdpi-v4/ic_dash_epg.png (OK)
55906160 res/drawable-xxhdpi-v4/ic_playlistw.png (OK)
55908368 res/drawable-xxhdpi-v4/ic_youtube_24dp.png (OK)
55909148 res/drawable-xxhdpi-v4/abc_ic_star_black_36dp.png (OK)
55910928 res/drawable-xxhdpi-v4/ic_stop_white_24dp.png (OK)
55911120 res/drawable-xxhdpi-v4/ic_cart.png (OK)
55913224 res/drawable-xxhdpi-v4/ic_mr_button_connecting_18_dark.png (OK)
55913756 res/drawable-xxhdpi-v4/rocket_logo2.png (OK)
55936900 res/drawable-xxhdpi-v4/exo_icon_play.png (OK)
55937372 res/drawable-xxhdpi-v4/quantum_ic_play_arrow_grey600_48.png (OK)
55938008 res/drawable-xxhdpi-v4/delete_user.png (OK)
55942232 res/drawable-xxhdpi-v4/epg.png (OK)
55946220 res/drawable-xxhdpi-v4/ic_brightness_6_white_36dp.png (OK)
55947112 res/drawable-xxhdpi-v4/ic_mr_button_connecting_25_dark.png (OK)
55947644 res/drawable-xxhdpi-v4/screen2.png (OK)
55949272 res/drawable-xxhdpi-v4/ic_mr_button_connected_06_light.png (OK)
55949856 res/drawable-xxhdpi-v4/quantum_ic_skip_previous_white_24.png (OK)
55950260 res/drawable-xxhdpi-v4/menu_dots.png (OK)
55950892 res/drawable-xxhdpi-v4/ic_mr_button_connecting_19_dark.png (OK)
55951444 res/drawable-xxhdpi-v4/ic_mr_button_connecting_06_dark.png (OK)
55952012 res/drawable-xxhdpi-v4/reply_on.png (OK)
55953096 res/drawable-xxhdpi-v4/abc_ic_star_black_16dp.png (OK)
55953704 res/drawable-xxhdpi-v4/ic_mr_button_connected_00_dark.png (OK)
55954256 res/drawable-xxhdpi-v4/quantum_ic_replay_30_white_36.png (OK)
55956528 res/drawable-xxhdpi-v4/ic_mr_button_connected_15_light.png (OK)
55957116 res/drawable-xxhdpi-v4/ic_mr_button_connecting_23_dark.png (OK)
55957672 res/drawable-xxhdpi-v4/ic_mr_button_connecting_28_dark.png (OK)
55958220 res/drawable-xxhdpi-v4/subtitle_track_icon.png (OK)
55961032 res/drawable-xxhdpi-v4/exo_controls_repeat_one.png (OK)
55961468 res/drawable-xxhdpi-v4/ic_mr_button_connecting_20_dark.png (OK)
55962012 res/drawable-xxhdpi-v4/lb_ic_sad_cloud.png (OK)
55964928 res/drawable-xxhdpi-v4/list_white.png (OK)
55965204 res/drawable-xxhdpi-v4/ic_mr_button_connecting_16_light.png (OK)
55965732 res/drawable-xxhdpi-v4/favouraites.png (OK)
56003464 res/drawable-xxhdpi-v4/ic_download.png (OK)
56004768 res/drawable-xxhdpi-v4/ic_fab_complete.png (OK)
56005340 res/drawable-xxhdpi-v4/abc_textfield_activated_mtrl_alpha.9.png (OK)
56005628 res/drawable-xxhdpi-v4/ic_mr_button_disconnected_dark.png (OK)
56007040 res/drawable-xxhdpi-v4/att_to_fav.png (OK)
56009448 res/drawable-xxhdpi-v4/common_google_signin_btn_text_dark_normal_background.9.png (OK)
56011160 res/drawable-xxhdpi-v4/catch_up_focused.png (OK)
56061728 res/drawable-xxhdpi-v4/ic_mr_button_connecting_21_dark.png (OK)
56062284 res/drawable-xxhdpi-v4/abc_text_select_handle_left_mtrl_dark.png (OK)
56062824 res/drawable-xxhdpi-v4/quantum_ic_play_circle_filled_white_36.png (OK)
56064312 res/drawable-xxhdpi-v4/ic_mr_button_connecting_13_dark.png (OK)
56064860 res/drawable-xxhdpi-v4/lock_open.png (OK)
56065908 res/drawable-xxhdpi-v4/ic_mr_button_connecting_08_light.png (OK)
56066452 res/drawable-xxhdpi-v4/quantum_ic_volume_up_grey600_36.png (OK)
56068060 res/drawable-xxhdpi-v4/listview_menu.png (OK)
56068824 res/drawable-xxhdpi-v4/quantum_ic_art_track_grey600_48.png (OK)
56069756 res/drawable-xxhdpi-v4/gear_white.png (OK)
56072812 res/drawable-xxhdpi-v4/cast_genre.png (OK)
56074532 res/drawable-xxhdpi-v4/abc_switch_track_mtrl_alpha.9.png (OK)
56075464 res/drawable-xxhdpi-v4/parental_security_key.png (OK)
56077136 res/drawable-xxhdpi-v4/ic_mr_button_connected_07_dark.png (OK)
56077648 res/drawable-xxhdpi-v4/hplib_ic_settings.png (OK)
56078884 res/drawable-xxhdpi-v4/ic_mr_button_connecting_10_dark.png (OK)
56079416 res/drawable-xxhdpi-v4/series.png (OK)
56319996 res/drawable-xxhdpi-v4/quantum_ic_forward_10_white_24.png (OK)
56321004 res/drawable-xxhdpi-v4/com_facebook_button_send_icon_white.png (OK)
56321748 res/drawable-xxhdpi-v4/catch_up_icon.png (OK)
56325052 res/drawable-xxhdpi-v4/ic_vol_type_speaker_dark.png (OK)
56325956 res/drawable-xxhdpi-v4/ic_audiotrack_dark.png (OK)
56326428 res/drawable-xxhdpi-v4/ic_mr_button_connected_13_dark.png (OK)
56327024 res/drawable-xxhdpi-v4/epg_play.png (OK)
56329976 res/drawable-xxhdpi-v4/ic_mr_button_connecting_15_light.png (OK)
56330500 res/drawable-xxhdpi-v4/layout.png (OK)
56331116 res/drawable-xxhdpi-v4/logout_icon_menu.png (OK)
56332812 res/drawable-xxhdpi-v4/ic_mr_button_connecting_20_light.png (OK)
56333368 res/drawable-xxhdpi-v4/ic_mr_button_connecting_09_light.png (OK)
56333920 res/drawable-xxhdpi-v4/quantum_ic_play_arrow_grey600_36.png (OK)
56334484 res/drawable-xxhdpi-v4/ic_mr_button_connecting_16_dark.png (OK)
56335032 res/drawable-xxhdpi-v4/ic_mr_button_connected_23_light.png (OK)
56335632 res/drawable-xxhdpi-v4/ic_playlist.png (OK)
56337848 res/drawable-xxhdpi-v4/exo_controls_shuffle.png (OK)
56338448 res/drawable-xxhdpi-v4/ic_fraud.png (OK)
56341180 res/drawable-xxhdpi-v4/ic_myinvoice.png (OK)
56343712 res/drawable-xxhdpi-v4/ic_mr_button_connected_12_light.png (OK)
56344324 res/drawable-xxhdpi-v4/ic_mr_button_connected_25_dark.png (OK)
56344940 res/drawable-xxhdpi-v4/ic_mr_button_connected_09_dark.png (OK)
56345484 res/drawable-xxhdpi-v4/ic_play_arrow_white_24dp.png (OK)
56345864 res/drawable-xxhdpi-v4/quantum_ic_play_arrow_white_24.png (OK)
56346244 res/drawable-xxhdpi-v4/ic_mr_button_connecting_27_dark.png (OK)
56346792 res/drawable-xxhdpi-v4/ic_play_circle_outline_white_36dp.png (OK)
56348980 res/drawable-xxhdpi-v4/ic_arrow_down_24dp.png (OK)
56349380 res/drawable-xxhdpi-v4/abc_list_pressed_holo_dark.9.png (OK)
56349660 res/drawable-xxhdpi-v4/ic_unpaid.png (OK)
56353212 res/drawable-xxhdpi-v4/ic_setting_account_focus.png (OK)
56355748 res/drawable-xxhdpi-v4/livetv_icon_menu.png (OK)
56357980 res/drawable-xxhdpi-v4/reset.png (OK)
56359380 res/drawable-xxhdpi-v4/questionmark.png (OK)
56362260 res/drawable-xxhdpi-v4/live_with_epg_icon.png (OK)
56363732 res/drawable-xxhdpi-v4/ic_mr_button_connected_12_dark.png (OK)
56364344 res/drawable-xxhdpi-v4/ic_mr_button_connected_30_light.png (OK)
56364972 res/drawable-xxhdpi-v4/common_google_signin_btn_icon_dark_normal_background.9.png (OK)
56366552 res/drawable-xxhdpi-v4/ic_suspended.png (OK)
56369340 res/drawable-xxhdpi-v4/quantum_ic_replay_30_grey600_36.png (OK)
56371592 res/drawable-xxhdpi-v4/reply_off.png (OK)
56372752 res/drawable-xxhdpi-v4/quantum_ic_volume_off_white_36.png (OK)
56374408 res/drawable-xxhdpi-v4/ic_fullscreen_exit_24dp.png (OK)
56374628 res/drawable-xxhdpi-v4/logout_user.png (OK)
56377860 res/drawable-xxhdpi-v4/ic_mr_button_connected_22_dark.png (OK)
56378480 res/drawable-xxhdpi-v4/quantum_ic_play_circle_filled_grey600_36.png (OK)
56379948 res/drawable-xxhdpi-v4/switch_user.png (OK)
56388352 res/drawable-xxhdpi-v4/ic_mr_button_connecting_29_light.png (OK)
56388896 res/drawable-xxhdpi-v4/ic_media_pause_light.png (OK)
56389152 res/drawable-xxhdpi-v4/live_tv_background.png (OK)
56436108 res/drawable-xxhdpi-v4/ic_mr_button_connected_01_light.png (OK)
56436648 res/drawable-xxhdpi-v4/ic_collections.png (OK)
56439104 res/drawable-xxhdpi-v4/ic_mr_button_connected_01_dark.png (OK)
56439660 res/drawable-xxhdpi-v4/ic_mr_button_connected_09_light.png (OK)
56440204 res/drawable-xxhdpi-v4/quantum_ic_pause_grey600_48.png (OK)
56440472 res/drawable-xxhdpi-v4/ic_vol_type_speaker_group_dark.png (OK)
56441392 res/drawable-xxhdpi-v4/abc_text_select_handle_middle_mtrl_light.png (OK)
56442612 res/drawable-xxhdpi-v4/ic_mr_button_disabled_light.png (OK)
56443788 res/drawable-xxhdpi-v4/ic_mr_button_connected_18_light.png (OK)
56444364 res/drawable-xxhdpi-v4/epg_icon.png (OK)
56445828 res/drawable-xxhdpi-v4/exo_controls_repeat_off.png (OK)
56446248 res/drawable-xxhdpi-v4/add_more_user.png (OK)
56451744 res/drawable-xxhdpi-v4/ic_mr_button_connecting_01_dark.png (OK)
56452292 res/drawable-xxhdpi-v4/ic_billing_left_arrow.png (OK)
56452616 res/drawable-xxhdpi-v4/quantum_ic_cast_white_36.png (OK)
56454276 res/drawable-xxhdpi-v4/ic_mr_button_connecting_22_dark.png (OK)
56454812 res/drawable-xxhdpi-v4/alert_icon.png (OK)
56455784 res/drawable-xxhdpi-v4/lb_ic_in_app_search.png (OK)
56457260 res/drawable-xxhdpi-v4/dashboard_background.jpg (OK)
56569328 res/drawable-xxhdpi-v4/ic_mr_button_connected_05_dark.png (OK)
56569908 res/drawable-xxhdpi-v4/cast_abc_scrubber_control_to_pressed_mtrl_005.png (OK)
56570716 res/drawable-xxhdpi-v4/ic_mr_button_connecting_04_light.png (OK)
56571288 res/drawable-xxhdpi-v4/ic_mr_button_connected_24_dark.png (OK)
56571900 res/drawable-xxhdpi-v4/ic_mr_button_connecting_23_light.png (OK)
56572456 res/drawable-xxhdpi-v4/ic_mr_button_connected_15_dark.png (OK)
56573044 res/drawable-xxhdpi-v4/ic_mr_button_connecting_15_dark.png (OK)
56573564 res/drawable-xxhdpi-v4/home.png (OK)
56574416 res/drawable-xxhdpi-v4/ic_pending.png (OK)
56577784 res/drawable-xxhdpi-v4/ic_mr_button_connecting_24_dark.png (OK)
56578336 res/drawable-xxhdpi-v4/ic_mr_button_connected_29_dark.png (OK)
56578916 res/drawable-xxhdpi-v4/ic_down.png (OK)
56579744 res/drawable-xxhdpi-v4/cast_ic_notification_2.png (OK)
56580520 res/drawable-xxhdpi-v4/ic_media_stop_light.png (OK)
56580760 res/drawable-xxhdpi-v4/playersettings.png (OK)
56584544 res/drawable-xxhdpi-v4/abc_scrubber_control_to_pressed_mtrl_000.png (OK)
56585096 res/drawable-xxhdpi-v4/ic_mr_button_connected_30_dark.png (OK)
56585700 res/drawable-xxhdpi-v4/ic_mr_button_connected_24_light.png (OK)
56586296 res/drawable-xxhdpi-v4/series_icon_icon.png (OK)
56601332 res/drawable-xxhdpi-v4/ic_mr_button_connected_16_dark.png (OK)
56601924 res/drawable-xxhdpi-v4/ic_mr_button_connecting_30_dark.png (OK)
56602468 res/drawable-xxhdpi-v4/abc_list_focused_holo.9.png (OK)
56602816 res/drawable-xxhdpi-v4/ic_mr_button_connected_17_light.png (OK)
56603404 res/drawable-xxhdpi-v4/epg_selection_icon.png (OK)
56605660 res/drawable-xxhdpi-v4/quantum_ic_skip_previous_grey600_36.png (OK)
56606268 res/drawable-xxhdpi-v4/quantum_ic_clear_white_24.png (OK)
56606684 res/drawable-xxhdpi-v4/live_tv.png (OK)
56877332 res/drawable-xxhdpi-v4/abc_popup_background_mtrl_mult.9.png (OK)
56879696 res/drawable-xxhdpi-v4/ic_mr_button_connected_17_dark.png (OK)
56880280 res/drawable-xxhdpi-v4/rokect_image.png (OK)
56938112 res/drawable-xxhdpi-v4/ic_cancelled.png (OK)
56940916 res/drawable-xxhdpi-v4/refresh_icon.png (OK)
56942264 res/drawable-xxhdpi-v4/ic_mr_button_connected_26_dark.png (OK)
56942888 res/drawable-xxhdpi-v4/ic_mr_button_connecting_30_light.png (OK)
56943440 res/drawable-xxhdpi-v4/ic_mr_button_connecting_14_light.png (OK)
56943980 res/drawable-xxhdpi-v4/exo_notification_small_icon.png (OK)
56946732 res/drawable-xxhdpi-v4/ic_tickets.png (OK)
56950188 res/drawable-xxhdpi-v4/lock.png (OK)
56951588 res/drawable-xxhdpi-v4/abc_ic_menu_selectall_mtrl_alpha.png (OK)
56951980 res/drawable-xxhdpi-v4/ic_media_stop_dark.png (OK)
56952212 res/drawable-xxhdpi-v4/stop_icon.png (OK)
56954532 res/drawable-xxhdpi-v4/recording_icon.png (OK)
56958456 res/drawable-xxhdpi-v4/fab_bg_normal.png (OK)
56965012 res/drawable-xxhdpi-v4/messenger_bubble_small_blue.png (OK)
56966440 res/drawable-xxhdpi-v4/delete_icon.png (OK)
56966788 res/drawable-xxhdpi-v4/quantum_ic_bigtop_updates_white_24.png (OK)
56968276 res/drawable-xxhdpi-v4/ic_mr_button_connected_23_dark.png (OK)
56968892 res/drawable-xxhdpi-v4/abc_list_longpressed_holo.9.png (OK)
56969184 res/drawable-xxhdpi-v4/navigae_next.png (OK)
56969492 res/drawable-xxhdpi-v4/ic_mr_button_connecting_18_light.png (OK)
56970020 res/drawable-xxhdpi-v4/arrow_f.png (OK)
56970516 res/drawable-xxhdpi-v4/googleg_disabled_color_18.png (OK)
56971588 res/drawable-xxhdpi-v4/ic_mr_button_connected_11_dark.png (OK)
56972124 res/drawable-xxhdpi-v4/screen1.png (OK)
56974824 res/drawable-xxhdpi-v4/exo_icon_next.png (OK)
56975300 res/drawable-xxhdpi-v4/ic_vpn_not_connect.png (OK)
56993340 res/drawable-xxhdpi-v4/abc_ic_menu_paste_mtrl_am_alpha.png (OK)
56993820 res/drawable-xxhdpi-v4/ic_mr_button_connecting_03_dark.png (OK)
56994380 res/drawable-xxhdpi-v4/abc_ic_menu_cut_mtrl_alpha.png (OK)
56995200 res/drawable-xxhdpi-v4/ic_refund.png (OK)
56998712 res/drawable-xxhdpi-v4/player_retry.png (OK)
57000048 res/drawable-xxhdpi-v4/ic_mr_button_connected_13_light.png (OK)
57000652 res/drawable-xxhdpi-v4/ic_vol_type_tv_dark.png (OK)
57001036 res/drawable-xxhdpi-v4/streamformat.png (OK)
57003028 res/drawable-xxhdpi-v4/design_ic_visibility_off.png (OK)
57004116 res/drawable-xxhdpi-v4/ic_mr_button_connecting_05_light.png (OK)
57004664 res/drawable-xxhdpi-v4/ic_terminated.png (OK)
57007228 res/drawable-xxhdpi-v4/abc_scrubber_track_mtrl_alpha.9.png (OK)
57007508 res/drawable-xxhdpi-v4/ic_playlistwg.png (OK)
57009732 res/drawable-xxhdpi-v4/quantum_ic_replay_10_white_24.png (OK)
57010740 res/drawable-xxhdpi-v4/black_background.jpg (OK)
57122792 res/drawable-xxhdpi-v4/guide_icon_menu.png (OK)
57123992 res/drawable-xxhdpi-v4/aspect_ratio_new.png (OK)
57125364 res/drawable-hdpi-v4/ic_fullscreen_exit_white_24dp.png (OK)
57125576 res/drawable-hdpi-v4/messenger_bubble_large_blue.png (OK)
57126516 res/drawable-hdpi-v4/quantum_ic_volume_up_white_36.png (OK)
57127152 res/drawable-hdpi-v4/quantum_ic_pause_grey600_36.png (OK)
57127380 res/drawable-hdpi-v4/com_facebook_close.png (OK)
57129168 res/drawable-hdpi-v4/abc_ic_commit_search_api_mtrl_alpha.png (OK)
57129420 res/drawable-hdpi-v4/gridview_menu.png (OK)
57129892 res/drawable-hdpi-v4/abc_btn_radio_to_on_mtrl_000.png (OK)
57130520 res/drawable-hdpi-v4/ic_arrow.png (OK)
57130964 res/drawable-hdpi-v4/abc_text_select_handle_right_mtrl_dark.png (OK)
57131328 res/drawable-hdpi-v4/icon_external_player_selection.png (OK)
57134124 res/drawable-hdpi-v4/sort.png (OK)
57134700 res/drawable-hdpi-v4/home_icon_black.png (OK)
57135324 res/drawable-hdpi-v4/lb_action_bg_focused.9.png (OK)
57135704 res/drawable-hdpi-v4/ic_pause_36dp.png (OK)
57135948 res/drawable-hdpi-v4/quantum_ic_closed_caption_grey600_36.png (OK)
57136512 res/drawable-hdpi-v4/abc_list_pressed_holo_light.9.png (OK)
57136812 res/drawable-hdpi-v4/cast_ic_stop_circle_filled_grey600.png (OK)
57137368 res/drawable-hdpi-v4/abc_btn_switch_to_on_mtrl_00001.9.png (OK)
57138516 res/drawable-hdpi-v4/abc_ic_star_black_48dp.png (OK)
57139348 res/drawable-hdpi-v4/cast_abc_scrubber_primary_mtrl_alpha.9.png (OK)
57139616 res/drawable-hdpi-v4/tv_arch.png (OK)
57140940 res/drawable-hdpi-v4/ic_vpn_connecting.png (OK)
57156344 res/drawable-hdpi-v4/close.png (OK)
57156944 res/drawable-hdpi-v4/abc_textfield_default_mtrl_alpha.9.png (OK)
57157212 res/drawable-hdpi-v4/ic_dialog_close_light.png (OK)
57157520 res/drawable-hdpi-v4/quantum_ic_replay_30_white_24.png (OK)
57158144 res/drawable-hdpi-v4/quantum_ic_stop_white_24.png (OK)
57158312 res/drawable-hdpi-v4/screen5.png (OK)
57159908 res/drawable-hdpi-v4/tranparentdark.png (OK)
57160228 res/drawable-hdpi-v4/abc_text_select_handle_right_mtrl_light.png (OK)
57160576 res/drawable-hdpi-v4/playerselection.png (OK)
57162688 res/drawable-hdpi-v4/com_facebook_tooltip_black_xout.png (OK)
57162996 res/drawable-hdpi-v4/catch_background.png (OK)
57213548 res/drawable-hdpi-v4/favourite_yellow.png (OK)
57214344 res/drawable-hdpi-v4/lb_ic_search_mic_out.png (OK)
57214928 res/drawable-hdpi-v4/cast_ic_notification_1.png (OK)
57215392 res/drawable-hdpi-v4/quantum_ic_skip_next_white_36.png (OK)
57215812 res/drawable-hdpi-v4/logo_home.png (OK)
57255312 res/drawable-hdpi-v4/ic_menu_24dp.png (OK)
57255516 res/drawable-hdpi-v4/ic_setting_account.png (OK)
57257276 res/drawable-hdpi-v4/ic_draft.png (OK)
57258328 res/drawable-hdpi-v4/splash_new_background.jpg (OK)
57370368 res/drawable-hdpi-v4/logo.png (OK)
57387400 res/drawable-hdpi-v4/screen3.png (OK)
57389000 res/drawable-hdpi-v4/automation.png (OK)
57391576 res/drawable-hdpi-v4/quantum_ic_refresh_white_24.png (OK)
57392064 res/drawable-hdpi-v4/quantum_ic_forward_30_white_24.png (OK)
57392700 res/drawable-hdpi-v4/parental_control_icon.png (OK)
57394016 res/drawable-hdpi-v4/quantum_ic_skip_next_grey600_36.png (OK)
57394456 res/drawable-hdpi-v4/ic_launcher1.png (OK)
57402400 res/drawable-hdpi-v4/exo_icon_pause.png (OK)
57402584 res/drawable-hdpi-v4/launcher_logo.png (OK)
57402832 res/drawable-hdpi-v4/exo_icon_previous.png (OK)
57403156 res/drawable-hdpi-v4/logout_icon.png (OK)
57403944 res/drawable-hdpi-v4/ic_vol_type_speaker_light.png (OK)
57404560 res/drawable-hdpi-v4/abc_tab_indicator_mtrl_alpha.9.png (OK)
57404832 res/drawable-hdpi-v4/quantum_ic_pause_white_24.png (OK)
57405020 res/drawable-hdpi-v4/ic_play_36dp.png (OK)
57405388 res/drawable-hdpi-v4/abc_btn_check_to_on_mtrl_015.png (OK)
57405996 res/drawable-hdpi-v4/ic_vpn_connected.png (OK)
57419656 res/drawable-hdpi-v4/spinner_focused_holo_light.9.png (OK)
57420232 res/drawable-hdpi-v4/tv_archieve.png (OK)
57422164 res/drawable-hdpi-v4/edit_icon.png (OK)
57422576 res/drawable-hdpi-v4/general_settings.png (OK)
57429016 res/drawable-hdpi-v4/quantum_ic_stop_grey600_48.png (OK)
57429224 res/drawable-hdpi-v4/quantum_ic_stop_grey600_36.png (OK)
57429448 res/drawable-hdpi-v4/abc_ic_star_half_black_16dp.png (OK)
57429756 res/drawable-hdpi-v4/cast_ic_stop_circle_filled_white.png (OK)
57430296 res/drawable-hdpi-v4/ondemand_focused.png (OK)
57478844 res/drawable-hdpi-v4/epg_stop.png (OK)
57480044 res/drawable-hdpi-v4/quantum_ic_closed_caption_white_36.png (OK)
57480560 res/drawable-hdpi-v4/md_nav_back.png (OK)
57480808 res/drawable-hdpi-v4/hide_icon_menu.png (OK)
57481744 res/drawable-hdpi-v4/recording.png (OK)
57482356 res/drawable-hdpi-v4/abc_ab_share_pack_mtrl_alpha.9.png (OK)
57482716 res/drawable-hdpi-v4/quantum_ic_skip_previous_white_36.png (OK)
57483160 res/drawable-hdpi-v4/view_detail.png (OK)
57483748 res/drawable-hdpi-v4/login_user.png (OK)
57485900 res/drawable-hdpi-v4/spinner_default_holo_light.9.png (OK)
57486400 res/drawable-hdpi-v4/abc_cab_background_top_mtrl_alpha.9.png (OK)
57486696 res/drawable-hdpi-v4/exo_icon_stop.png (OK)
57486892 res/drawable-hdpi-v4/abc_btn_check_to_on_mtrl_000.png (OK)
57487248 res/drawable-hdpi-v4/right_icon_cat.png (OK)
57487632 res/drawable-hdpi-v4/speed_icon.png (OK)
57489160 res/drawable-hdpi-v4/ic_cancelation.png (OK)
57490036 res/drawable-hdpi-v4/ic_active.png (OK)
57491456 res/drawable-hdpi-v4/abc_list_divider_mtrl_alpha.9.png (OK)
57491712 res/drawable-hdpi-v4/abc_menu_hardkey_panel_mtrl_mult.9.png (OK)
57492484 res/drawable-hdpi-v4/main.png (OK)
57511164 res/drawable-hdpi-v4/com_facebook_button_like_icon_selected.png (OK)
57511440 res/drawable-hdpi-v4/cast_abc_scrubber_control_off_mtrl_alpha.png (OK)
57511752 res/drawable-hdpi-v4/messenger_bubble_large_white.png (OK)
57512380 res/drawable-hdpi-v4/left_icon_cat.png (OK)
57512816 res/drawable-hdpi-v4/quantum_ic_pause_circle_filled_grey600_36.png (OK)
57513540 res/drawable-hdpi-v4/ic_media_pause_dark.png (OK)
57513744 res/drawable-hdpi-v4/ic_mr_button_grey.png (OK)
57514340 res/drawable-hdpi-v4/lb_in_app_search_bg.9.png (OK)
57514740 res/drawable-hdpi-v4/ic_home.png (OK)
57515460 res/drawable-hdpi-v4/abc_ic_star_half_black_48dp.png (OK)
57516024 res/drawable-hdpi-v4/ic_fullscreen_white_24dp.png (OK)
57516236 res/drawable-hdpi-v4/ic_mr_button_disconnected_light.png (OK)
57517016 res/drawable-hdpi-v4/abc_textfield_search_activated_mtrl_alpha.9.png (OK)
57517256 res/drawable-hdpi-v4/tv_icon.png (OK)
57518200 res/drawable-hdpi-v4/abc_list_selector_disabled_holo_light.9.png (OK)
57518504 res/drawable-hdpi-v4/ic_media_play_dark.png (OK)
57518872 res/drawable-hdpi-v4/ic_media_play_light.png (OK)
57519236 res/drawable-hdpi-v4/ic_billing.png (OK)
57519960 res/drawable-hdpi-v4/messenger_bubble_small_white.png (OK)
57520500 res/drawable-hdpi-v4/ic_fab_play.png (OK)
57521008 res/drawable-hdpi-v4/googleg_standard_color_18.png (OK)
57522060 res/drawable-hdpi-v4/quantum_ic_forward_30_grey600_36.png (OK)
57523132 res/drawable-hdpi-v4/ic_fullscreen_24dp.png (OK)
57523372 res/drawable-hdpi-v4/ic_vol_type_tv_light.png (OK)
57523696 res/drawable-hdpi-v4/ic_mr_button_disabled_dark.png (OK)
57524432 res/drawable-hdpi-v4/quantum_ic_keyboard_arrow_down_white_36.png (OK)
57524712 res/drawable-hdpi-v4/abc_btn_switch_to_on_mtrl_00012.9.png (OK)
57526000 res/drawable-hdpi-v4/exo_icon_rewind.png (OK)
57526392 res/drawable-hdpi-v4/abc_btn_radio_to_on_mtrl_015.png (OK)
57527148 res/drawable-hdpi-v4/folder_icon.png (OK)
57527488 res/drawable-hdpi-v4/time_format.png (OK)
57529248 res/drawable-hdpi-v4/addfolder_icon.png (OK)
57530532 res/drawable-hdpi-v4/show_icon_menu.png (OK)
57531304 res/drawable-hdpi-v4/quantum_ic_skip_next_white_24.png (OK)
57531580 res/drawable-hdpi-v4/quantum_ic_replay_white_24.png (OK)
57532080 res/drawable-hdpi-v4/tv_guide_new.png (OK)
57534320 res/drawable-hdpi-v4/abc_spinner_mtrl_am_alpha.9.png (OK)
57534744 res/drawable-hdpi-v4/exo_controls_repeat_all.png (OK)
57535016 res/drawable-hdpi-v4/movies.png (OK)
57721544 res/drawable-hdpi-v4/lb_ic_actions_right_arrow.png (OK)
57721864 res/drawable-hdpi-v4/ic_dash_catchup.png (OK)
57761072 res/drawable-hdpi-v4/lb_ic_search_mic.png (OK)
57761596 res/drawable-hdpi-v4/live_tv_icon.png (OK)
57764008 res/drawable-hdpi-v4/gear_orange.png (OK)
57764984 res/drawable-hdpi-v4/gear_white_dashboard.png (OK)
57765724 res/drawable-hdpi-v4/parental_password_lock.png (OK)
57766524 res/drawable-hdpi-v4/cast_abc_scrubber_control_to_pressed_mtrl_000.png (OK)
57766824 res/drawable-hdpi-v4/exo_controls_fullscreen_exit.png (OK)
57767040 res/drawable-hdpi-v4/ic_cencel.png (OK)
57768460 res/drawable-hdpi-v4/ic_dialog_close_dark.png (OK)
57768768 res/drawable-hdpi-v4/ic_vol_type_speaker_group_light.png (OK)
57769384 res/drawable-hdpi-v4/list_longpressed_holo.9.png (OK)
57769660 res/drawable-hdpi-v4/manage_user.png (OK)
57773560 res/drawable-hdpi-v4/login_icon.png (OK)
57774076 res/drawable-hdpi-v4/abc_scrubber_control_to_pressed_mtrl_005.png (OK)
57774468 res/drawable-hdpi-v4/account_info.png (OK)
57775588 res/drawable-hdpi-v4/ic_myservice.png (OK)
57776868 res/drawable-hdpi-v4/abc_ic_menu_share_mtrl_alpha.png (OK)
57777380 res/drawable-hdpi-v4/support_agent.png (OK)
57778636 res/drawable-hdpi-v4/ic_audiotrack_light.png (OK)
57778952 res/drawable-hdpi-v4/quantum_ic_forward_30_white_36.png (OK)
57779848 res/drawable-hdpi-v4/record.png (OK)
57780804 res/drawable-hdpi-v4/abc_ic_star_half_black_36dp.png (OK)
57781260 res/drawable-hdpi-v4/on_demand_background.png (OK)
57829852 res/drawable-hdpi-v4/common_google_signin_btn_text_light_normal_background.9.png (OK)
57830616 res/drawable-hdpi-v4/green_focused.png (OK)
57851236 res/drawable-hdpi-v4/user_placeholder.png (OK)
57852296 res/drawable-hdpi-v4/common_google_signin_btn_icon_light_normal_background.9.png (OK)
57853032 res/drawable-hdpi-v4/exo_edit_mode_logo.png (OK)
57853696 res/drawable-hdpi-v4/abc_text_select_handle_middle_mtrl_dark.png (OK)
57854372 res/drawable-hdpi-v4/abc_list_selector_disabled_holo_dark.9.png (OK)
57854672 res/drawable-hdpi-v4/livetv_focused.png (OK)
57901632 res/drawable-hdpi-v4/abc_scrubber_control_off_mtrl_alpha.png (OK)
57901948 res/drawable-hdpi-v4/abc_ic_menu_copy_mtrl_am_alpha.png (OK)
57902268 res/drawable-hdpi-v4/green_background.png (OK)
57922888 res/drawable-hdpi-v4/audio_track_icon.png (OK)
57923412 res/drawable-hdpi-v4/ic_cancel_focus.xml (OK - compressed)
57923700 res/drawable-hdpi-v4/ic_volume_up_white_36dp.png (OK)
57924320 res/drawable-hdpi-v4/fab_bg_mini.png (OK)
57928736 res/drawable-hdpi-v4/multiscreen_icon.png (OK)
57929424 res/drawable-hdpi-v4/com_facebook_tooltip_blue_bottomnub.png (OK)
57930332 res/drawable-hdpi-v4/list_activated_holo.9.png (OK)
57930600 res/drawable-hdpi-v4/ic_up.png (OK)
57931020 res/drawable-hdpi-v4/logn_new_bg.jpg (OK)
58043080 res/drawable-hdpi-v4/ic_volume_off_white_36dp.png (OK)
58043884 res/drawable-hdpi-v4/lb_in_app_search_shadow_focused.9.png (OK)
58045500 res/drawable-hdpi-v4/list_focused_holo.9.png (OK)
58045800 res/drawable-hdpi-v4/reset_icon.png (OK)
58047324 res/drawable-hdpi-v4/player_play_newflow.png (OK)
58048132 res/drawable-hdpi-v4/ic_fullscreen_exit_white_36dp.png (OK)
58048384 res/drawable-hdpi-v4/com_facebook_tooltip_black_topnub.png (OK)
58049048 res/drawable-hdpi-v4/com_facebook_tooltip_blue_background.9.png (OK)
58051700 res/drawable-hdpi-v4/design_ic_visibility.png (OK)
58052316 res/drawable-hdpi-v4/quantum_ic_pause_circle_filled_white_36.png (OK)
58052956 res/drawable-hdpi-v4/exo_controls_fullscreen_enter.png (OK)
58053200 res/drawable-hdpi-v4/abc_textfield_search_default_mtrl_alpha.9.png (OK)
58053456 res/drawable-hdpi-v4/cast_ic_notification_0.png (OK)
58053896 res/drawable-hdpi-v4/search_view.png (OK)
58054572 res/drawable-hdpi-v4/movies_icon.png (OK)
58057228 res/drawable-hdpi-v4/cast_ic_notification_on.png (OK)
58057692 res/drawable-hdpi-v4/abc_text_select_handle_left_mtrl_light.png (OK)
58058056 res/drawable-hdpi-v4/quantum_ic_volume_off_grey600_36.png (OK)
58059076 res/drawable-hdpi-v4/notification_bg_normal_pressed.9.png (OK)
58059396 res/drawable-hdpi-v4/com_facebook_tooltip_black_background.9.png (OK)
58061416 res/drawable-hdpi-v4/lb_in_app_search_shadow_normal.9.png (OK)
58062076 res/drawable-hdpi-v4/player_pause.png (OK)
58062356 res/drawable-hdpi-v4/parental.png (OK)
58065104 res/drawable-hdpi-v4/abc_scrubber_primary_mtrl_alpha.9.png (OK)
58065376 res/drawable-hdpi-v4/ic_vpn_grey.png (OK)
58067168 res/drawable-hdpi-v4/quantum_ic_cast_connected_white_24.png (OK)
58067836 res/drawable-hdpi-v4/play.png (OK)
58068964 res/drawable-hdpi-v4/logo_white_long.png (OK)
58108472 res/drawable-hdpi-v4/settings_icon_black.png (OK)
58109408 res/drawable-hdpi-v4/guide_icon.png (OK)
58110560 res/drawable-hdpi-v4/messenger_button_send_round_shadow.png (OK)
58112504 res/drawable-hdpi-v4/spinner_disabled_holo_light.9.png (OK)
58112912 res/drawable-hdpi-v4/exo_icon_fastforward.png (OK)
58113296 res/drawable-hdpi-v4/screen4.png (OK)
58114900 res/drawable-hdpi-v4/ic_paid.png (OK)
58116620 res/drawable-hdpi-v4/ic_dash_epg.png (OK)
58156588 res/drawable-hdpi-v4/ic_playlistw.png (OK)
58157548 res/drawable-hdpi-v4/ic_youtube_24dp.png (OK)
58157976 res/drawable-hdpi-v4/abc_ic_star_black_36dp.png (OK)
58158644 res/drawable-hdpi-v4/ic_stop_white_24dp.png (OK)
58158812 res/drawable-hdpi-v4/ic_cart.png (OK)
58159672 res/drawable-hdpi-v4/rocket_logo2.png (OK)
58168604 res/drawable-hdpi-v4/exo_icon_play.png (OK)
58168952 res/drawable-hdpi-v4/quantum_ic_play_arrow_grey600_48.png (OK)
58169400 res/drawable-hdpi-v4/list_pressed_holo_light.9.png (OK)
58169688 res/drawable-hdpi-v4/notification_bg_normal.9.png (OK)
58169968 res/drawable-hdpi-v4/delete_user.png (OK)
58172580 res/drawable-hdpi-v4/epg.png (OK)
58174920 res/drawable-hdpi-v4/ic_brightness_6_white_36dp.png (OK)
58175440 res/drawable-hdpi-v4/screen2.png (OK)
58177068 res/drawable-hdpi-v4/quantum_ic_skip_previous_white_24.png (OK)
58177348 res/drawable-hdpi-v4/menu_dots.png (OK)
58177696 res/drawable-hdpi-v4/reply_on.png (OK)
58178264 res/drawable-hdpi-v4/menu_icon.png (OK)
58178624 res/drawable-hdpi-v4/abc_ic_star_black_16dp.png (OK)
58179012 res/drawable-hdpi-v4/quantum_ic_replay_30_white_36.png (OK)
58179912 res/drawable-hdpi-v4/subtitle_track_icon.png (OK)
58181392 res/drawable-hdpi-v4/exo_controls_repeat_one.png (OK)
58181704 res/drawable-hdpi-v4/lb_ic_sad_cloud.png (OK)
58184008 res/drawable-hdpi-v4/list_white.png (OK)
58184268 res/drawable-hdpi-v4/favouraites.png (OK)
58221996 res/drawable-hdpi-v4/ic_download.png (OK)
58222696 res/drawable-hdpi-v4/ic_fab_complete.png (OK)
58223120 res/drawable-hdpi-v4/abc_textfield_activated_mtrl_alpha.9.png (OK)
58223392 res/drawable-hdpi-v4/ic_mr_button_disconnected_dark.png (OK)
58224192 res/drawable-hdpi-v4/att_to_fav.png (OK)
58225160 res/drawable-hdpi-v4/common_google_signin_btn_text_dark_normal_background.9.png (OK)
58226192 res/drawable-hdpi-v4/catch_up_focused.png (OK)
58276764 res/drawable-hdpi-v4/abc_text_select_handle_left_mtrl_dark.png (OK)
58277136 res/drawable-hdpi-v4/quantum_ic_play_circle_filled_white_36.png (OK)
58277848 res/drawable-hdpi-v4/lock_open.png (OK)
58278452 res/drawable-hdpi-v4/quantum_ic_volume_up_grey600_36.png (OK)
58279232 res/drawable-hdpi-v4/listview_menu.png (OK)
58279688 res/drawable-hdpi-v4/quantum_ic_art_track_grey600_48.png (OK)
58280200 res/drawable-hdpi-v4/gear_white.png (OK)
58282032 res/drawable-hdpi-v4/cast_genre.png (OK)
58282888 res/drawable-hdpi-v4/abc_switch_track_mtrl_alpha.9.png (OK)
58283464 res/drawable-hdpi-v4/com_facebook_tooltip_black_bottomnub.png (OK)
58284280 res/drawable-hdpi-v4/parental_security_key.png (OK)
58285256 res/drawable-hdpi-v4/hplib_ic_settings.png (OK)
58285908 res/drawable-hdpi-v4/series.png (OK)
58526488 res/drawable-hdpi-v4/quantum_ic_forward_10_white_24.png (OK)
58527116 res/drawable-hdpi-v4/com_facebook_button_send_icon_white.png (OK)
58527556 res/drawable-hdpi-v4/notify_panel_notification_icon_bg.png (OK)
58527720 res/drawable-hdpi-v4/catch_up_icon.png (OK)
58529072 res/drawable-hdpi-v4/ic_vol_type_speaker_dark.png (OK)
58529644 res/drawable-hdpi-v4/ic_audiotrack_dark.png (OK)
58529944 res/drawable-hdpi-v4/epg_play.png (OK)
58531168 res/drawable-hdpi-v4/layout.png (OK)
58531768 res/drawable-hdpi-v4/logout_icon_menu.png (OK)
58532624 res/drawable-hdpi-v4/quantum_ic_play_arrow_grey600_36.png (OK)
58533020 res/drawable-hdpi-v4/ic_playlist.png (OK)
58533964 res/drawable-hdpi-v4/exo_controls_shuffle.png (OK)
58534340 res/drawable-hdpi-v4/ic_fraud.png (OK)
58535876 res/drawable-hdpi-v4/ic_myinvoice.png (OK)
58537084 res/drawable-hdpi-v4/ic_play_arrow_white_24dp.png (OK)
58537372 res/drawable-hdpi-v4/quantum_ic_play_arrow_white_24.png (OK)
58537660 res/drawable-hdpi-v4/ic_play_circle_outline_white_36dp.png (OK)
58538624 res/drawable-hdpi-v4/ic_arrow_down_24dp.png (OK)
58538952 res/drawable-hdpi-v4/abc_list_pressed_holo_dark.9.png (OK)
58539224 res/drawable-hdpi-v4/ic_unpaid.png (OK)
58540972 res/drawable-hdpi-v4/ic_setting_account_focus.png (OK)
58542400 res/drawable-hdpi-v4/livetv_icon_menu.png (OK)
58543384 res/drawable-hdpi-v4/reset.png (OK)
58544116 res/drawable-hdpi-v4/questionmark.png (OK)
58545344 res/drawable-hdpi-v4/live_with_epg_icon.png (OK)
58546344 res/drawable-hdpi-v4/list_selector_disabled_holo_light.9.png (OK)
58546684 res/drawable-hdpi-v4/common_google_signin_btn_icon_dark_normal_background.9.png (OK)
58547648 res/drawable-hdpi-v4/ic_suspended.png (OK)
58549144 res/drawable-hdpi-v4/quantum_ic_replay_30_grey600_36.png (OK)
58550212 res/drawable-hdpi-v4/reply_off.png (OK)
58550848 res/drawable-hdpi-v4/com_facebook_tooltip_blue_topnub.png (OK)
58551572 res/drawable-hdpi-v4/quantum_ic_volume_off_white_36.png (OK)
58552366 res/drawable-hdpi-v4/active_drawable_box_focus.xml (OK - compressed)
58552812 res/drawable-hdpi-v4/ic_fullscreen_exit_24dp.png (OK)
58553024 res/drawable-hdpi-v4/logout_user.png (OK)
58554392 res/drawable-hdpi-v4/ic_chevron_left_white_36dp.png (OK)
58554648 res/drawable-hdpi-v4/quantum_ic_play_circle_filled_grey600_36.png (OK)
58555440 res/drawable-hdpi-v4/switch_user.png (OK)
58559332 res/drawable-hdpi-v4/ic_media_pause_light.png (OK)
58559536 res/drawable-hdpi-v4/live_tv_background.png (OK)
58606484 res/drawable-hdpi-v4/common_full_open_on_phone.png (OK)
58607372 res/drawable-hdpi-v4/ic_collections.png (OK)
58608656 res/drawable-hdpi-v4/quantum_ic_pause_grey600_48.png (OK)
58608876 res/drawable-hdpi-v4/ic_vol_type_speaker_group_dark.png (OK)
58609448 res/drawable-hdpi-v4/abc_text_select_handle_middle_mtrl_light.png (OK)
58610168 res/drawable-hdpi-v4/ic_mr_button_disabled_light.png (OK)
58610836 res/drawable-hdpi-v4/epg_icon.png (OK)
58611824 res/drawable-hdpi-v4/exo_controls_repeat_off.png (OK)
58612136 res/drawable-hdpi-v4/add_more_user.png (OK)
58614220 res/drawable-hdpi-v4/ic_billing_left_arrow.png (OK)
58614656 res/drawable-hdpi-v4/quantum_ic_cast_white_36.png (OK)
58615408 res/drawable-hdpi-v4/alert_icon.png (OK)
58616012 res/drawable-hdpi-v4/lb_ic_in_app_search.png (OK)
58616704 res/drawable-hdpi-v4/dashboard_background.jpg (OK)
58728784 res/drawable-hdpi-v4/cast_abc_scrubber_control_to_pressed_mtrl_005.png (OK)
58729192 res/drawable-hdpi-v4/spinner_pressed_holo_light.9.png (OK)
58729720 res/drawable-hdpi-v4/home.png (OK)
58730300 res/drawable-hdpi-v4/ic_pending.png (OK)
58731916 res/drawable-hdpi-v4/ic_down.png (OK)
58732360 res/drawable-hdpi-v4/com_facebook_tooltip_blue_xout.png (OK)
58732676 res/drawable-hdpi-v4/cast_ic_notification_2.png (OK)
58733120 res/drawable-hdpi-v4/ic_media_stop_light.png (OK)
58733316 res/drawable-hdpi-v4/playersettings.png (OK)
58735740 res/drawable-hdpi-v4/com_facebook_button_send_icon_blue.png (OK)
58736676 res/drawable-hdpi-v4/abc_scrubber_control_to_pressed_mtrl_000.png (OK)
58736964 res/drawable-hdpi-v4/series_icon_icon.png (OK)
58741820 res/drawable-hdpi-v4/abc_list_focused_holo.9.png (OK)
58742152 res/drawable-hdpi-v4/epg_selection_icon.png (OK)
58743344 res/drawable-hdpi-v4/quantum_ic_skip_previous_grey600_36.png (OK)
58743812 res/drawable-hdpi-v4/quantum_ic_clear_white_24.png (OK)
58744108 res/drawable-hdpi-v4/checkbox_background.xml (OK - compressed)
58744508 res/drawable-hdpi-v4/live_tv.png (OK)
59015152 res/drawable-hdpi-v4/abc_popup_background_mtrl_mult.9.png (OK)
59016256 res/drawable-hdpi-v4/rokect_image.png (OK)
59037096 res/drawable-hdpi-v4/ic_cancelled.png (OK)
59038412 res/drawable-hdpi-v4/refresh_icon.png (OK)
59039116 res/drawable-hdpi-v4/exo_notification_small_icon.png (OK)
59040300 res/drawable-hdpi-v4/ic_tickets.png (OK)
59041792 res/drawable-hdpi-v4/lock.png (OK)
59042496 res/drawable-hdpi-v4/abc_ic_menu_selectall_mtrl_alpha.png (OK)
59042840 res/drawable-hdpi-v4/ic_media_stop_dark.png (OK)
59043032 res/drawable-hdpi-v4/stop_icon.png (OK)
59043648 res/drawable-hdpi-v4/recording_icon.png (OK)
59045504 res/drawable-hdpi-v4/fab_bg_normal.png (OK)
59051476 res/drawable-hdpi-v4/messenger_bubble_small_blue.png (OK)
59052300 res/drawable-hdpi-v4/delete_icon.png (OK)
59052604 res/drawable-hdpi-v4/quantum_ic_bigtop_updates_white_24.png (OK)
59053396 res/drawable-hdpi-v4/abc_list_longpressed_holo.9.png (OK)
59053676 res/drawable-hdpi-v4/navigae_next.png (OK)
59053872 res/drawable-hdpi-v4/bar.png (OK)
59056144 res/drawable-hdpi-v4/arrow_f.png (OK)
59056556 res/drawable-hdpi-v4/googleg_disabled_color_18.png (OK)
59057184 res/drawable-hdpi-v4/screen1.png (OK)
59059884 res/drawable-hdpi-v4/exo_icon_next.png (OK)
59060208 res/drawable-hdpi-v4/ic_vpn_not_connect.png (OK)
59074980 res/drawable-hdpi-v4/abc_ic_menu_paste_mtrl_am_alpha.png (OK)
59075328 res/drawable-hdpi-v4/abc_ic_menu_cut_mtrl_alpha.png (OK)
59075828 res/drawable-hdpi-v4/ic_refund.png (OK)
59077312 res/drawable-hdpi-v4/player_retry.png (OK)
59078008 res/drawable-hdpi-v4/ic_vol_type_tv_dark.png (OK)
59078300 res/drawable-hdpi-v4/streamformat.png (OK)
59079580 res/drawable-hdpi-v4/notification_bg_low_pressed.9.png (OK)
59079884 res/drawable-hdpi-v4/design_ic_visibility_off.png (OK)
59080536 res/drawable-hdpi-v4/ic_terminated.png (OK)
59081604 res/drawable-hdpi-v4/abc_scrubber_track_mtrl_alpha.9.png (OK)
59081868 res/drawable-hdpi-v4/ic_playlistwg.png (OK)
59083216 res/drawable-hdpi-v4/quantum_ic_replay_10_white_24.png (OK)
59083800 res/drawable-hdpi-v4/black_background.jpg (OK)
59195852 res/drawable-hdpi-v4/guide_icon_menu.png (OK)
59196580 res/drawable-hdpi-v4/notification_bg_low_normal.9.png (OK)
59196864 res/drawable-hdpi-v4/aspect_ratio_new.png (OK)
59197571 res/layout/activity_profile.xml (OK - compressed)
59199066 res/layout/md_dialog_custom.xml (OK - compressed)
59199507 res/layout/activity_vlcplayer_multiplayer15.xml (OK - compressed)
59200870 res/layout/activity_view_details.xml (OK - compressed)
59204131 res/layout/nst_multi_player_1.xml (OK - compressed)
59208761 res/layout/activity_seasons_activitiy.xml (OK - compressed)
59210281 res/layout/fragment_live_streams.xml (OK - compressed)
59211158 res/layout/lb_details_overview.xml (OK - compressed)
59212100 res/layout/playera_add_alert_box.xml (OK - compressed)
59213308 res/layout/notification_template_big_media.xml (OK - compressed)
59214034 res/layout/md_simplelist_item.xml (OK - compressed)
59214670 res/layout/activity_import_epg_new.xml (OK - compressed)
59216220 res/layout/activity_parental_control_activitity.xml (OK - compressed)
59217576 res/layout/mr_picker_dialog.xml (OK - compressed)
59218108 res/layout/edit_epg_source_layout_tv.xml (OK - compressed)
59219776 res/layout/md_stub_progress.xml (OK - compressed)
59220521 res/layout/series_all_data_right_adapter.xml (OK - compressed)
59221845 res/layout/activity_settings.xml (OK - compressed)
59225017 res/layout/episode_grid_layout.xml (OK - compressed)
59227131 res/layout/md_dialog_basic_check.xml (OK - compressed)
59227967 res/layout/activity_cancel_invoice.xml (OK - compressed)
59229171 res/layout/live_streams_layout.xml (OK - compressed)
59230624 res/layout/activity_vod_new_flow_subcategories.xml (OK - compressed)
59232096 res/layout/exo_player_view.xml (OK - compressed)
59232300 res/layout/download_running_popup_tv.xml (OK - compressed)
59233467 res/layout/activity_automation_tv.xml (OK - compressed)
59235645 res/layout/screen_selector_popup_tv.xml (OK - compressed)
59236535 res/layout/abc_popup_menu_header_item_layout.xml (OK - compressed)
59237042 res/layout/vod_grid_layout.xml (OK - compressed)
59238241 res/layout/lb_action_1_line.xml (OK - compressed)
59238585 res/layout/activity_view_ticket.xml (OK - compressed)
59239969 res/layout/abc_cascading_menu_item_layout.xml (OK - compressed)
59240760 res/layout/directory_listview.xml (OK - compressed)
59241362 res/layout/activity_view_details_m3u.xml (OK - compressed)
59244391 res/layout/abc_alert_dialog_button_bar_material.xml (OK - compressed)
59245104 res/layout/exo_list_divider.xml (OK - compressed)
59245406 res/layout/preference_information_material.xml (OK - compressed)
59246176 res/layout/md_stub_progress_indeterminate.xml (OK - compressed)
59246799 res/layout/fragment_new_epg_streams.xml (OK - compressed)
59248639 res/layout/nst_player_epg.xml (OK - compressed)
59252003 res/layout/custom_permission_layout.xml (OK - compressed)
59252978 res/layout/mr_cast_route_item.xml (OK - compressed)
59253714 res/layout/single_stream_pop_up_window.xml (OK - compressed)
59254768 res/layout/layout_genre_details.xml (OK - compressed)
59256033 res/layout/categories_popup.xml (OK - compressed)
59257628 res/layout/preference_widget_seekbar_material.xml (OK - compressed)
59258825 res/layout/nst_player_archive.xml (OK - compressed)
59261361 res/layout/abc_screen_simple_overlay_action_mode.xml (OK - compressed)
59261823 res/layout/view_password_verification_tv.xml (OK - compressed)
59263268 res/layout/new_dashboard_layout_without_freetrail.xml (OK - compressed)
59267612 res/layout/messenger_button_send_blue_round.xml (OK - compressed)
59267926 res/layout/season_selector_popup_tv.xml (OK - compressed)
59268744 res/layout/nst_vlc_player_vod2.xml (OK - compressed)
59273471 res/layout/activity_stream_format.xml (OK - compressed)
59275393 res/layout/progress_dialog.xml (OK - compressed)
59275805 res/layout/activity_local_media_tv.xml (OK - compressed)
59276821 res/layout/activity_series_detail_m3u.xml (OK - compressed)
59279775 res/layout/abc_action_mode_close_item_material.xml (OK - compressed)
59280325 res/layout/messenger_button_send_white_small.xml (OK - compressed)
59280631 res/layout/mr_volume_control.xml (OK - compressed)
59281363 res/layout/abc_action_bar_title_item.xml (OK - compressed)
59281839 res/layout/layout_live_category_list_item.xml (OK - compressed)
59282572 res/layout/support_simple_spinner_dropdown_item.xml (OK - compressed)
59282956 res/layout/notification_template_icon_group.xml (OK - compressed)
59283255 res/layout/lb_header.xml (OK - compressed)
59283643 res/layout/activity_view_cast_details.xml (OK - compressed)
59286003 res/layout/nst_exo_player_vod.xml (OK - compressed)
59287499 res/layout/activity_terms_condition_page_tv.xml (OK - compressed)
59288794 res/layout/menu_item.xml (OK - compressed)
59289312 res/layout/custom_dashboard_unlock_features.xml (OK - compressed)
59290296 res/layout/activity_multi_user_tv.xml (OK - compressed)
59292285 res/layout/live_streams_epg_layout.xml (OK - compressed)
59293252 res/layout/design_navigation_item_header.xml (OK - compressed)
59293577 res/layout/log_fragment.xml (OK - compressed)
59294236 res/layout/tablayout_invoices.xml (OK - compressed)
59294717 res/layout/nst_exo_player_sky.xml (OK - compressed)
59298174 res/layout/com_facebook_smart_device_dialog_fragment.xml (OK - compressed)
59299560 res/layout/cast_tracks_chooser_dialog_layout.xml (OK - compressed)
59300090 res/layout/layout_live_new_flow_list_item.xml (OK - compressed)
59301108 res/layout/activity_player_settings.xml (OK - compressed)
59303392 res/layout/menu_option_player.xml (OK - compressed)
59303995 res/layout/custom_dashboard_unlock_features_tv.xml (OK - compressed)
59305081 res/layout/lb_image_card_view_themed_badge_left.xml (OK - compressed)
59305460 res/layout/live_all_data_right_adapter_search.xml (OK - compressed)
59306647 res/layout/activity_account_info_tv.xml (OK - compressed)
59308800 res/layout/abc_dialog_title_material.xml (OK - compressed)
59309412 res/layout/select_dialog_item_folder_load_data_locally2.xml (OK - compressed)
59310226 res/layout/activity_search_lower_sdk_tv.xml (OK - compressed)
59312311 res/layout/abc_action_mode_bar.xml (OK - compressed)
59312700 res/layout/custom_dashboard_not_downloaded_layout_tv.xml (OK - compressed)
59313782 res/layout/lb_guidedactions_datepicker_item.xml (OK - compressed)
59314324 res/layout/honey_player_testing.xml (OK - compressed)
59318588 res/layout/activity_search_lower_sdk.xml (OK - compressed)
59320646 res/layout/design_text_input_password_icon.xml (OK - compressed)
59321052 res/layout/abc_action_bar_up_container.xml (OK - compressed)
59321380 res/layout/md_stub_inputpref.xml (OK - compressed)
59321954 res/layout/mr_picker_route_item.xml (OK - compressed)
59322494 res/layout/vw_layout_item_video_pick.xml (OK - compressed)
59323535 res/layout/activity_vlcplayer_sky_tv.xml (OK - compressed)
59326907 res/layout/abc_search_view.xml (OK - compressed)
59328118 res/layout/activity_screen_type_settings_tv.xml (OK - compressed)
59330099 res/layout/lb_details_description.xml (OK - compressed)
59330574 res/layout/person_loading_view.xml (OK - compressed)
59330907 res/layout/leanback_preferences_list.xml (OK - compressed)
59331271 res/layout/single_stream_pop_up_window_tv.xml (OK - compressed)
59332404 res/layout/vw_layout_item_audio_pick.xml (OK - compressed)
59333533 res/layout/lb_search_fragment.xml (OK - compressed)
59333923 res/layout/lb_media_item_number_view_flipper.xml (OK - compressed)
59334489 res/layout/lb_guidedactions_item.xml (OK - compressed)
59335061 res/layout/activity_app_in_purchase.xml (OK - compressed)
59338859 res/layout/md_stub_colorchooser_grid.xml (OK - compressed)
59339360 res/layout/preference_widget_switch.xml (OK - compressed)
59339704 res/layout/md_listitem_singlechoice.xml (OK - compressed)
59340370 res/layout/fragment_new_epg_exo.xml (OK - compressed)
59342282 res/layout/abc_list_menu_item_layout.xml (OK - compressed)
59342962 res/layout/inbuilt_player_float_box.xml (OK - compressed)
59343243 res/layout/activity_login_m3u.xml (OK - compressed)
59345364 res/layout/activity_time_format_tv.xml (OK - compressed)
59347283 res/layout/browser_actions_context_menu_row.xml (OK - compressed)
59347918 res/layout/fragment_parental_control_categories.xml (OK - compressed)
59348640 res/layout/screen_selector_popup.xml (OK - compressed)
59349466 res/layout/custom_vpn_profile_layout.xml (OK - compressed)
59350583 res/layout/nst_vlc_player_archive.xml (OK - compressed)
59354742 res/layout/activity_login_m3u_tv.xml (OK - compressed)
59356876 res/layout/ad_unified_fb.xml (OK - compressed)
59358092 res/layout/browser_actions_context_menu_page.xml (OK - compressed)
59358886 res/layout/notification_template_part_chronometer.xml (OK - compressed)
59359229 res/layout/lb_vertical_grid_fragment.xml (OK - compressed)
59359659 res/layout/activity_terminated_service.xml (OK - compressed)
59360514 res/layout/content_video_pick.xml (OK - compressed)
59360861 res/layout/activity_external_player_tv.xml (OK - compressed)
59362024 res/layout/activity_general_settings_tv.xml (OK - compressed)
59364856 res/layout/mr_playback_control.xml (OK - compressed)
59365548 res/layout/nst_multi_player_2.xml (OK - compressed)
59370180 res/layout/exo_playback_control_view.xml (OK - compressed)
59371839 res/layout/md_dialog_list_check.xml (OK - compressed)
59372691 res/layout/activity_view_details_tv.xml (OK - compressed)
59376017 res/layout/lb_control_button_secondary.xml (OK - compressed)
59376485 res/layout/activity_vlcplayer_multiplayer.xml (OK - compressed)
59377771 res/layout/exo_player_control_view.xml (OK - compressed)
59377975 res/layout/custom_forgot_password_tv.xml (OK - compressed)
59379059 res/layout/abc_list_menu_item_checkbox.xml (OK - compressed)
59379431 res/layout/preference_dropdown_material.xml (OK - compressed)
59380447 res/layout/select_dialog_multichoice_material.xml (OK - compressed)
59380973 res/layout/lb_headers_fragment.xml (OK - compressed)
59381457 res/layout/activity_series_detail_tv.xml (OK - compressed)
59384925 res/layout/activity_player_selection_tv.xml (OK - compressed)
59387442 res/layout/design_navigation_item_subheader.xml (OK - compressed)
59387859 res/layout/abc_activity_chooser_view_list_item.xml (OK - compressed)
59388496 res/layout/lb_shadow.xml (OK - compressed)
59388897 res/layout/activity_search_tv.xml (OK - compressed)
59390901 res/layout/custom_browser_not_supported_tv.xml (OK - compressed)
59392027 res/layout/leanback_preference_information.xml (OK - compressed)
59392804 res/layout/md_dialog_progress_indeterminate.xml (OK - compressed)
59393276 res/layout/player_live_all_data_left_cat_adapter.xml (OK - compressed)
59393985 res/layout/mr_cast_dialog.xml (OK - compressed)
59394390 res/layout/design_bottom_navigation_item.xml (OK - compressed)
59395071 res/layout/recording_list.xml (OK - compressed)
59396360 res/layout/lb_playback_controls_row.xml (OK - compressed)
59397199 res/layout/notification_media_action.xml (OK - compressed)
59397577 res/layout/honey_player_epg.xml (OK - compressed)
59402246 res/layout/activity_epg_categories_new_flow.xml (OK - compressed)
59403941 res/layout/edit_epg_source_layout.xml (OK - compressed)
59405589 res/layout/activity_epg_settings_tv.xml (OK - compressed)
59408515 res/layout/vpnstatus.xml (OK - compressed)
59408997 res/layout/nst_vlc_player_vod_for_device_data.xml (OK - compressed)
59413729 res/layout/fragment_layout.xml (OK - compressed)
59414154 res/layout/activity_vlcplayer_multiplayer1.xml (OK - compressed)
59415553 res/layout/messenger_button_send_blue_small.xml (OK - compressed)
59415858 res/layout/md_dialog_list.xml (OK - compressed)
59416580 res/layout/activity_exoplayer_sky.xml (OK - compressed)
59419985 res/layout/directory_listview2.xml (OK - compressed)
59420576 res/layout/demo_pop_up.xml (OK - compressed)
59421966 res/layout/design_navigation_menu_item.xml (OK - compressed)
59422478 res/layout/activity_automation.xml (OK - compressed)
59424601 res/layout/activity_speed_test.xml (OK - compressed)
59426048 res/layout/md_stub_titleframe_lesspadding.xml (OK - compressed)
59426605 res/layout/lb_details_fragment.xml (OK - compressed)
59427006 res/layout/lb_row_media_item_action.xml (OK - compressed)
59427394 res/layout/channel_list.xml (OK - compressed)
59428716 res/layout/activity_series_activty_new_flow.xml (OK - compressed)
59430249 res/layout/season_selector_popup.xml (OK - compressed)
59431316 res/layout/activity_my_invoice.xml (OK - compressed)
59433389 res/layout/vw_layout_item_folder_list.xml (OK - compressed)
59433877 res/layout/activity_multi_user.xml (OK - compressed)
59435779 res/layout/ticket_message_custom_layout.xml (OK - compressed)
59436819 res/layout/leanback_preference_fragment.xml (OK - compressed)
59437430 res/layout/leanback_settings_fragment.xml (OK - compressed)
59437809 res/layout/nst_multi_player_4.xml (OK - compressed)
59442453 res/layout/notification_template_big_media_narrow.xml (OK - compressed)
59443212 res/layout/custom_permission_layout_tv.xml (OK - compressed)
59444278 res/layout/activity_new_epg.xml (OK - compressed)
59446143 res/layout/activity_multi_setting_new_tv.xml (OK - compressed)
59447495 res/layout/activity_refounded.xml (OK - compressed)
59448709 res/layout/live_all_data_channels_search_adapter_tv.xml (OK - compressed)
59449930 res/layout/preference_widget_checkbox.xml (OK - compressed)
59450282 res/layout/activity_vlcplayer_multiplayer3.xml (OK - compressed)
59451723 res/layout/activity_view_cast_details_tv.xml (OK - compressed)
59454091 res/layout/lb_list_row_hovercard.xml (OK - compressed)
59454505 res/layout/cast_intro_overlay.xml (OK - compressed)
59455002 res/layout/right_side_programs_search_adapter.xml (OK - compressed)
59455985 res/layout/abc_alert_dialog_material.xml (OK - compressed)
59456840 res/layout/nst_player_activity.xml (OK - compressed)
59457852 res/layout/activity_import_vpn_tv.xml (OK - compressed)
59460006 res/layout/download_running_popup.xml (OK - compressed)
59461226 res/layout/activity_general_settings.xml (OK - compressed)
59463924 res/layout/activity_announcements.xml (OK - compressed)
59465161 res/layout/activity_vlcplayer_multiplayer5.xml (OK - compressed)
59466461 res/layout/activity_routing.xml (OK - compressed)
59468350 res/layout/lb_picker.xml (OK - compressed)
59468695 res/layout/vpn_disconnect_layout.xml (OK - compressed)
59469648 res/layout/log_window.xml (OK - compressed)
59469959 res/layout/activity_free_trail.xml (OK - compressed)
59470822 res/layout/lb_picker_column.xml (OK - compressed)
59471303 res/layout/activity_video_pick2.xml (OK - compressed)
59471987 res/layout/custom_dashboard_not_downloaded_layout.xml (OK - compressed)
59472966 res/layout/activity_vlcplayer_sky.xml (OK - compressed)
59476650 res/layout/lb_image_card_view_themed_badge_right.xml (OK - compressed)
59477029 res/layout/series_all_data_right_adapter_con_wat.xml (OK - compressed)
59478601 res/layout/paid_list_layout.xml (OK - compressed)
59480117 res/layout/activity_live_layout.xml (OK - compressed)
59481416 res/layout/md_dialog_progress_indeterminate_horizontal.xml (OK - compressed)
59482008 res/layout/activity_tv_archive_new_flow_layout.xml (OK - compressed)
59483707 res/layout/activity_vlcplayer_multiplayer2.xml (OK - compressed)
59485112 res/layout/lb_action_2_lines.xml (OK - compressed)
59485452 res/layout/activity_vpnlogin.xml (OK - compressed)
59487308 res/layout/layout_channels_on_video.xml (OK - compressed)
59488596 res/layout/mtrl_layout_snackbar.xml (OK - compressed)
59488991 res/layout/activity_active_service.xml (OK - compressed)
59489848 res/layout/lb_playback_controls.xml (OK - compressed)
59490586 res/layout/recording_popup_tv.xml (OK - compressed)
59492152 res/layout/activity_tv_archive_new_flow.xml (OK - compressed)
59493882 res/layout/subtitle_popup_layout.xml (OK - compressed)
59494807 res/layout/lb_picker_item.xml (OK - compressed)
59495162 res/layout/layout_resume_player.xml (OK - compressed)
59496517 res/layout/lb_row_header.xml (OK - compressed)
59496991 res/layout/activity_front_view.xml (OK - compressed)
59498146 res/layout/layout_vod_new_flow_list_item.xml (OK - compressed)
59499159 res/layout/activity_terms_condition_page.xml (OK - compressed)
59500419 res/layout/cast_mini_controller.xml (OK - compressed)
59501628 res/layout/activity_vlcplayer_multiplayer4.xml (OK - compressed)
59503022 res/layout/notification_template_big_media_custom.xml (OK - compressed)
59504109 res/layout/preference_list_fragment.xml (OK - compressed)
59504567 res/layout/inbuiltsmartersplayer_activity.xml (OK - compressed)
59504961 res/layout/view_password_prompt_tv.xml (OK - compressed)
59506252 res/layout/fragment_parental_control_vodcat.xml (OK - compressed)
59506968 res/layout/lb_vertical_grid.xml (OK - compressed)
59507419 res/layout/activity_showservice_information.xml (OK - compressed)
59509157 res/layout/queue_activity.xml (OK - compressed)
59509803 res/layout/abc_popup_menu_item_layout.xml (OK - compressed)
59510684 res/layout/appbar_common.xml (OK - compressed)
59511448 res/layout/honey_player_epg_tv.xml (OK - compressed)
59516321 res/layout/custom_alert_layout_tv.xml (OK - compressed)
59517403 res/layout/preference_dialog_edittext.xml (OK - compressed)
59517953 res/layout/preference_information.xml (OK - compressed)
59518629 res/layout/live_sorting_layout_tv.xml (OK - compressed)
59519907 res/layout/view_password_prompt.xml (OK - compressed)
59521368 res/layout/preference.xml (OK - compressed)
59522293 res/layout/preference_recyclerview.xml (OK - compressed)
59522715 res/layout/messenger_button_send_white_large.xml (OK - compressed)
59523029 res/layout/select_dialog_item_folder.xml (OK - compressed)
59523680 res/layout/exo_player_control_view_vod.xml (OK - compressed)
59523879 res/layout/activity_sub_archive.xml (OK - compressed)
59525714 res/layout/epg_sources_layout_tv.xml (OK - compressed)
59527093 res/layout/lb_error_fragment.xml (OK - compressed)
59527806 res/layout/edit_user_detail_confirmation_alert.xml (OK - compressed)
59529178 res/layout/lb_playback_transport_controls.xml (OK - compressed)
59529593 res/layout/activity_time_format.xml (OK - compressed)
59531474 res/layout/mr_cast_media_metadata.xml (OK - compressed)
59532310 res/layout/the_items_layout.xml (OK - compressed)
59532815 res/layout/activity_epg_categories_new_flow_tv.xml (OK - compressed)
59534513 res/layout/fragment_parental_control_setting.xml (OK - compressed)
59536028 res/layout/lb_search_orb.xml (OK - compressed)
59536490 res/layout/all_services_adapter_custom_list_layout.xml (OK - compressed)
59537552 res/layout/layout_announcements.xml (OK - compressed)
59538726 res/layout/dissconnect_vpn_alert.xml (OK - compressed)
59539935 res/layout/abc_list_menu_item_radio.xml (OK - compressed)
59540327 res/layout/notification_template_big_media_narrow_custom.xml (OK - compressed)
59541443 res/layout/lb_list_row.xml (OK - compressed)
59541870 res/layout/com_facebook_tooltip_bubble.xml (OK - compressed)
59542600 res/layout/design_bottom_sheet_dialog.xml (OK - compressed)
59543193 res/layout/lb_title_view.xml (OK - compressed)
59543765 res/layout/activity_vpn_conntected.xml (OK - compressed)
59545671 res/layout/activity_paid_invoice2.xml (OK - compressed)
59546873 res/layout/lb_control_bar.xml (OK - compressed)
59547220 res/layout/new_dashboard_layout_without_freetrail_xc106.xml (OK - compressed)
59550181 res/layout/lb_speech_orb.xml (OK - compressed)
59550614 res/layout/player_menu.xml (OK - compressed)
59551026 res/layout/live_streams_grid_layout.xml (OK - compressed)
59552472 res/layout/fragment_vod_subcategories.xml (OK - compressed)
59553403 res/layout/notification_template_lines_media.xml (OK - compressed)
59554287 res/layout/lb_browse_title.xml (OK - compressed)
59554630 res/layout/activity_multi_setting_new.xml (OK - compressed)
59555840 res/layout/delete_recording_popup.xml (OK - compressed)
59557072 res/layout/custom_internet_not_working_layout.xml (OK - compressed)
59558089 res/layout/custom_externalplayer_layout.xml (OK - compressed)
59558721 res/layout/lb_control_button_primary.xml (OK - compressed)
59559248 res/layout/activity_settings_m3u.xml (OK - compressed)
59562437 res/layout/spinner_list_item.xml (OK - compressed)
59562793 res/layout/messenger_button_send_blue_large.xml (OK - compressed)
59563109 res/layout/preference_widget_seekbar.xml (OK - compressed)
59564156 res/layout/design_navigation_menu.xml (OK - compressed)
59564532 res/layout/launchvpn.xml (OK - compressed)
59565591 res/layout/com_facebook_activity_layout.xml (OK - compressed)
59565874 res/layout/lb_background_window.xml (OK - compressed)
59566136 res/layout/tourguide_tooltip.xml (OK - compressed)
59566716 res/layout/custom_list_devices_layout_tv.xml (OK - compressed)
59567688 res/layout/fragment_vod_streams.xml (OK - compressed)
59568426 res/layout/abc_screen_content_include.xml (OK - compressed)
59568797 res/layout/activity_quit.xml (OK - compressed)
59569907 res/layout/activity_app_in_purchase_tv.xml (OK - compressed)
59573909 res/layout/activity_series_all_data_single.xml (OK - compressed)
59576088 res/layout/activity_import_m3u.xml (OK - compressed)
59577467 res/layout/ad_unified.xml (OK - compressed)
59579135 res/layout/leanback_preference.xml (OK - compressed)
59580013 res/layout/lb_playback_now_playing_bars.xml (OK - compressed)
59580429 res/layout/hp_subtitle_layout.xml (OK - compressed)
59581710 res/layout/activity_splash.xml (OK - compressed)
59582727 res/layout/edit_user_prompt.xml (OK - compressed)
59584096 res/layout/activity_profile_tv.xml (OK - compressed)
59585684 res/layout/lb_browse_fragment.xml (OK - compressed)
59586219 res/layout/login_new_tv.xml (OK - compressed)
59588237 res/layout/mr_cast_group_item.xml (OK - compressed)
59588764 res/layout/vw_activity_video_pick.xml (OK - compressed)
59589295 res/layout/fragment_recycler_list_view.xml (OK - compressed)
59589661 res/layout/design_layout_snackbar_include.xml (OK - compressed)
59590440 res/layout/messenger_button_send_white_round.xml (OK - compressed)
59590754 res/layout/fragment_parental_cotrol.xml (OK - compressed)
59591981 res/layout/layout_cast_details.xml (OK - compressed)
59593252 res/layout/preference_category.xml (OK - compressed)
59593550 res/layout/abc_screen_toolbar.xml (OK - compressed)
59594264 res/layout/preference_widget_switch_compat.xml (OK - compressed)
59594620 res/layout/spinkitanimation.xml (OK - compressed)
59595072 res/layout/activity_import_vpn.xml (OK - compressed)
59597191 res/layout/activity_my_favourite.xml (OK - compressed)
59598945 res/layout/activity_routing_p.xml (OK - compressed)
59600751 res/layout/replay_alertbox.xml (OK - compressed)
59601867 res/layout/vw_layout_top_bar.xml (OK - compressed)
59602878 res/layout/widget_fab_button.xml (OK - compressed)
59603462 res/layout/player_live_all_data_left_cat_adapter_player.xml (OK - compressed)
59604177 res/layout/notification_action.xml (OK - compressed)
59604783 res/layout/md_dialog_progress.xml (OK - compressed)
59605357 res/layout/mr_chooser_dialog.xml (OK - compressed)
59606111 res/layout/new_dashboard_layout_without_freetrail_tv.xml (OK - compressed)
59610668 res/layout/layout_authenticate_vpn.xml (OK - compressed)
59612185 res/layout/design_layout_tab_icon.xml (OK - compressed)
59612498 res/layout/lb_guidedactions.xml (OK - compressed)
59613186 res/layout/abc_action_menu_layout.xml (OK - compressed)
59613566 res/layout/md_dialog_input_check.xml (OK - compressed)
59614634 res/layout/exo_playback_control_view_vod.xml (OK - compressed)
59615649 res/layout/lb_playback_transport_controls_row.xml (OK - compressed)
59616843 res/layout/live_all_data_channels_search_adapter.xml (OK - compressed)
59618025 res/layout/list_devices_adapter.xml (OK - compressed)
59618823 res/layout/activity_unpiad_invoice.xml (OK - compressed)
59620026 res/layout/table_media_info_section.xml (OK - compressed)
59620460 res/layout/activity_added_external_player_tv.xml (OK - compressed)
59621877 res/layout/rate_us_alert_box.xml (OK - compressed)
59623096 res/layout/episode_grid_layout_tv.xml (OK - compressed)
59625182 res/layout/activity_speed_test_tv.xml (OK - compressed)
59626616 res/layout/nst_player_sky.xml (OK - compressed)
59630707 res/layout/com_facebook_device_auth_dialog_fragment.xml (OK - compressed)
59632006 res/layout/mtrl_layout_snackbar_include.xml (OK - compressed)
59632748 res/layout/custom_forgot_password.xml (OK - compressed)
59633816 res/layout/md_listitem.xml (OK - compressed)
59634400 res/layout/activity_vpn_conntected_tv.xml (OK - compressed)
59636328 res/layout/select_dialog_singlechoice_material.xml (OK - compressed)
59636857 res/layout/activity_multi_setting.xml (OK - compressed)
59637185 res/layout/design_navigation_item_separator.xml (OK - compressed)
59637512 res/layout/activity_routing_p_tv.xml (OK - compressed)
59639411 res/layout/activity_tvarchive.xml (OK - compressed)
59640520 res/layout/activity_my_ticket.xml (OK - compressed)
59641788 res/layout/notification_media_cancel_action.xml (OK - compressed)
59642244 res/layout/layout_section_header.xml (OK - compressed)
59642759 res/layout/epg_sources_layout.xml (OK - compressed)
59644122 res/layout/activity_rate_us.xml (OK - compressed)
59645601 res/layout/md_stub_titleframe.xml (OK - compressed)
59646163 res/layout/activity_check_appupdate.xml (OK - compressed)
59647715 res/layout/add_epg_source_layout.xml (OK - compressed)
59648872 res/layout/lb_rows_fragment.xml (OK - compressed)
59649238 res/layout/md_dialog_colorchooser.xml (OK - compressed)
59649634 res/layout/fragment_epg.xml (OK - compressed)
59650282 res/layout/lb_onboarding_fragment.xml (OK - compressed)
59651162 res/layout/abc_activity_chooser_view.xml (OK - compressed)
59651835 res/layout/nst_vlc_player.xml (OK - compressed)
59656443 res/layout/md_stub_actionbuttons.xml (OK - compressed)
59656779 res/layout/activity_vod_new_flow.xml (OK - compressed)
59658588 res/layout/abc_screen_simple.xml (OK - compressed)
59659070 res/layout/usernam_password_worng_alert.xml (OK - compressed)
59660363 res/layout/abc_alert_dialog_title_material.xml (OK - compressed)
59661080 res/layout/honey_player_testing_tv.xml (OK - compressed)
59665416 res/layout/login_new.xml (OK - compressed)
59667362 res/layout/fragment_search_field.xml (OK - compressed)
59668039 res/layout/design_menu_item_action_area.xml (OK - compressed)
59668312 res/layout/layout_multiuser_list_item.xml (OK - compressed)
59669844 res/layout/notification_template_part_time.xml (OK - compressed)
59670193 res/layout/preference_category_material.xml (OK - compressed)
59670952 res/layout/layout_list_player.xml (OK - compressed)
59671443 res/layout/series_all_data_left_adapter.xml (OK - compressed)
59672157 res/layout/leanback_list_preference_item_multi.xml (OK - compressed)
59672883 res/layout/delete_recording_popup_tv.xml (OK - compressed)
59674052 res/layout/playera_add_alert_box_tv.xml (OK - compressed)
59675251 res/layout/activity_check_appupdate_tv.xml (OK - compressed)
59676809 res/layout/cast_grid_layout.xml (OK - compressed)
59677597 res/layout/recording_popup.xml (OK - compressed)
59679166 res/layout/activity_settings_m3u_tv.xml (OK - compressed)
59682227 res/layout/activity_announcement_alert.xml (OK - compressed)
59683320 res/layout/lb_guidedstep_background.xml (OK - compressed)
59683651 res/layout/activity_video_pick.xml (OK - compressed)
59684316 res/layout/content_video_pick2.xml (OK - compressed)
59684649 res/layout/lb_search_bar.xml (OK - compressed)
59685669 res/layout/lb_playback_fragment.xml (OK - compressed)
59686021 res/layout/mr_dialog_header_item.xml (OK - compressed)
59686414 res/layout/live_all_data_right_adapter.xml (OK - compressed)
59687597 res/layout/live_sorting_layout.xml (OK - compressed)
59688839 res/layout/activity_buy_now.xml (OK - compressed)
59689295 res/layout/nst_player.xml (OK - compressed)
59693348 res/layout/exo_simple_player_view.xml (OK - compressed)
59694033 res/layout/lb_guidedbuttonactions.xml (OK - compressed)
59694551 res/layout/activity_series_detail.xml (OK - compressed)
59698053 res/layout/ticket_list.xml (OK - compressed)
59699172 res/layout/select_dialog_item_folder_load_data_locally.xml (OK - compressed)
59699975 res/layout/honey_player_live.xml (OK - compressed)
59704761 res/layout/layout_subcateories_cihild_list_item.xml (OK - compressed)
59705903 res/layout/activity_pip.xml (OK - compressed)
59706596 res/layout/vod_linear_layout.xml (OK - compressed)
59707777 res/layout/lb_section_header.xml (OK - compressed)
59708154 res/layout/abc_search_dropdown_item_icons_2line.xml (OK - compressed)
59708900 res/layout/layout_section_child.xml (OK - compressed)
59709325 res/layout/epg_m3u_popup.xml (OK - compressed)
59710932 res/layout/preference_material.xml (OK - compressed)
59711900 res/layout/activity_series_activit_new_flow_sub_cat.xml (OK - compressed)
59713311 res/layout/cast_expanded_controller_activity.xml (OK - compressed)
59715536 res/layout/custom_browser_not_supported.xml (OK - compressed)
59716624 res/layout/custom_option_externalplayer_layout.xml (OK - compressed)
59717264 res/layout/activity_rate_us_tv.xml (OK - compressed)
59718842 res/layout/activity_account_info.xml (OK - compressed)
59720896 res/layout/sort_layout.xml (OK - compressed)
59722115 res/layout/activity_invoice_paid_detail.xml (OK - compressed)
59722716 res/layout/activity_player_settings_tv.xml (OK - compressed)
59725056 res/layout/subtitle_layout.xml (OK - compressed)
59726874 res/layout/activity_services_dashboard.xml (OK - compressed)
59729488 res/layout/layout_progress_bar.xml (OK - compressed)
59730022 res/layout/table_media_info_row1.xml (OK - compressed)
59730478 res/layout/exo_track_selection_dialog.xml (OK - compressed)
59730850 res/layout/add_epg_source_layout_tv.xml (OK - compressed)
59732046 res/layout/notification_template_media_custom.xml (OK - compressed)
59733026 res/layout/preference_dropdown.xml (OK - compressed)
59734022 res/layout/md_stub_progress_indeterminate_horizontal.xml (OK - compressed)
59734543 res/layout/activity_local_media_.xml (OK - compressed)
59735553 res/layout/lb_media_list_header.xml (OK - compressed)
59735922 res/layout/abc_list_menu_item_icon.xml (OK - compressed)
59736369 res/layout/lb_fullwidth_details_overview_logo.xml (OK - compressed)
59736728 res/layout/activity_cancelled_serivce.xml (OK - compressed)
59737590 res/layout/lb_image_card_view_themed_title.xml (OK - compressed)
59737873 res/layout/lb_guidedstep_fragment.xml (OK - compressed)
59738632 res/layout/md_dialog_basic.xml (OK - compressed)
59739282 res/layout/activity_added_external_player.xml (OK - compressed)
59740686 res/layout/cast_tracks_chooser_dialog_row_layout.xml (OK - compressed)
59741309 res/layout/abc_expanded_menu_layout.xml (OK - compressed)
59741631 res/layout/lb_fullwidth_details_overview.xml (OK - compressed)
59742476 res/layout/leanback_list_preference_item_single.xml (OK - compressed)
59743200 res/layout/md_preference_custom.xml (OK - compressed)
59744147 res/layout/lb_image_card_view.xml (OK - compressed)
59744561 res/layout/activity_recording.xml (OK - compressed)
59746161 res/layout/view_movie.xml (OK - compressed)
59746874 res/layout/honey_player_live_tv.xml (OK - compressed)
59751591 res/layout/view_password_verification.xml (OK - compressed)
59753045 res/layout/activity_stream_format_tv.xml (OK - compressed)
59755030 res/layout/rate_us_alert_box_tv.xml (OK - compressed)
59756176 res/layout/lb_guidance.xml (OK - compressed)
59756702 res/layout/activity_episode_detail.xml (OK - compressed)
59758182 res/layout/custom_externalplayer_layout_tv.xml (OK - compressed)
59758915 res/layout/leanback_list_preference_fragment.xml (OK - compressed)
59759702 res/layout/activity_settings_tv.xml (OK - compressed)
59763049 res/layout/new_dashboard_layout.xml (OK - compressed)
59766859 res/layout/layout_multiuser_list_item_p.xml (OK - compressed)
59768376 res/layout/table_media_info.xml (OK - compressed)
59768733 res/layout/auto_play_popup_layout.xml (OK - compressed)
59769966 res/layout/lb_image_card_view_themed_content.xml (OK - compressed)
59770255 res/layout/activity_epgchannel_update.xml (OK - compressed)
59772180 res/layout/player_live_all_data_left_channel_adapter.xml (OK - compressed)
59773408 res/layout/vw_activity_audio_pick.xml (OK - compressed)
59773929 res/layout/lb_row_media_item.xml (OK - compressed)
59774686 res/layout/activity_pending_service.xml (OK - compressed)
59775552 res/layout/abc_action_menu_item_layout.xml (OK - compressed)
59776049 res/layout/seasons_button_layout.xml (OK - compressed)
59776580 res/layout/log_silders.xml (OK - compressed)
59777168 res/layout/nst_vlc_player_vod.xml (OK - compressed)
59781877 res/layout/cast_help_text.xml (OK - compressed)
59782391 res/layout/activity_screen_type_settings.xml (OK - compressed)
59784373 res/layout/table_media_info_row2.xml (OK - compressed)
59784803 res/layout/epg_popup_layout.xml (OK - compressed)
59785740 res/layout/com_facebook_login_fragment.xml (OK - compressed)
59786158 res/layout/video_surface_fragment.xml (OK - compressed)
59786443 res/layout/custom_internet_not_working_layout_tv.xml (OK - compressed)
59787472 res/layout/design_navigation_item.xml (OK - compressed)
59787852 res/layout/nst_player_vod.xml (OK - compressed)
59791463 res/layout/start_download_dialog.xml (OK - compressed)
59791739 res/layout/youtubecustonui.xml (OK - compressed)
59792420 res/layout/select_dialog_item_material.xml (OK - compressed)
59792854 res/layout/md_listitem_multichoice.xml (OK - compressed)
59793530 res/layout/custom_screen_size_popup_layout.xml (OK - compressed)
59794844 res/layout/notification_template_custom_big.xml (OK - compressed)
59795901 res/layout/lb_video_surface.xml (OK - compressed)
59796240 res/layout/live_all_data_right_adapter_tv.xml (OK - compressed)
59797462 res/layout/live_streams_linear_layout.xml (OK - compressed)
59798945 res/layout/activity_series_layout.xml (OK - compressed)
59800290 res/layout/queue_row.xml (OK - compressed)
59801498 res/layout/right_side_programs_search_adapter_tv.xml (OK - compressed)
59802498 res/layout/fragment_invoice_data.xml (OK - compressed)
59803034 res/layout/cast_grid_layout_tv.xml (OK - compressed)
59803844 res/layout/activity_fraud_service.xml (OK - compressed)
59804686 res/layout/lb_picker_separator.xml (OK - compressed)
59805037 res/layout/activity_player_selection.xml (OK - compressed)
59807439 res/layout/custom_list_devices_layout.xml (OK - compressed)
59808393 res/layout/activity_search.xml (OK - compressed)
59810425 res/layout/expand_button.xml (OK - compressed)
59811264 res/layout/lb_row_container.xml (OK - compressed)
59811684 res/layout/activity_open_ticket.xml (OK - compressed)
59813418 res/layout/layout_movies_on_video.xml (OK - compressed)
59814698 res/layout/epg_edit_m3u_popup.xml (OK - compressed)
59816319 res/layout/leanback_preference_widget_seekbar.xml (OK - compressed)
59817361 res/layout/custom_alert_layout.xml (OK - compressed)
59818350 res/layout/new_dashboard_layout_tv.xml (OK - compressed)
59822497 res/layout/leanback_preference_category.xml (OK - compressed)
59822995 res/layout/mr_cast_group_volume_item.xml (OK - compressed)
59823674 res/layout/activity_you_tube_player.xml (OK - compressed)
59824634 res/layout/activity_recording_tv.xml (OK - compressed)
59826243 res/layout/nst_vlc_player_epg.xml (OK - compressed)
59830824 res/layout/design_layout_tab_text.xml (OK - compressed)
59831149 res/layout/default_player_ui.xml (OK - compressed)
59832490 res/layout/abc_tooltip.xml (OK - compressed)
59833073 res/layout/design_layout_snackbar.xml (OK - compressed)
59833465 res/layout/mr_controller_material_dialog_b.xml (OK - compressed)
59834633 res/layout/md_stub_colorchooser_custom.xml (OK - compressed)
59836014 res/layout/edit_m3u_user_prompt.xml (OK - compressed)
59837936 res/layout/notification_action_tombstone.xml (OK - compressed)
59838596 res/layout/md_dialog_input.xml (OK - compressed)
59839596 res/layout/activity_vod_layout.xml (OK - compressed)
59841153 res/layout/activity_epgtime_shift.xml (OK - compressed)
59843136 res/layout/mr_chooser_list_item.xml (OK - compressed)
59843740 res/layout/notification_template_media.xml (OK - compressed)
59844330 res/layout/activity_live_new_flow.xml (OK - compressed)
59846045 res/layout/mr_controller_volume_item.xml (OK - compressed)
59846785 res/layout/activity_routing_tv.xml (OK - compressed)
59848677 res/layout/vw_layout_folder_list.xml (OK - compressed)
59849224 res/layout/activity_vlcplayer_epg.xml (OK - compressed)
59853778 res/layout/activity_epg_settings.xml (OK - compressed)
59856622 res/layout/activity_my_serivces_activiy.xml (OK - compressed)
59859121 res/layout/layout_movie_trailer.xml (OK - compressed)
59860395 res/layout/activity_suspended_service.xml (OK - compressed)
59861254 res/layout/abc_select_dialog_material.xml (OK - compressed)
59861845 res/layout/lb_divider.xml (OK - compressed)
59862256 res/layout/nst_multi_player_3.xml (OK - compressed)
59866883 res/layout/permission_alertbox.xml (OK - compressed)
59868109 res/layout/activity_external_player.xml (OK - compressed)
59869292 res/drawable-ldpi-v4/icon_external_player_selection.png (OK)
59870748 res/drawable-ldpi-v4/ic_pause_36dp.png (OK)
59870936 res/drawable-ldpi-v4/tranparentdark.png (OK)
59871232 res/drawable-ldpi-v4/playerselection.png (OK)
59872296 res/drawable-ldpi-v4/logo_home.png (OK)
59883376 res/drawable-ldpi-v4/ic_menu_24dp.png (OK)
59883596 res/drawable-ldpi-v4/ic_setting_account.png (OK)
59884532 res/drawable-ldpi-v4/splash_new_background.jpg (OK)
59996572 res/drawable-ldpi-v4/logo.png (OK)
60001388 res/drawable-ldpi-v4/automation.png (OK)
60003248 res/drawable-ldpi-v4/exo_icon_pause.png (OK)
60003412 res/drawable-ldpi-v4/launcher_logo.png (OK)
60003612 res/drawable-ldpi-v4/exo_icon_previous.png (OK)
60003860 res/drawable-ldpi-v4/ic_play_36dp.png (OK)
60004110 res/drawable-ldpi-v4/selector_checkbox.xml (OK - compressed)
60004404 res/drawable-ldpi-v4/tv_archieve.png (OK)
60005484 res/drawable-ldpi-v4/general_settings.png (OK)
60008148 res/drawable-ldpi-v4/md_nav_back.png (OK)
60008375 res/drawable-ldpi-v4/shape_verify_password_fields.xml (OK - compressed)
60008824 res/drawable-ldpi-v4/recording.png (OK)
60009216 res/drawable-ldpi-v4/login_user.png (OK)
60010284 res/drawable-ldpi-v4/exo_icon_stop.png (OK)
60010448 res/drawable-ldpi-v4/speed_icon.png (OK)
60011176 res/drawable-ldpi-v4/main.png (OK)
60029836 res/drawable-ldpi-v4/ic_fullscreen_24dp.png (OK)
60030080 res/drawable-ldpi-v4/exo_icon_rewind.png (OK)
60030352 res/drawable-ldpi-v4/time_format.png (OK)
60031291 res/drawable-ldpi-v4/line_light_gray_small.xml (OK - compressed)
60031624 res/drawable-ldpi-v4/tv_guide_new.png (OK)
60032752 res/drawable-ldpi-v4/exo_controls_repeat_all.png (OK)
60032972 res/drawable-ldpi-v4/live_tv_icon.png (OK)
60034140 res/drawable-ldpi-v4/gear_white_dashboard.png (OK)
60034804 res/drawable-ldpi-v4/exo_controls_fullscreen_exit.png (OK)
60035044 res/drawable-ldpi-v4/manage_user.png (OK)
60036812 res/drawable-ldpi-v4/account_info.png (OK)
60037428 res/drawable-ldpi-v4/record.png (OK)
60037928 res/drawable-ldpi-v4/backspress.png (OK)
60038224 res/drawable-ldpi-v4/exo_edit_mode_logo.png (OK)
60038640 res/drawable-ldpi-v4/multiscreen_icon.png (OK)
60039032 res/drawable-ldpi-v4/logn_new_bg.jpg (OK)
60151076 res/drawable-ldpi-v4/reset_icon.png (OK)
60151849 res/drawable-ldpi-v4/line_services.xml (OK - compressed)
60152196 res/drawable-ldpi-v4/exo_controls_fullscreen_enter.png (OK)
60152432 res/drawable-ldpi-v4/movies_icon.png (OK)
60153684 res/drawable-ldpi-v4/parental.png (OK)
60155064 res/drawable-ldpi-v4/logo_white_long.png (OK)
60166140 res/drawable-ldpi-v4/guide_icon.png (OK)
60166748 res/drawable-ldpi-v4/exo_icon_fastforward.png (OK)
60167004 res/drawable-ldpi-v4/ic_playlistw.png (OK)
60167752 res/drawable-ldpi-v4/ic_youtube_24dp.png (OK)
60168028 res/drawable-ldpi-v4/ic_cart.png (OK)
60168564 res/drawable-ldpi-v4/rocket_logo2.png (OK)
60172280 res/drawable-ldpi-v4/exo_icon_play.png (OK)
60172532 res/drawable-ldpi-v4/delete_user.png (OK)
60174048 res/drawable-ldpi-v4/epg.png (OK)
60175272 res/drawable-ldpi-v4/menu_dots.png (OK)
60175564 res/drawable-ldpi-v4/exo_controls_repeat_one.png (OK)
60175823 res/drawable-ldpi-v4/selector_verify_password_fields.xml (OK - compressed)
60176136 res/drawable-ldpi-v4/gear_white.png (OK)
60177108 res/drawable-ldpi-v4/hplib_ic_settings.png (OK)
60177508 res/drawable-ldpi-v4/catch_up_icon.png (OK)
60178236 res/drawable-ldpi-v4/layout.png (OK)
60178828 res/drawable-ldpi-v4/exo_controls_shuffle.png (OK)
60179100 res/drawable-ldpi-v4/ic_arrow_down_24dp.png (OK)
60179344 res/drawable-ldpi-v4/ic_setting_account_focus.png (OK)
60180100 res/drawable-ldpi-v4/live_with_epg_icon.png (OK)
60180688 res/drawable-ldpi-v4/ic_fullscreen_exit_24dp.png (OK)
60180916 res/drawable-ldpi-v4/logout_user.png (OK)
60181668 res/drawable-ldpi-v4/switch_user.png (OK)
60183172 res/drawable-ldpi-v4/epg_icon.png (OK)
60183760 res/drawable-ldpi-v4/exo_controls_repeat_off.png (OK)
60184016 res/drawable-ldpi-v4/add_more_user.png (OK)
60184868 res/drawable-ldpi-v4/dashboard_background.jpg (OK)
60296916 res/drawable-ldpi-v4/playersettings.png (OK)
60298004 res/drawable-ldpi-v4/series_icon_icon.png (OK)
60299696 res/drawable-ldpi-v4/rokect_image.png (OK)
60307660 res/drawable-ldpi-v4/exo_notification_small_icon.png (OK)
60308244 res/drawable-ldpi-v4/recording_icon.png (OK)
60309104 res/drawable-ldpi-v4/bar.png (OK)
60311380 res/drawable-ldpi-v4/exo_icon_next.png (OK)
60311616 res/drawable-ldpi-v4/streamformat.png (OK)
60312332 res/drawable-ldpi-v4/black_background.jpg (OK)
60424384 res/drawable-ldpi-v4/aspect_ratio_new.png (OK)
60424911 res/interpolator-v21/mr_fast_out_slow_in.xml (OK - compressed)
60425219 res/interpolator-v21/mtrl_fast_out_linear_in.xml (OK - compressed)
60425523 res/interpolator-v21/mtrl_linear_out_slow_in.xml (OK - compressed)
60425826 res/interpolator-v21/mr_linear_out_slow_in.xml (OK - compressed)
60426129 res/interpolator-v21/mtrl_fast_out_slow_in.xml (OK - compressed)
60426436 res/layout-sw600dp-v21/honey_player_testing.xml (OK - compressed)
60430773 res/layout-sw600dp-v21/honey_player_epg.xml (OK - compressed)
60435509 res/layout-sw600dp-v21/activity_multi_setting_new.xml (OK - compressed)
60436766 res/layout-sw600dp-v21/activity_series_all_data_single.xml (OK - compressed)
60439024 res/layout-sw600dp-v21/honey_player_live.xml (OK - compressed)
60443850 res/layout-sw600dp-v21/honey_player_live_tv.xml (OK - compressed)
60448618 res/animator/lb_onboarding_start_button_fade_in.xml (OK - compressed)
60449030 res/animator/lb_onboarding_logo_exit.xml (OK - compressed)
60449397 res/animator/mtrl_fab_transformation_sheet_collapse_spec.xml (OK - compressed)
60449999 res/animator/lb_playback_rows_fade_out.xml (OK - compressed)
60450311 res/animator/lb_playback_description_fade_in.xml (OK - compressed)
60450617 res/animator/lb_playback_rows_fade_in.xml (OK - compressed)
60450944 res/animator/mtrl_chip_state_list_anim.xml (OK - compressed)
60451430 res/animator/lb_onboarding_page_indicator_fade_out.xml (OK - compressed)
60451805 res/animator/lb_guidedstep_slide_down.xml (OK - compressed)
60452166 res/animator/lb_onboarding_page_indicator_enter.xml (OK - compressed)
60452521 res/animator/lb_guidedactions_item_unpressed.xml (OK - compressed)
60452864 res/animator/lb_onboarding_start_button_fade_out.xml (OK - compressed)
60453281 res/animator/design_fab_hide_motion_spec.xml (OK - compressed)
60453703 res/animator/lb_playback_description_fade_out.xml (OK - compressed)
60454044 res/animator/lb_onboarding_page_indicator_fade_in.xml (OK - compressed)
60454417 res/animator/lb_playback_bg_fade_out.xml (OK - compressed)
60454753 res/animator/lb_playback_controls_fade_out.xml (OK - compressed)
60455055 res/animator/lb_guidedstep_slide_up.xml (OK - compressed)
60455406 res/animator/mtrl_btn_state_list_anim.xml (OK - compressed)
60456074 res/animator/lb_playback_controls_fade_in.xml (OK - compressed)
60456381 res/animator/lb_onboarding_title_enter.xml (OK - compressed)
60456807 res/animator/mtrl_btn_unelevated_state_list_anim.xml (OK - compressed)
60456966 res/animator/lb_onboarding_description_enter.xml (OK - compressed)
60457382 res/animator/mtrl_fab_hide_motion_spec.xml (OK - compressed)
60457804 res/animator/design_fab_show_motion_spec.xml (OK - compressed)
60458216 res/animator/mtrl_fab_show_motion_spec.xml (OK - compressed)
60458639 res/animator/lb_onboarding_logo_enter.xml (OK - compressed)
60458984 res/animator/lb_playback_bg_fade_in.xml (OK - compressed)
60459320 res/animator/lb_guidedactions_item_pressed.xml (OK - compressed)
60459672 res/animator/mtrl_fab_transformation_sheet_expand_spec.xml (OK - compressed)
60460264 res/mipmap-xxhdpi-v4/ic_launcher.png (OK)
60484808 res/mipmap-xxhdpi-v4/tv_banner.png (OK)
60536760 res/xml-v21/app_restrictions.xml (OK - compressed)
60537289 res/animator-v21/lb_onboarding_logo_exit.xml (OK - compressed)
60537677 res/animator-v21/lb_onboarding_page_indicator_enter.xml (OK - compressed)
60538063 res/animator-v21/lb_playback_description_fade_out.xml (OK - compressed)
60538395 res/animator-v21/lb_playback_bg_fade_out.xml (OK - compressed)
60538739 res/animator-v21/design_appbar_state_list_animator.xml (OK - compressed)
60539270 res/animator-v21/lb_onboarding_title_enter.xml (OK - compressed)
60539721 res/animator-v21/lb_onboarding_description_enter.xml (OK - compressed)
60540165 res/animator-v21/lb_onboarding_logo_enter.xml (OK - compressed)
60540540 res/animator-v21/lb_playback_bg_fade_in.xml (OK - compressed)
60540856 assets/nopie_openvpn.x86_64 (OK - compressed)
60542820 assets/demo.html (OK - compressed)
60543487 assets/nopie_openvpn.arm64-v8a (OK - compressed)
60545557 assets/pie_openvpn.arm64-v8a (OK - compressed)
60547621 assets/pie_openvpn.x86 (OK - compressed)
60549518 assets/nopie_openvpn.x86 (OK - compressed)
60551408 assets/terms.html (OK - compressed)
60552404 assets/audience_network.dex (OK - compressed)
62134065 assets/pie_openvpn.armeabi-v7a (OK - compressed)
62135908 assets/pie_openvpn.x86_64 (OK - compressed)
62137888 assets/nopie_openvpn.armeabi-v7a (OK - compressed)
62139740 assets/fonts/open_sans_regular.ttf (OK - compressed)
62253781 assets/fonts/open_sans.ttf (OK - compressed)
62370494 javax/annotation/CheckForNull.java (OK - compressed)
62370759 javax/annotation/CheckForSigned.java (OK - compressed)
62371165 javax/annotation/CheckReturnValue.java (OK - compressed)
62371474 javax/annotation/Detainted.java (OK - compressed)
62371737 javax/annotation/MatchesPattern.java (OK - compressed)
62372188 javax/annotation/Nonnegative.java (OK - compressed)
62372710 javax/annotation/Nonnull.java (OK - compressed)
62373086 javax/annotation/Nullable.java (OK - compressed)
62373366 javax/annotation/OverridingMethodsMustInvokeSuper.java (OK - compressed)
62373745 javax/annotation/ParametersAreNonnullByDefault.java (OK - compressed)
62374241 javax/annotation/ParametersAreNullableByDefault.java (OK - compressed)
62374811 javax/annotation/PropertyKey.java (OK - compressed)
62375066 javax/annotation/RegEx.java (OK - compressed)
62375580 javax/annotation/Signed.java (OK - compressed)
62375871 javax/annotation/Syntax.java (OK - compressed)
62376617 javax/annotation/Tainted.java (OK - compressed)
62376873 javax/annotation/Untainted.java (OK - compressed)
62377130 javax/annotation/WillClose.java (OK - compressed)
62377408 javax/annotation/WillCloseWhenClosed.java (OK - compressed)
62377708 javax/annotation/WillNotClose.java (OK - compressed)
62377990 javax/annotation/concurrent/GuardedBy.java (OK - compressed)
62378817 javax/annotation/concurrent/Immutable.java (OK - compressed)
62379549 javax/annotation/concurrent/NotThreadSafe.java (OK - compressed)
62380086 javax/annotation/concurrent/ThreadSafe.java (OK - compressed)
62380539 javax/annotation/meta/Exclusive.java (OK - compressed)
62380947 javax/annotation/meta/Exhaustive.java (OK - compressed)
62381517 javax/annotation/meta/TypeQualifier.java (OK - compressed)
62381992 javax/annotation/meta/TypeQualifierDefault.java (OK - compressed)
62382368 javax/annotation/meta/TypeQualifierNickname.java (OK - compressed)
62382870 javax/annotation/meta/TypeQualifierValidator.java (OK - compressed)
62383261 javax/annotation/meta/When.java (OK - compressed)
62383676 org/achartengine/image/zoom-1.png (OK)
62384880 org/achartengine/image/zoom_in.png (OK)
62386044 org/achartengine/image/zoom_out.png (OK)
62387188 org/joda/time/format/messages.properties (OK - compressed)
62387451 org/joda/time/format/messages_da.properties (OK - compressed)
62387727 org/joda/time/format/messages_de.properties (OK - compressed)
62388008 org/joda/time/format/messages_en.properties (OK)
62388081 org/joda/time/format/messages_es.properties (OK - compressed)
62388359 org/joda/time/format/messages_fr.properties (OK - compressed)
62388634 org/joda/time/format/messages_ja.properties (OK - compressed)
62388902 org/joda/time/format/messages_nl.properties (OK - compressed)
62389173 org/joda/time/format/messages_pl.properties (OK - compressed)
62389577 org/joda/time/format/messages_pt.properties (OK - compressed)
62389837 org/joda/time/tz/data/CET (OK - compressed)
62390205 org/joda/time/tz/data/CST6CDT (OK - compressed)
62390704 org/joda/time/tz/data/EET (OK - compressed)
62390996 org/joda/time/tz/data/EST (OK)
62391063 org/joda/time/tz/data/EST5EDT (OK - compressed)
62391564 org/joda/time/tz/data/HST (OK)
62391627 org/joda/time/tz/data/MET (OK - compressed)
62391992 org/joda/time/tz/data/MST (OK)
62392059 org/joda/time/tz/data/MST7MDT (OK - compressed)
62392561 org/joda/time/tz/data/PST8PDT (OK - compressed)
62393060 org/joda/time/tz/data/WET (OK - compressed)
62393355 org/joda/time/tz/data/ZoneInfoMap (OK - compressed)
62398794 org/joda/time/tz/data/Africa/Abidjan (OK - compressed)
62398914 org/joda/time/tz/data/Africa/Accra (OK - compressed)
62399256 org/joda/time/tz/data/Africa/Algiers (OK - compressed)
62399563 org/joda/time/tz/data/Africa/Bissau (OK - compressed)
62399694 org/joda/time/tz/data/Africa/Cairo (OK - compressed)
62400476 org/joda/time/tz/data/Africa/Casablanca (OK - compressed)
62401065 org/joda/time/tz/data/Africa/Ceuta (OK - compressed)
62401426 org/joda/time/tz/data/Africa/El_Aaiun (OK - compressed)
62401973 org/joda/time/tz/data/Africa/Johannesburg (OK - compressed)
62402135 org/joda/time/tz/data/Africa/Khartoum (OK - compressed)
62402410 org/joda/time/tz/data/Africa/Lagos (OK - compressed)
62402530 org/joda/time/tz/data/Africa/Maputo (OK - compressed)
62402652 org/joda/time/tz/data/Africa/Monrovia (OK - compressed)
62402798 org/joda/time/tz/data/Africa/Nairobi (OK - compressed)
62402954 org/joda/time/tz/data/Africa/Ndjamena (OK - compressed)
62403094 org/joda/time/tz/data/Africa/Tripoli (OK - compressed)
62403376 org/joda/time/tz/data/Africa/Tunis (OK - compressed)
62403678 org/joda/time/tz/data/Africa/Windhoek (OK - compressed)
62403873 org/joda/time/tz/data/America/Adak (OK - compressed)
62404430 org/joda/time/tz/data/America/Anchorage (OK - compressed)
62404990 org/joda/time/tz/data/America/Antigua (OK - compressed)
62405125 org/joda/time/tz/data/America/Araguaina (OK - compressed)
62405501 org/joda/time/tz/data/America/Asuncion (OK - compressed)
62406009 org/joda/time/tz/data/America/Atikokan (OK - compressed)
62406183 org/joda/time/tz/data/America/Bahia (OK - compressed)
62406607 org/joda/time/tz/data/America/Bahia_Banderas (OK - compressed)
62406950 org/joda/time/tz/data/America/Barbados (OK - compressed)
62407125 org/joda/time/tz/data/America/Belem (OK - compressed)
62407393 org/joda/time/tz/data/America/Belize (OK - compressed)
62407777 org/joda/time/tz/data/America/Blanc-Sablon (OK - compressed)
62407944 org/joda/time/tz/data/America/Boa_Vista (OK - compressed)
62408232 org/joda/time/tz/data/America/Bogota (OK - compressed)
62408384 org/joda/time/tz/data/America/Boise (OK - compressed)
62408939 org/joda/time/tz/data/America/Cambridge_Bay (OK - compressed)
62409399 org/joda/time/tz/data/America/Campo_Grande (OK - compressed)
62410095 org/joda/time/tz/data/America/Cancun (OK - compressed)
62410330 org/joda/time/tz/data/America/Caracas (OK - compressed)
62410479 org/joda/time/tz/data/America/Cayenne (OK - compressed)
62410609 org/joda/time/tz/data/America/Cayman (OK - compressed)
62410747 org/joda/time/tz/data/America/Chicago (OK - compressed)
62411584 org/joda/time/tz/data/America/Chihuahua (OK - compressed)
62411838 org/joda/time/tz/data/America/Costa_Rica (OK - compressed)
62412022 org/joda/time/tz/data/America/Creston (OK - compressed)
62412160 org/joda/time/tz/data/America/Cuiaba (OK - compressed)
62412848 org/joda/time/tz/data/America/Curacao (OK - compressed)
62412987 org/joda/time/tz/data/America/Danmarkshavn (OK - compressed)
62413266 org/joda/time/tz/data/America/Dawson (OK - compressed)
62413739 org/joda/time/tz/data/America/Dawson_Creek (OK - compressed)
62414138 org/joda/time/tz/data/America/Denver (OK - compressed)
62414702 org/joda/time/tz/data/America/Detroit (OK - compressed)
62415198 org/joda/time/tz/data/America/Edmonton (OK - compressed)
62415757 org/joda/time/tz/data/America/Eirunepe (OK - compressed)
62416052 org/joda/time/tz/data/America/El_Salvador (OK - compressed)
62416204 org/joda/time/tz/data/America/Fortaleza (OK - compressed)
62416524 org/joda/time/tz/data/America/Glace_Bay (OK - compressed)
62417018 org/joda/time/tz/data/America/Godthab (OK - compressed)
62417318 org/joda/time/tz/data/America/Goose_Bay (OK - compressed)
62418122 org/joda/time/tz/data/America/Grand_Turk (OK - compressed)
62418588 org/joda/time/tz/data/America/Guatemala (OK - compressed)
62418761 org/joda/time/tz/data/America/Guayaquil (OK - compressed)
62418897 org/joda/time/tz/data/America/Guyana (OK - compressed)
62419052 org/joda/time/tz/data/America/Halifax (OK - compressed)
62419874 org/joda/time/tz/data/America/Havana (OK - compressed)
62420494 org/joda/time/tz/data/America/Hermosillo (OK - compressed)
62420699 org/joda/time/tz/data/America/Inuvik (OK - compressed)
62421114 org/joda/time/tz/data/America/Iqaluit (OK - compressed)
62421555 org/joda/time/tz/data/America/Jamaica (OK - compressed)
62421784 org/joda/time/tz/data/America/Juneau (OK - compressed)
62422335 org/joda/time/tz/data/America/La_Paz (OK - compressed)
62422483 org/joda/time/tz/data/America/Lima (OK - compressed)
62422700 org/joda/time/tz/data/America/Los_Angeles (OK - compressed)
62423356 org/joda/time/tz/data/America/Maceio (OK - compressed)
62423685 org/joda/time/tz/data/America/Managua (OK - compressed)
62423901 org/joda/time/tz/data/America/Manaus (OK - compressed)
62424181 org/joda/time/tz/data/America/Martinique (OK - compressed)
62424336 org/joda/time/tz/data/America/Matamoros (OK - compressed)
62424628 org/joda/time/tz/data/America/Mazatlan (OK - compressed)
62424891 org/joda/time/tz/data/America/Menominee (OK - compressed)
62425406 org/joda/time/tz/data/America/Merida (OK - compressed)
62425634 org/joda/time/tz/data/America/Metlakatla (OK - compressed)
62425938 org/joda/time/tz/data/America/Mexico_City (OK - compressed)
62426227 org/joda/time/tz/data/America/Miquelon (OK - compressed)
62426576 org/joda/time/tz/data/America/Moncton (OK - compressed)
62427318 org/joda/time/tz/data/America/Monterrey (OK - compressed)
62427544 org/joda/time/tz/data/America/Montevideo (OK - compressed)
62428039 org/joda/time/tz/data/America/Montreal (OK - compressed)
62428862 org/joda/time/tz/data/America/Nassau (OK - compressed)
62429367 org/joda/time/tz/data/America/New_York (OK - compressed)
62430192 org/joda/time/tz/data/America/Nipigon (OK - compressed)
62430668 org/joda/time/tz/data/America/Nome (OK - compressed)
62431228 org/joda/time/tz/data/America/Noronha (OK - compressed)
62431548 org/joda/time/tz/data/America/Ojinaga (OK - compressed)
62431868 org/joda/time/tz/data/America/Panama (OK - compressed)
62432009 org/joda/time/tz/data/America/Pangnirtung (OK - compressed)
62432470 org/joda/time/tz/data/America/Paramaribo (OK - compressed)
62432637 org/joda/time/tz/data/America/Phoenix (OK - compressed)
62432828 org/joda/time/tz/data/America/Port-au-Prince (OK - compressed)
62433161 org/joda/time/tz/data/America/Port_of_Spain (OK - compressed)
62433289 org/joda/time/tz/data/America/Porto_Velho (OK - compressed)
62433561 org/joda/time/tz/data/America/Puerto_Rico (OK - compressed)
62433715 org/joda/time/tz/data/America/Rainy_River (OK - compressed)
62434197 org/joda/time/tz/data/America/Rankin_Inlet (OK - compressed)
62434606 org/joda/time/tz/data/America/Recife (OK - compressed)
62434925 org/joda/time/tz/data/America/Regina (OK - compressed)
62435308 org/joda/time/tz/data/America/Resolute (OK - compressed)
62435729 org/joda/time/tz/data/America/Rio_Branco (OK - compressed)
62436015 org/joda/time/tz/data/America/Santa_Isabel (OK - compressed)
62436519 org/joda/time/tz/data/America/Santarem (OK - compressed)
62436799 org/joda/time/tz/data/America/Santiago (OK - compressed)
62437445 org/joda/time/tz/data/America/Santo_Domingo (OK - compressed)
62437677 org/joda/time/tz/data/America/Sao_Paulo (OK - compressed)
62438379 org/joda/time/tz/data/America/Scoresbysund (OK - compressed)
62438686 org/joda/time/tz/data/America/Sitka (OK - compressed)
62439234 org/joda/time/tz/data/America/St_Johns (OK - compressed)
62440216 org/joda/time/tz/data/America/Swift_Current (OK - compressed)
62440467 org/joda/time/tz/data/America/Tegucigalpa (OK - compressed)
62440626 org/joda/time/tz/data/America/Thule (OK - compressed)
62440933 org/joda/time/tz/data/America/Thunder_Bay (OK - compressed)
62441422 org/joda/time/tz/data/America/Tijuana (OK - compressed)
62441990 org/joda/time/tz/data/America/Toronto (OK - compressed)
62442819 org/joda/time/tz/data/America/Vancouver (OK - compressed)
62443492 org/joda/time/tz/data/America/Whitehorse (OK - compressed)
62443958 org/joda/time/tz/data/America/Winnipeg (OK - compressed)
62444624 org/joda/time/tz/data/America/Yakutat (OK - compressed)
62445166 org/joda/time/tz/data/America/Yellowknife (OK - compressed)
62445611 org/joda/time/tz/data/America/Argentina/Buenos_Aires (OK - compressed)
62446060 org/joda/time/tz/data/America/Argentina/Catamarca (OK - compressed)
62446512 org/joda/time/tz/data/America/Argentina/Cordoba (OK - compressed)
62446958 org/joda/time/tz/data/America/Argentina/Jujuy (OK - compressed)
62447409 org/joda/time/tz/data/America/Argentina/La_Rioja (OK - compressed)
62447867 org/joda/time/tz/data/America/Argentina/Mendoza (OK - compressed)
62448332 org/joda/time/tz/data/America/Argentina/Rio_Gallegos (OK - compressed)
62448779 org/joda/time/tz/data/America/Argentina/Salta (OK - compressed)
62449221 org/joda/time/tz/data/America/Argentina/San_Juan (OK - compressed)
62449679 org/joda/time/tz/data/America/Argentina/San_Luis (OK - compressed)
62450144 org/joda/time/tz/data/America/Argentina/Tucuman (OK - compressed)
62450605 org/joda/time/tz/data/America/Argentina/Ushuaia (OK - compressed)
62451057 org/joda/time/tz/data/America/Indiana/Indianapolis (OK - compressed)
62451405 org/joda/time/tz/data/America/Indiana/Knox (OK - compressed)
62451978 org/joda/time/tz/data/America/Indiana/Marengo (OK - compressed)
62452357 org/joda/time/tz/data/America/Indiana/Petersburg (OK - compressed)
62452801 org/joda/time/tz/data/America/Indiana/Tell_City (OK - compressed)
62453166 org/joda/time/tz/data/America/Indiana/Vevay (OK - compressed)
62453443 org/joda/time/tz/data/America/Indiana/Vincennes (OK - compressed)
62453820 org/joda/time/tz/data/America/Indiana/Winamac (OK - compressed)
62454215 org/joda/time/tz/data/America/Kentucky/Louisville (OK - compressed)
62454876 org/joda/time/tz/data/America/Kentucky/Monticello (OK - compressed)
62455420 org/joda/time/tz/data/America/North_Dakota/Beulah (OK - compressed)
62456009 org/joda/time/tz/data/America/North_Dakota/Center (OK - compressed)
62456574 org/joda/time/tz/data/America/North_Dakota/New_Salem (OK - compressed)
62457111 org/joda/time/tz/data/Antarctica/Casey (OK - compressed)
62457256 org/joda/time/tz/data/Antarctica/Davis (OK - compressed)
62457415 org/joda/time/tz/data/Antarctica/DumontDUrville (OK - compressed)
62457552 org/joda/time/tz/data/Antarctica/Macquarie (OK - compressed)
62458069 org/joda/time/tz/data/Antarctica/Mawson (OK - compressed)
62458194 org/joda/time/tz/data/Antarctica/Palmer (OK - compressed)
62458680 org/joda/time/tz/data/Antarctica/Rothera (OK - compressed)
62458796 org/joda/time/tz/data/Antarctica/Syowa (OK - compressed)
62458913 org/joda/time/tz/data/Antarctica/Troll (OK - compressed)
62459065 org/joda/time/tz/data/Antarctica/Vostok (OK - compressed)
62459175 org/joda/time/tz/data/Asia/Aden (OK - compressed)
62459293 org/joda/time/tz/data/Asia/Almaty (OK - compressed)
62459633 org/joda/time/tz/data/Asia/Amman (OK - compressed)
62460096 org/joda/time/tz/data/Asia/Anadyr (OK - compressed)
62460526 org/joda/time/tz/data/Asia/Aqtau (OK - compressed)
62460911 org/joda/time/tz/data/Asia/Aqtobe (OK - compressed)
62461277 org/joda/time/tz/data/Asia/Ashgabat (OK - compressed)
62461533 org/joda/time/tz/data/Asia/Baghdad (OK - compressed)
62461911 org/joda/time/tz/data/Asia/Bahrain (OK - compressed)
62462036 org/joda/time/tz/data/Asia/Baku (OK - compressed)
62462344 org/joda/time/tz/data/Asia/Bangkok (OK - compressed)
62462472 org/joda/time/tz/data/Asia/Beirut (OK - compressed)
62462910 org/joda/time/tz/data/Asia/Bishkek (OK - compressed)
62463290 org/joda/time/tz/data/Asia/Brunei (OK - compressed)
62463414 org/joda/time/tz/data/Asia/Chita (OK - compressed)
62463852 org/joda/time/tz/data/Asia/Choibalsan (OK - compressed)
62464195 org/joda/time/tz/data/Asia/Colombo (OK - compressed)
62464375 org/joda/time/tz/data/Asia/Damascus (OK - compressed)
62464952 org/joda/time/tz/data/Asia/Dhaka (OK - compressed)
62465145 org/joda/time/tz/data/Asia/Dili (OK - compressed)
62465299 org/joda/time/tz/data/Asia/Dubai (OK - compressed)
62465419 org/joda/time/tz/data/Asia/Dushanbe (OK - compressed)
62465658 org/joda/time/tz/data/Asia/Gaza (OK - compressed)
62466247 org/joda/time/tz/data/Asia/Hebron (OK - compressed)
62466849 org/joda/time/tz/data/Asia/Ho_Chi_Minh (OK - compressed)
62467032 org/joda/time/tz/data/Asia/Hong_Kong (OK - compressed)
62467459 org/joda/time/tz/data/Asia/Hovd (OK - compressed)
62467789 org/joda/time/tz/data/Asia/Irkutsk (OK - compressed)
62468231 org/joda/time/tz/data/Asia/Jakarta (OK - compressed)
62468413 org/joda/time/tz/data/Asia/Jayapura (OK - compressed)
62468552 org/joda/time/tz/data/Asia/Jerusalem (OK - compressed)
62469144 org/joda/time/tz/data/Asia/Kabul (OK - compressed)
62469272 org/joda/time/tz/data/Asia/Kamchatka (OK - compressed)
62469699 org/joda/time/tz/data/Asia/Karachi (OK - compressed)
62469891 org/joda/time/tz/data/Asia/Kathmandu (OK - compressed)
62470025 org/joda/time/tz/data/Asia/Khandyga (OK - compressed)
62470480 org/joda/time/tz/data/Asia/Kolkata (OK - compressed)
62470640 org/joda/time/tz/data/Asia/Krasnoyarsk (OK - compressed)
62471074 org/joda/time/tz/data/Asia/Kuala_Lumpur (OK - compressed)
62471267 org/joda/time/tz/data/Asia/Kuching (OK - compressed)
62471502 org/joda/time/tz/data/Asia/Kuwait (OK - compressed)
62471619 org/joda/time/tz/data/Asia/Macau (OK - compressed)
62471944 org/joda/time/tz/data/Asia/Magadan (OK - compressed)
62472375 org/joda/time/tz/data/Asia/Makassar (OK - compressed)
62472523 org/joda/time/tz/data/Asia/Manila (OK - compressed)
62472708 org/joda/time/tz/data/Asia/Muscat (OK - compressed)
62472827 org/joda/time/tz/data/Asia/Nicosia (OK - compressed)
62473190 org/joda/time/tz/data/Asia/Novokuznetsk (OK - compressed)
62473637 org/joda/time/tz/data/Asia/Novosibirsk (OK - compressed)
62474066 org/joda/time/tz/data/Asia/Omsk (OK - compressed)
62474493 org/joda/time/tz/data/Asia/Oral (OK - compressed)
62474871 org/joda/time/tz/data/Asia/Pontianak (OK - compressed)
62475051 org/joda/time/tz/data/Asia/Pyongyang (OK - compressed)
62475195 org/joda/time/tz/data/Asia/Qatar (OK - compressed)
62475325 org/joda/time/tz/data/Asia/Qyzylorda (OK - compressed)
62475700 org/joda/time/tz/data/Asia/Rangoon (OK - compressed)
62475850 org/joda/time/tz/data/Asia/Riyadh (OK - compressed)
62475970 org/joda/time/tz/data/Asia/Sakhalin (OK - compressed)
62476416 org/joda/time/tz/data/Asia/Samarkand (OK - compressed)
62476672 org/joda/time/tz/data/Asia/Seoul (OK - compressed)
62476916 org/joda/time/tz/data/Asia/Shanghai (OK - compressed)
62477122 org/joda/time/tz/data/Asia/Singapore (OK - compressed)
62477323 org/joda/time/tz/data/Asia/Srednekolymsk (OK - compressed)
62477757 org/joda/time/tz/data/Asia/Taipei (OK - compressed)
62478079 org/joda/time/tz/data/Asia/Tashkent (OK - compressed)
62478334 org/joda/time/tz/data/Asia/Tbilisi (OK - compressed)
62478730 org/joda/time/tz/data/Asia/Tehran (OK - compressed)
62479290 org/joda/time/tz/data/Asia/Thimphu (OK - compressed)
62479418 org/joda/time/tz/data/Asia/Tokyo (OK - compressed)
62479599 org/joda/time/tz/data/Asia/Ulaanbaatar (OK - compressed)
62479927 org/joda/time/tz/data/Asia/Urumqi (OK - compressed)
62480047 org/joda/time/tz/data/Asia/Ust-Nera (OK - compressed)
62480499 org/joda/time/tz/data/Asia/Vladivostok (OK - compressed)
62480927 org/joda/time/tz/data/Asia/Yakutsk (OK - compressed)
62481363 org/joda/time/tz/data/Asia/Yekaterinburg (OK - compressed)
62481816 org/joda/time/tz/data/Asia/Yerevan (OK - compressed)
62482243 org/joda/time/tz/data/Atlantic/Azores (OK - compressed)
62482986 org/joda/time/tz/data/Atlantic/Bermuda (OK - compressed)
62483424 org/joda/time/tz/data/Atlantic/Canary (OK - compressed)
62483738 org/joda/time/tz/data/Atlantic/Cape_Verde (OK - compressed)
62483885 org/joda/time/tz/data/Atlantic/Faroe (OK - compressed)
62484174 org/joda/time/tz/data/Atlantic/Madeira (OK - compressed)
62484911 org/joda/time/tz/data/Atlantic/Reykjavik (OK - compressed)
62485342 org/joda/time/tz/data/Atlantic/South_Georgia (OK - compressed)
62485467 org/joda/time/tz/data/Atlantic/Stanley (OK - compressed)
62485926 org/joda/time/tz/data/Australia/Adelaide (OK - compressed)
62486439 org/joda/time/tz/data/Australia/Brisbane (OK - compressed)
62486652 org/joda/time/tz/data/Australia/Broken_Hill (OK - compressed)
62487172 org/joda/time/tz/data/Australia/Currie (OK - compressed)
62487670 org/joda/time/tz/data/Australia/Darwin (OK - compressed)
62487846 org/joda/time/tz/data/Australia/Eucla (OK - compressed)
62488080 org/joda/time/tz/data/Australia/Hobart (OK - compressed)
62488614 org/joda/time/tz/data/Australia/Lindeman (OK - compressed)
62488844 org/joda/time/tz/data/Australia/Lord_Howe (OK - compressed)
62489251 org/joda/time/tz/data/Australia/Melbourne (OK - compressed)
62489753 org/joda/time/tz/data/Australia/Perth (OK - compressed)
62489977 org/joda/time/tz/data/Australia/Sydney (OK - compressed)
62490472 org/joda/time/tz/data/Etc/GMT (OK)
62490544 org/joda/time/tz/data/Etc/GMT+1 (OK)
62490616 org/joda/time/tz/data/Etc/GMT+10 (OK)
62490692 org/joda/time/tz/data/Etc/GMT+11 (OK)
62490768 org/joda/time/tz/data/Etc/GMT+12 (OK)
62490840 org/joda/time/tz/data/Etc/GMT+2 (OK)
62490912 org/joda/time/tz/data/Etc/GMT+3 (OK)
62490984 org/joda/time/tz/data/Etc/GMT+4 (OK)
62491056 org/joda/time/tz/data/Etc/GMT+5 (OK)
62491128 org/joda/time/tz/data/Etc/GMT+6 (OK)
62491200 org/joda/time/tz/data/Etc/GMT+7 (OK)
62491272 org/joda/time/tz/data/Etc/GMT+8 (OK)
62491344 org/joda/time/tz/data/Etc/GMT+9 (OK)
62491416 org/joda/time/tz/data/Etc/GMT-1 (OK)
62491488 org/joda/time/tz/data/Etc/GMT-10 (OK)
62491564 org/joda/time/tz/data/Etc/GMT-11 (OK)
62491640 org/joda/time/tz/data/Etc/GMT-12 (OK)
62491716 org/joda/time/tz/data/Etc/GMT-13 (OK)
62491792 org/joda/time/tz/data/Etc/GMT-14 (OK)
62491864 org/joda/time/tz/data/Etc/GMT-2 (OK)
62491936 org/joda/time/tz/data/Etc/GMT-3 (OK)
62492008 org/joda/time/tz/data/Etc/GMT-4 (OK)
62492080 org/joda/time/tz/data/Etc/GMT-5 (OK)
62492152 org/joda/time/tz/data/Etc/GMT-6 (OK)
62492224 org/joda/time/tz/data/Etc/GMT-7 (OK)
62492296 org/joda/time/tz/data/Etc/GMT-8 (OK)
62492368 org/joda/time/tz/data/Etc/GMT-9 (OK)
62492440 org/joda/time/tz/data/Etc/UCT (OK)
62492508 org/joda/time/tz/data/Etc/UTC (OK)
62492584 org/joda/time/tz/data/Europe/Amsterdam (OK - compressed)
62493228 org/joda/time/tz/data/Europe/Andorra (OK - compressed)
62493488 org/joda/time/tz/data/Europe/Athens (OK - compressed)
62493903 org/joda/time/tz/data/Europe/Belgrade (OK - compressed)
62494208 org/joda/time/tz/data/Europe/Berlin (OK - compressed)
62494632 org/joda/time/tz/data/Europe/Brussels (OK - compressed)
62495240 org/joda/time/tz/data/Europe/Bucharest (OK - compressed)
62495646 org/joda/time/tz/data/Europe/Budapest (OK - compressed)
62496097 org/joda/time/tz/data/Europe/Chisinau (OK - compressed)
62496557 org/joda/time/tz/data/Europe/Copenhagen (OK - compressed)
62496940 org/joda/time/tz/data/Europe/Dublin (OK - compressed)
62497695 org/joda/time/tz/data/Europe/Gibraltar (OK - compressed)
62498346 org/joda/time/tz/data/Europe/Helsinki (OK - compressed)
62498658 org/joda/time/tz/data/Europe/Istanbul (OK - compressed)
62499366 org/joda/time/tz/data/Europe/Kaliningrad (OK - compressed)
62499874 org/joda/time/tz/data/Europe/Kiev (OK - compressed)
62500225 org/joda/time/tz/data/Europe/Lisbon (OK - compressed)
62500964 org/joda/time/tz/data/Europe/London (OK - compressed)
62501762 org/joda/time/tz/data/Europe/Luxembourg (OK - compressed)
62502353 org/joda/time/tz/data/Europe/Madrid (OK - compressed)
62502865 org/joda/time/tz/data/Europe/Malta (OK - compressed)
62503395 org/joda/time/tz/data/Europe/Minsk (OK - compressed)
62503866 org/joda/time/tz/data/Europe/Monaco (OK - compressed)
62504466 org/joda/time/tz/data/Europe/Moscow (OK - compressed)
62505004 org/joda/time/tz/data/Europe/Oslo (OK - compressed)
62505402 org/joda/time/tz/data/Europe/Paris (OK - compressed)
62505998 org/joda/time/tz/data/Europe/Prague (OK - compressed)
62506415 org/joda/time/tz/data/Europe/Riga (OK - compressed)
62506846 org/joda/time/tz/data/Europe/Rome (OK - compressed)
62507391 org/joda/time/tz/data/Europe/Samara (OK - compressed)
62507854 org/joda/time/tz/data/Europe/Simferopol (OK - compressed)
62508348 org/joda/time/tz/data/Europe/Sofia (OK - compressed)
62508721 org/joda/time/tz/data/Europe/Stockholm (OK - compressed)
62509041 org/joda/time/tz/data/Europe/Tallinn (OK - compressed)
62509462 org/joda/time/tz/data/Europe/Tirane (OK - compressed)
62509835 org/joda/time/tz/data/Europe/Uzhgorod (OK - compressed)
62510176 org/joda/time/tz/data/Europe/Vienna (OK - compressed)
62510574 org/joda/time/tz/data/Europe/Vilnius (OK - compressed)
62511007 org/joda/time/tz/data/Europe/Volgograd (OK - compressed)
62511459 org/joda/time/tz/data/Europe/Warsaw (OK - compressed)
62511986 org/joda/time/tz/data/Europe/Zaporozhye (OK - compressed)
62512344 org/joda/time/tz/data/Europe/Zurich (OK - compressed)
62512664 org/joda/time/tz/data/Indian/Chagos (OK - compressed)
62512794 org/joda/time/tz/data/Indian/Christmas (OK - compressed)
62512913 org/joda/time/tz/data/Indian/Cocos (OK - compressed)
62513036 org/joda/time/tz/data/Indian/Kerguelen (OK - compressed)
62513146 org/joda/time/tz/data/Indian/Mahe (OK - compressed)
62513268 org/joda/time/tz/data/Indian/Maldives (OK - compressed)
62513399 org/joda/time/tz/data/Indian/Mauritius (OK - compressed)
62513550 org/joda/time/tz/data/Indian/Reunion (OK - compressed)
62513668 org/joda/time/tz/data/Pacific/Apia (OK - compressed)
62513876 org/joda/time/tz/data/Pacific/Auckland (OK - compressed)
62514436 org/joda/time/tz/data/Pacific/Bougainville (OK - compressed)
62514601 org/joda/time/tz/data/Pacific/Chatham (OK - compressed)
62515078 org/joda/time/tz/data/Pacific/Chuuk (OK - compressed)
62515200 org/joda/time/tz/data/Pacific/Easter (OK - compressed)
62515773 org/joda/time/tz/data/Pacific/Efate (OK - compressed)
62515994 org/joda/time/tz/data/Pacific/Enderbury (OK - compressed)
62516133 org/joda/time/tz/data/Pacific/Fakaofo (OK - compressed)
62516261 org/joda/time/tz/data/Pacific/Fiji (OK - compressed)
62516490 org/joda/time/tz/data/Pacific/Funafuti (OK - compressed)
62516614 org/joda/time/tz/data/Pacific/Galapagos (OK - compressed)
62516750 org/joda/time/tz/data/Pacific/Gambier (OK - compressed)
62516877 org/joda/time/tz/data/Pacific/Guadalcanal (OK - compressed)
62516996 org/joda/time/tz/data/Pacific/Guam (OK - compressed)
62517140 org/joda/time/tz/data/Pacific/Honolulu (OK - compressed)
62517301 org/joda/time/tz/data/Pacific/Kiritimati (OK - compressed)
62517441 org/joda/time/tz/data/Pacific/Kosrae (OK - compressed)
62517579 org/joda/time/tz/data/Pacific/Kwajalein (OK - compressed)
62517721 org/joda/time/tz/data/Pacific/Majuro (OK - compressed)
62517852 org/joda/time/tz/data/Pacific/Marquesas (OK - compressed)
62517973 org/joda/time/tz/data/Pacific/Midway (OK - compressed)
62518128 org/joda/time/tz/data/Pacific/Nauru (OK - compressed)
62518271 org/joda/time/tz/data/Pacific/Niue (OK - compressed)
62518412 org/joda/time/tz/data/Pacific/Norfolk (OK - compressed)
62518545 org/joda/time/tz/data/Pacific/Noumea (OK - compressed)
62518708 org/joda/time/tz/data/Pacific/Pago_Pago (OK - compressed)
62518861 org/joda/time/tz/data/Pacific/Palau (OK - compressed)
62518984 org/joda/time/tz/data/Pacific/Pitcairn (OK - compressed)
62519117 org/joda/time/tz/data/Pacific/Pohnpei (OK - compressed)
62519245 org/joda/time/tz/data/Pacific/Port_Moresby (OK - compressed)
62519385 org/joda/time/tz/data/Pacific/Rarotonga (OK - compressed)
62519637 org/joda/time/tz/data/Pacific/Saipan (OK - compressed)
62519787 org/joda/time/tz/data/Pacific/Tahiti (OK - compressed)
62519911 org/joda/time/tz/data/Pacific/Tarawa (OK - compressed)
62520036 org/joda/time/tz/data/Pacific/Tongatapu (OK - compressed)
62520205 org/joda/time/tz/data/Pacific/Wake (OK - compressed)
62520327 org/joda/time/tz/data/Pacific/Wallis (OK - compressed)
62520452 org/jsoup/nodes/entities-base.properties (OK - compressed)
62521090 org/jsoup/nodes/entities-full.properties (OK - compressed)
Verification successful
[5/5] apksigner v1 + v2 + v3
Verifies
Verified using v1 scheme (JAR signing): true
Verified using v2 scheme (APK Signature Scheme v2): true
Verified using v3 scheme (APK Signature Scheme v3): true
Verified using v3.1 scheme (APK Signature Scheme v3.1): false
Verified using v3.2 scheme (APK Signature Scheme v3.2): false
Verified using v4 scheme (APK Signature Scheme v4): false
Verified for SourceStamp: false
Number of signers: 1
cp: 'apk-patched/makrotv-patched.apk' and 'apk-patched/makrotv-patched.apk' are the same file
